time,open,high,low,close,volume,symbol,ema_close_26,ema_close_12,macd,macd_signal,macd_hist,hist_peak_strict,hist_trough_strict,hist_peak_local,hist_trough_local,div_bullish,div_bearish,div_bullish_t1,div_bearish_p1
2010-01-04,1.47,1.49,1.47,1.49,603120,HPG,1.49,1.49,0.0,0.0,0.0,False,False,False,False,False,False,,
2010-01-05,1.56,1.56,1.49,1.56,1203080,HPG,1.4951851851851852,1.5007692307692306,0.005584045584045461,0.0011168091168090922,0.004467236467236369,False,False,False,False,False,False,,
2010-01-06,1.55,1.61,1.54,1.61,1771660,HPG,1.5036899862825788,1.5175739644970412,0.013883978214462411,0.0036702429363397564,0.010213735278122655,False,False,False,False,False,False,,
2010-01-07,1.64,1.68,1.61,1.66,1535800,HPG,1.5152685058172026,1.539485662266727,0.02421715644952438,0.007779625638976682,0.016437530810547697,False,False,True,False,False,False,,
2010-01-08,1.7,1.7,1.59,1.59,909010,HPG,1.5208041720529655,1.5472570988410768,0.026452926788111286,0.011514285868803605,0.014938640919307682,False,False,False,False,False,False,,
2010-01-11,1.59,1.61,1.55,1.56,732580,HPG,1.523707566715709,1.5492175451732189,0.025509978457509908,0.014313424386544865,0.011196554070965042,False,False,False,False,False,False,,
2010-01-12,1.54,1.57,1.5,1.5,885660,HPG,1.5219514506626934,1.5416456151465698,0.019694164483876397,0.015389572406011173,0.004304592077865224,False,False,False,False,False,False,,
2010-01-13,1.5,1.54,1.44,1.54,958420,HPG,1.5232883802432347,1.5413924435855593,0.018104063342324617,0.015932470593273865,0.002171592749050752,False,False,False,False,False,False,,
2010-01-14,1.56,1.56,1.51,1.51,402680,HPG,1.5223040557807728,1.5365628368800885,0.014258781099315776,0.015597732694482249,-0.001338951595166473,False,False,False,False,False,False,,
2010-01-15,1.51,1.54,1.49,1.49,437400,HPG,1.5199111627599748,1.5293993235139212,0.009488160753946318,0.014375818306375063,-0.004887657552428745,False,False,False,False,False,False,,
2010-01-18,1.48,1.48,1.44,1.44,497510,HPG,1.513991817370347,1.5156455814348562,0.0016537640645091223,0.011831407458001875,-0.010177643393492752,False,False,False,False,False,False,,
2010-01-19,1.45,1.5,1.45,1.48,479060,HPG,1.5114739049725434,1.5101616458294935,-0.0013122591430498876,0.009202674137791522,-0.01051493328084141,False,False,False,False,False,False,,
2010-01-20,1.5,1.5,1.47,1.47,474300,HPG,1.5084017638634661,1.5039829310864945,-0.004418832776971637,0.006478372754838891,-0.010897205531810528,False,False,False,False,False,False,,
2010-01-21,1.44,1.48,1.43,1.43,425450,HPG,1.5025942257995057,1.4926009416885722,-0.009993284110933587,0.0031840413816843958,-0.013177325492617983,False,False,False,False,False,False,,
2010-01-22,1.42,1.44,1.4,1.43,586550,HPG,1.497216875740283,1.4829700275826379,-0.014246848157645209,-0.00030213652618152516,-0.013944711631463684,False,True,False,True,False,False,,
2010-01-25,1.42,1.45,1.42,1.45,199710,HPG,1.493719329389151,1.4778977156468476,-0.01582161374230351,-0.003406031969405922,-0.012415581772897586,False,False,False,False,False,False,,
2010-01-26,1.49,1.51,1.49,1.51,536240,HPG,1.4949253049899547,1.4828365286242557,-0.012088776365698939,-0.005142580848664526,-0.006946195517034413,False,False,False,False,False,False,,
2010-01-27,1.51,1.53,1.47,1.47,271340,HPG,1.49307898610181,1.480861678066678,-0.01221730803513199,-0.006557526285958019,-0.005659781749173972,False,False,False,False,False,False,,
2010-01-28,1.45,1.48,1.44,1.44,245300,HPG,1.4891472093535276,1.4745752660564198,-0.01457194329710787,-0.00816040968818799,-0.00641153360891988,False,False,False,True,False,False,,
2010-01-29,1.48,1.49,1.44,1.47,393890,HPG,1.4877288975495626,1.4738713789708167,-0.013857518578745953,-0.009299831466299584,-0.004557687112446369,False,False,False,False,False,False,,
2010-02-01,1.49,1.53,1.49,1.53,484240,HPG,1.490860090323669,1.482506551436845,-0.008353538886824108,-0.009110572950404489,0.0007570340635803807,False,False,False,False,False,False,,
2010-02-02,1.57,1.57,1.53,1.56,1018050,HPG,1.4959815651145085,1.494428620446561,-0.0015529446679474201,-0.007599047293913076,0.006046102625965655,False,False,False,False,False,False,,
2010-02-03,1.57,1.57,1.55,1.57,864930,HPG,1.5014644121430636,1.5060549865317054,0.004590574388641855,-0.00516112295740209,0.009751697346043944,False,False,False,False,False,False,,
2010-02-04,1.56,1.6,1.55,1.57,912150,HPG,1.5065411223546885,1.515892680911443,0.009351558556754513,-0.002258586654570769,0.011610145211325282,True,False,True,False,False,False,,
2010-02-05,1.54,1.56,1.53,1.54,537270,HPG,1.5090195577358225,1.5196014992327596,0.01058194149693703,0.0003095189757307908,0.01027242252120624,False,False,False,False,False,False,,
2010-02-08,1.53,1.55,1.53,1.54,472190,HPG,1.5113144053109466,1.5227397301200274,0.011425324809080761,0.002532680142400785,0.008892644666679977,False,False,False,False,False,False,,
2010-02-09,1.53,1.54,1.51,1.54,328950,HPG,1.5134392641768024,1.5253951562554078,0.011955892078605368,0.004417322529641702,0.007538569548963666,False,False,False,False,False,False,,
2010-02-10,1.54,1.56,1.53,1.56,278940,HPG,1.5168882075711134,1.5307189783699604,0.01383077079884698,0.006300012183482757,0.007530758615364223,False,False,False,False,False,False,,
2010-02-11,1.56,1.57,1.55,1.56,203140,HPG,1.520081673676957,1.535223750928428,0.015142077251471209,0.008068425197080448,0.007073652054390761,False,False,False,False,False,False,,
2010-02-12,1.56,1.57,1.56,1.57,253950,HPG,1.523779327478664,1.5405739430932852,0.016794615614621256,0.00981366328058861,0.006980952334032646,False,False,False,False,False,False,,
2010-02-22,1.57,1.57,1.55,1.56,184990,HPG,1.5264623402580222,1.5435625672327797,0.01710022697475755,0.0112709760194224,0.005829250955335149,False,False,False,False,False,False,,
2010-02-23,1.53,1.54,1.5,1.51,356540,HPG,1.5252429076463168,1.5383990953508135,0.01315618770449678,0.011648018356437277,0.0015081693480595033,False,False,False,False,False,False,,
2010-02-24,1.51,1.51,1.48,1.51,371930,HPG,1.5241138033762192,1.5340300037583807,0.009916200382161566,0.011301654761582135,-0.0013854543794205691,False,False,False,False,False,False,,
2010-02-25,1.51,1.54,1.5,1.5,407930,HPG,1.5223275957187214,1.5287946185647838,0.006467022846062376,0.010334728378478184,-0.0038677055324158084,False,False,False,False,False,False,,
2010-02-26,1.5,1.51,1.48,1.48,451710,HPG,1.5191922182580753,1.5212877541702017,0.0020955359121264117,0.008686889885207829,-0.006591353973081417,False,False,False,False,False,False,,
2010-03-01,1.49,1.51,1.49,1.5,284110,HPG,1.517770572461181,1.5180127150670937,0.00024214260591270964,0.006997940429348805,-0.006755797823436095,False,True,False,True,False,False,,
2010-03-02,1.5,1.56,1.5,1.54,549860,HPG,1.5194171967233157,1.5213953742875408,0.0019781775642251365,0.005993987856324072,-0.004015810292098935,False,False,False,False,False,False,,
2010-03-03,1.56,1.56,1.54,1.56,499740,HPG,1.5224233302993664,1.527334547474073,0.00491121717470655,0.005777433720000568,-0.0008662165452940178,False,False,False,False,False,False,,
2010-03-04,1.59,1.6,1.56,1.56,694000,HPG,1.5252067873142283,1.532360001708831,0.007153214394602703,0.006052589854920996,0.001100624539681707,False,False,False,False,False,False,,
2010-03-05,1.57,1.59,1.56,1.57,480790,HPG,1.52852480306873,1.538150770676703,0.009625967607973074,0.006767265405531412,0.002858702202441662,False,False,False,False,False,False,,
2010-03-08,1.6,1.61,1.57,1.61,450120,HPG,1.5345600028414166,1.5492044982649025,0.014644495423485893,0.008342711409122308,0.0063017840143635845,False,False,False,False,False,False,,
2010-03-09,1.61,1.62,1.59,1.61,843010,HPG,1.5401481507790893,1.5585576523779943,0.018409501598904976,0.010356069447078842,0.008053432151826134,False,False,False,False,False,False,,
2010-03-10,1.61,1.64,1.6,1.64,556790,HPG,1.5475445840547124,1.5710872443198414,0.023542660265128967,0.012993387610688868,0.0105492726544401,False,False,False,False,False,False,,
2010-03-11,1.68,1.71,1.67,1.68,1672180,HPG,1.557356096346956,1.5878430528860197,0.030486956539063748,0.016492101396363847,0.013994855142699901,False,False,False,False,False,False,,
2010-03-12,1.7,1.7,1.67,1.68,623150,HPG,1.566440829950885,1.602021044749709,0.035580214798824006,0.02030972407685588,0.015270490721968125,True,False,True,False,False,False,,
2010-03-15,1.68,1.7,1.67,1.67,497550,HPG,1.5741118795841527,1.6124793455574462,0.038367465973293546,0.023921272456143415,0.014446193517150131,False,False,False,False,False,False,,
2010-03-16,1.66,1.66,1.62,1.62,585500,HPG,1.5775109996149563,1.613636369317839,0.036125369702882715,0.026362091905491276,0.009763277797391438,False,False,False,False,False,False,,
2010-03-17,1.64,1.64,1.59,1.59,682260,HPG,1.5784361107545892,1.6100000048074024,0.031563894052813124,0.027402452334955647,0.004161441717857477,False,False,False,False,False,False,,
2010-03-18,1.62,1.62,1.57,1.62,372020,HPG,1.5815149173653604,1.6115384656062637,0.030023548240903253,0.027926671516145172,0.002096876724758081,False,False,False,False,False,False,,
2010-03-19,1.62,1.64,1.6,1.61,371440,HPG,1.5836249234864448,1.6113017785899153,0.02767685510347051,0.027876708233610242,-0.00019985313013973216,False,False,False,False,False,False,,
2010-03-22,1.6,1.61,1.57,1.59,367360,HPG,1.5840971513763378,1.6080245818837746,0.023927430507436842,0.027086852688375563,-0.003159422180938721,False,False,False,False,False,False,,
2010-03-23,1.59,1.59,1.56,1.57,442100,HPG,1.5830529179410535,1.6021746462093476,0.019121728268294058,0.025493827804359263,-0.006372099536065205,False,False,False,False,False,False,,
2010-03-24,1.61,1.61,1.56,1.59,406220,HPG,1.5835675166120866,1.6003016237156018,0.016734107103515194,0.02374188366419045,-0.0070077765606752565,False,False,False,False,False,False,,
2010-03-25,1.57,1.57,1.54,1.55,419770,HPG,1.5810810339000803,1.59256291237474,0.011481878474659757,0.021289882626284316,-0.009808004151624559,False,False,False,False,False,False,,
2010-03-26,1.55,1.57,1.55,1.56,248330,HPG,1.5795194758334077,1.5875532335478568,0.008033757714449141,0.01863865764391728,-0.010604899929468139,False,False,False,False,False,False,,
2010-03-29,1.57,1.59,1.55,1.56,188700,HPG,1.5780735887346369,1.5833142745404942,0.005240685805857348,0.015959063276305294,-0.010718377470447946,False,False,False,False,False,False,,
2010-03-30,1.56,1.57,1.55,1.55,305370,HPG,1.5759940636431824,1.5781890015342643,0.0021949378910819384,0.013206238199260624,-0.011011300308178686,False,False,False,False,False,False,,
2010-03-31,1.55,1.55,1.53,1.53,580860,HPG,1.5725870959659096,1.5707753089905312,-0.0018117869753784266,0.010202633164332816,-0.012014420139711242,False,True,False,True,False,False,,
2010-04-01,1.55,1.56,1.53,1.56,474730,HPG,1.5716547184869534,1.5691175691458341,-0.0025371493411192603,0.007654676663242401,-0.010191826004361661,False,False,False,False,False,False,,
2010-04-02,1.57,1.59,1.55,1.59,442760,HPG,1.5730136282286604,1.5723302508157058,-0.0006833774129546555,0.0059870658480029905,-0.006670443260957646,False,False,False,False,False,False,,
2010-04-05,1.61,1.64,1.6,1.64,642470,HPG,1.5779755816932042,1.5827409814594433,0.004765399766239131,0.005742732631650219,-0.0009773328654110874,False,False,False,False,False,False,,
2010-04-06,1.66,1.67,1.64,1.64,896310,HPG,1.5825699830492632,1.5915500612349136,0.008980078185650386,0.006390201742450253,0.0025898764432001333,False,False,False,False,False,False,,
2010-04-07,1.65,1.66,1.62,1.65,484850,HPG,1.5875647991196882,1.6005423595064654,0.01297756038677722,0.007707673471315647,0.005269886915461573,False,False,False,False,False,False,,
2010-04-08,1.65,1.66,1.64,1.65,420120,HPG,1.592189628814526,1.6081512272747014,0.015961598460175308,0.00935845846908758,0.0066031399910877284,False,False,False,False,False,False,,
2010-04-09,1.65,1.67,1.64,1.65,501430,HPG,1.5964718785319687,1.6145895000016703,0.01811762146970164,0.011110291069210392,0.007007330400491247,True,False,True,False,False,False,,
2010-04-12,1.66,1.66,1.64,1.65,395000,HPG,1.6004369245666377,1.6200372692321825,0.019600344665544833,0.012808301788477281,0.006792042877067552,False,False,False,False,False,False,,
2010-04-13,1.64,1.65,1.64,1.64,606100,HPG,1.6033675227468869,1.6231084585810776,0.019740935834190676,0.01419482859761996,0.005546107236570716,False,False,False,False,False,False,,
2010-04-14,1.65,1.65,1.62,1.64,410790,HPG,1.6060810395804508,1.6257071572609119,0.019626117680461075,0.015281086414188183,0.004345031266272892,False,False,False,False,False,False,,
2010-04-15,1.65,1.66,1.64,1.66,572700,HPG,1.6100750366485654,1.6309829792207715,0.020907942572206073,0.016406457645791763,0.00450148492641431,False,False,True,False,False,False,,
2010-04-16,1.66,1.66,1.65,1.65,296860,HPG,1.6130324413412642,1.6339086747252682,0.020876233384004017,0.017300412793434215,0.0035758205905698018,False,False,False,False,False,False,,
2010-04-19,1.66,1.67,1.65,1.65,327330,HPG,1.6157707790196891,1.636384263229073,0.020613484209383914,0.017963027076624154,0.00265045713275976,False,False,False,False,False,False,,
2010-04-20,1.66,1.66,1.64,1.65,267520,HPG,1.6183062768700824,1.6384789919630618,0.020172715092979354,0.018404964679895195,0.0017677504130841591,False,False,False,False,False,False,,
2010-04-21,1.66,1.66,1.64,1.65,579670,HPG,1.6206539600648913,1.6402514547379754,0.019597494673084137,0.018643470678532986,0.0009540239945511515,False,False,False,False,False,False,,
2010-04-22,1.65,1.68,1.64,1.67,746300,HPG,1.6243092222823068,1.6448281540090561,0.020518931726749345,0.019018562888176258,0.001500368838573088,False,False,False,False,False,False,,
2010-04-26,1.68,1.7,1.67,1.68,923660,HPG,1.62843446507621,1.6502392072384322,0.02180474216222228,0.019575798742985463,0.002228943419236816,False,False,False,False,False,False,,
2010-04-27,1.77,1.77,1.76,1.77,2002680,HPG,1.6389208009964908,1.6686639445863658,0.029743143589874954,0.021609267712363364,0.00813387587751159,False,False,False,False,False,False,,
2010-04-28,1.77,1.79,1.77,1.77,1065180,HPG,1.6486303712930472,1.6842541069576942,0.03562373566464694,0.02441216130282008,0.011211574361826859,True,False,True,False,False,False,,
2010-04-29,1.77,1.77,1.75,1.75,488110,HPG,1.6561392326787474,1.6943688597334337,0.038229627054686244,0.027175654453193317,0.011053972601492927,False,False,False,False,False,False,,
2010-05-04,1.75,1.76,1.74,1.74,361080,HPG,1.6623511413692105,1.7013890351590593,0.03903789378984879,0.029548102320524412,0.009489791469324375,False,False,False,False,False,False,,
2010-05-05,1.72,1.73,1.7,1.7,624960,HPG,1.665139945712232,1.7011753374422809,0.03603539173004888,0.03084556020242931,0.005189831527619572,False,False,False,False,False,False,,
2010-05-06,1.69,1.71,1.69,1.7,499330,HPG,1.6677221719557704,1.7009945162973146,0.033272344341544136,0.03133091703025227,0.0019414273112918629,False,False,False,False,False,False,,
2010-05-07,1.68,1.68,1.65,1.66,565930,HPG,1.667150159218306,1.6946876676361893,0.027537508417883272,0.030572235307778476,-0.003034726889895204,False,False,False,False,False,False,,
2010-05-10,1.66,1.66,1.64,1.64,656620,HPG,1.6651390363132463,1.6862741803075447,0.02113514399429839,0.02868481704508246,-0.007549673050784071,False,False,False,False,False,False,,
2010-05-11,1.65,1.67,1.64,1.64,307330,HPG,1.6632768854752282,1.6791550756448455,0.015878190169617223,0.026123491669989413,-0.01024530150037219,False,False,False,False,False,False,,
2010-05-12,1.61,1.62,1.6,1.61,361210,HPG,1.6593304495141001,1.6685158332379462,0.00918538372384603,0.022735870080760737,-0.013550486356914707,False,False,False,False,False,False,,
2010-05-13,1.61,1.63,1.6,1.61,228970,HPG,1.6556763421426852,1.6595133973551852,0.0038370552124999957,0.01895610710710859,-0.015119051894608593,False,False,False,False,False,False,,
2010-05-14,1.63,1.64,1.61,1.61,166660,HPG,1.6522929093913752,1.6518959516082337,-0.0003969577831415272,0.015085494129058566,-0.015482451912200093,False,False,False,False,False,False,,
2010-05-17,1.61,1.61,1.56,1.56,252040,HPG,1.6454563975846068,1.6377581128992746,-0.00769828468533218,0.010528738366180419,-0.018227023051512598,False,False,False,False,False,False,,
2010-05-18,1.54,1.56,1.54,1.54,223530,HPG,1.6376448125783396,1.6227184032224633,-0.014926409355876302,0.005437708821769075,-0.020364118177645378,False,False,False,False,False,False,,
2010-05-19,1.51,1.52,1.49,1.49,458670,HPG,1.626708159794759,1.6023001873420841,-0.024407972452674898,-0.0005314274331197199,-0.023876545019555176,False,True,False,True,False,False,,
2010-05-20,1.48,1.56,1.48,1.56,256780,HPG,1.621766814624777,1.5957924662125327,-0.02597434841224433,-0.005620011628944642,-0.02035433678329969,False,False,False,False,False,False,,
2010-05-21,1.48,1.54,1.48,1.48,377000,HPG,1.6112655690970157,1.5779782406413738,-0.03328732845564186,-0.011153474994284086,-0.022133853461357777,False,False,False,True,False,False,,
2010-05-24,1.52,1.52,1.48,1.48,338810,HPG,1.6015421936083478,1.5629046651580856,-0.03863752845026225,-0.01665028568547972,-0.02198724276478253,False,False,False,False,False,False,,
2010-05-25,1.47,1.49,1.45,1.45,490640,HPG,1.5903168459336554,1.5455347166722264,-0.04478212926142899,-0.022276654400669574,-0.02250547486075942,False,False,False,True,False,False,,
2010-05-26,1.48,1.49,1.46,1.49,205260,HPG,1.5828859684570884,1.5369909141072684,-0.04589505434982,-0.02700033439049966,-0.018894719959320336,False,False,False,False,False,False,,
2010-05-27,1.49,1.5,1.48,1.49,300120,HPG,1.576005526349156,1.5297615427061504,-0.046243983643005526,-0.030849064241000833,-0.015394919402004693,False,False,False,False,False,False,,
2010-05-28,1.56,1.56,1.47,1.54,288170,HPG,1.5733384503232923,1.5313366899821272,-0.042001760341165095,-0.03307960346103368,-0.008922156880131413,False,False,False,False,False,False,,
2010-05-31,1.54,1.55,1.53,1.53,270000,HPG,1.570128194743789,1.5311310453694924,-0.03899714937429666,-0.03426311264368628,-0.004734036730610375,False,False,False,False,False,False,,
2010-06-01,1.51,1.55,1.51,1.54,145940,HPG,1.5678964766146195,1.532495499928032,-0.03540097668658748,-0.03449068545226652,-0.000910291234320959,False,False,False,False,False,False,,
2010-06-02,1.54,1.54,1.53,1.54,278700,HPG,1.5658300709394624,1.5336500384006426,-0.032180032538819736,-0.03402855486957717,0.0018485223307574336,False,False,False,False,False,False,,
2010-06-03,1.57,1.57,1.54,1.54,331490,HPG,1.5639167323513539,1.5346269555697747,-0.02928977678157918,-0.03308079925197757,0.003791022470398392,False,False,False,False,False,False,,
2010-06-04,1.52,1.55,1.52,1.54,165550,HPG,1.5621451225475498,1.5354535777898095,-0.02669154475774027,-0.03180294835313011,0.005111403595389842,False,False,False,False,False,False,,
2010-06-07,1.48,1.53,1.48,1.53,341410,HPG,1.5597640023588424,1.5346145658221464,-0.02514943653669599,-0.030472245989843293,0.005322809453147302,True,False,True,False,False,False,,
2010-06-08,1.52,1.52,1.5,1.51,267800,HPG,1.5560777799618912,1.5308277095418161,-0.0252500704200751,-0.029427810875889655,0.0041777404558145555,False,False,False,False,False,False,,
2010-06-09,1.51,1.53,1.51,1.51,285370,HPG,1.5526646110758253,1.5276234465353828,-0.025041164540442473,-0.02855048160880022,0.003509317068357748,False,False,False,False,False,False,,
2010-06-10,1.48,1.52,1.48,1.52,122590,HPG,1.5502450102553937,1.5264506086068623,-0.023794401648531416,-0.02759926561674646,0.003804863968215045,False,False,False,False,False,False,,
2010-06-11,1.54,1.54,1.52,1.52,88710,HPG,1.5480046391253646,1.5254582072827296,-0.02254643184263494,-0.026588698861924158,0.004042267019289218,False,False,False,False,False,False,,
2010-06-14,1.52,1.53,1.52,1.52,161540,HPG,1.5459302214123747,1.5246184830853866,-0.021311738326988072,-0.02553330675493694,0.004221568427948869,False,False,False,False,False,False,,
2010-06-15,1.53,1.53,1.52,1.53,279590,HPG,1.544750205011458,1.5254464087645578,-0.019303796246900262,-0.024287404653329608,0.0049836084064293455,True,False,True,False,False,False,,
2010-06-16,1.53,1.53,1.52,1.52,233890,HPG,1.5429168564920908,1.5246084997238565,-0.01830835676823428,-0.023091595076310544,0.004783238308076265,False,False,False,False,False,False,,
2010-06-17,1.52,1.52,1.51,1.52,249480,HPG,1.5412193115667507,1.52389949976634,-0.017319811800410756,-0.02193723842113059,0.004617426620719834,False,False,False,False,False,False,,
2010-06-18,1.52,1.52,1.5,1.52,546880,HPG,1.5396475107099543,1.5232995767253645,-0.01634793398458978,-0.02081937753382243,0.004471443549232651,False,False,False,False,False,False,,
2010-06-21,1.52,1.52,1.51,1.51,253020,HPG,1.5374513988055132,1.5212534879983854,-0.016197910807127736,-0.019895084188483493,0.0036971733813557575,False,False,False,False,False,False,,
2010-06-22,1.51,1.52,1.51,1.52,262430,HPG,1.5361587025976975,1.5210606436909415,-0.015098058906755973,-0.01893567913213799,0.003837620225382015,False,False,False,False,False,False,,
2010-06-23,1.52,1.52,1.51,1.52,91440,HPG,1.5349617616645348,1.520897467738489,-0.014064293926045801,-0.01796140209091955,0.00389710816487375,False,False,True,False,False,False,,
2010-06-24,1.52,1.52,1.51,1.52,242340,HPG,1.5338534830227173,1.5207593957787213,-0.013094087243995967,-0.016987939121534835,0.0038938518775388682,False,False,False,False,False,False,,
2010-06-25,1.52,1.52,1.51,1.51,247430,HPG,1.532086558354368,1.5191041041204565,-0.012982454233911422,-0.01618684214401015,0.0032043879100987285,False,False,False,False,False,False,,
2010-06-28,1.5,1.51,1.5,1.5,186510,HPG,1.5297097762540444,1.5161650111788478,-0.01354476507519653,-0.015658426730247428,0.0021136616550508983,False,False,False,False,False,False,,
2010-06-29,1.52,1.52,1.51,1.51,285000,HPG,1.528249792827819,1.5152165479205635,-0.013033244907255437,-0.015133390365649032,0.002100145458393595,False,False,False,False,False,False,,
2010-06-30,1.49,1.52,1.49,1.52,196340,HPG,1.5276386970627953,1.515952463625092,-0.011686233437703253,-0.014443958980059877,0.002757725542356624,False,False,True,False,False,False,,
2010-07-01,1.52,1.52,1.49,1.49,71850,HPG,1.5248506454285142,1.5119597769135393,-0.012890868514974896,-0.014133340887042881,0.0012424723720679855,False,False,False,False,False,False,,
2010-07-02,1.5,1.5,1.48,1.48,378360,HPG,1.5215283753967723,1.5070428881576101,-0.01448548723916221,-0.014203770157466749,-0.0002817170816954602,False,False,False,True,False,False,,
2010-07-05,1.48,1.5,1.48,1.5,274180,HPG,1.5199336809229373,1.5059593669025932,-0.013974314020344103,-0.01415787893004222,0.00018356490969811783,False,False,True,False,False,False,,
2010-07-06,1.5,1.5,1.46,1.46,213890,HPG,1.5154941490027198,1.498888695071425,-0.016605453931294756,-0.014647393930292728,-0.0019580600010020276,False,False,False,False,False,False,,
2010-07-07,1.46,1.47,1.44,1.44,120370,HPG,1.5099019898173331,1.4898288958296673,-0.02007309398766588,-0.01573253394176736,-0.004340560045898521,False,False,False,False,False,False,,
2010-07-08,1.45,1.45,1.42,1.42,161800,HPG,1.5032425831641973,1.4790859887789491,-0.024156594385248198,-0.017417346030463528,-0.00673924835478467,False,False,False,False,False,False,,
2010-07-09,1.43,1.43,1.41,1.42,264450,HPG,1.4970764658927753,1.4699958366591108,-0.0270806292336645,-0.019350002671103723,-0.007730626562560777,False,False,False,False,False,False,,
2010-07-12,1.42,1.42,1.41,1.42,271470,HPG,1.491367098048866,1.4623041694807861,-0.029062928568079904,-0.021292587850498958,-0.007770340717580947,False,True,False,True,False,False,,
2010-07-13,1.43,1.48,1.42,1.46,358710,HPG,1.4890436093045056,1.4619496818683575,-0.027093927436148135,-0.022452855767628795,-0.004641071668519341,False,False,False,False,False,False,,
2010-07-14,1.46,1.46,1.44,1.44,273770,HPG,1.4854107493560238,1.458572807734764,-0.026837941621259853,-0.02332987293835501,-0.0035080686829048434,False,False,False,False,False,False,,
2010-07-15,1.43,1.45,1.43,1.43,177430,HPG,1.481306249403726,1.4541769911601847,-0.027129258243541177,-0.024089749999392243,-0.0030395082441489335,False,False,False,False,False,False,,
2010-07-16,1.44,1.44,1.43,1.43,176920,HPG,1.4775057864849315,1.4504574540586177,-0.02704833242631377,-0.02468146648477655,-0.002366865941537219,False,False,False,False,False,False,,
2010-07-19,1.41,1.43,1.41,1.43,229210,HPG,1.4739868393378996,1.447310153434215,-0.02667668590368466,-0.025080510368558174,-0.0015961755351264865,False,False,False,False,False,False,,
2010-07-20,1.43,1.43,1.42,1.42,166700,HPG,1.469987814201759,1.4431085913674127,-0.026879222834346406,-0.025440252861715824,-0.001438969972630582,False,False,False,False,False,False,,
2010-07-21,1.4,1.41,1.4,1.41,193420,HPG,1.4655442724090362,1.4380149619262723,-0.027529310482763858,-0.025858064385925434,-0.001671246096838424,False,False,False,False,False,False,,
2010-07-22,1.41,1.41,1.4,1.4,114970,HPG,1.4606891411194778,1.4321665062453075,-0.028522634874170283,-0.026390978483574405,-0.0021316563905958777,False,False,False,False,False,False,,
2010-07-23,1.4,1.4,1.39,1.39,260170,HPG,1.455452908443961,1.425679351438337,-0.029773557005623896,-0.027067494187984306,-0.00270606281763959,False,False,False,True,False,False,,
2010-07-26,1.37,1.39,1.37,1.39,166160,HPG,1.4506045448555194,1.4201902204478236,-0.03041432440769576,-0.027736860231926598,-0.0026774641757691606,False,False,False,False,False,False,,
2010-07-27,1.39,1.39,1.37,1.37,476650,HPG,1.4446338378291845,1.4124686480712354,-0.03216518975794913,-0.028622526137131107,-0.0035426636208180234,False,False,False,False,False,False,,
2010-07-28,1.37,1.37,1.34,1.34,318900,HPG,1.4368831831751707,1.4013196252910454,-0.03556355788412535,-0.030010732486529957,-0.005552825397595395,False,False,False,False,False,False,,
2010-07-29,1.3,1.34,1.3,1.3,472220,HPG,1.426743688125158,1.3857319906308845,-0.04101169749427358,-0.03221092548807868,-0.008800772006194897,False,False,False,False,False,False,,
2010-07-30,1.33,1.33,1.3,1.31,438740,HPG,1.4180960075232945,1.37408091514921,-0.04401509237408452,-0.034571758865279856,-0.009443333508804663,False,True,False,True,False,False,,
2010-08-02,1.31,1.31,1.3,1.31,266850,HPG,1.4100888958549023,1.3642223128185624,-0.045866583036339836,-0.036830723699491856,-0.00903585933684798,False,False,False,False,False,False,,
2010-08-03,1.32,1.36,1.32,1.33,504480,HPG,1.4041563850508354,1.3589573416157066,-0.045199043435128816,-0.03850438764661925,-0.006694655788509564,False,False,False,False,False,False,,
2010-08-04,1.33,1.35,1.33,1.35,432320,HPG,1.4001448009729958,1.357579289059444,-0.042565511913551735,-0.039316612500005746,-0.0032488994135459887,False,False,False,False,False,False,,
2010-08-05,1.34,1.36,1.33,1.33,145120,HPG,1.3949488897898108,1.3533363215118372,-0.04161256827797355,-0.03977580365559931,-0.00183676462237424,False,False,False,False,False,False,,
2010-08-06,1.33,1.36,1.31,1.36,317880,HPG,1.3923600831387137,1.3543615028177085,-0.037998580321005226,-0.039420358988680494,0.0014217786676752678,False,False,False,False,False,False,,
2010-08-09,1.35,1.35,1.31,1.33,386720,HPG,1.387740817721031,1.3506135793072918,-0.03712723841373933,-0.03896173487369226,0.0018344964599529348,True,False,True,False,False,False,,
2010-08-10,1.31,1.31,1.26,1.29,509940,HPG,1.380500757149103,1.341288413260016,-0.03921234388908701,-0.03901185667677121,-0.00020048721231579608,False,False,False,False,False,False,,
2010-08-11,1.31,1.31,1.27,1.27,487330,HPG,1.372315515878799,1.3303209650661676,-0.04199455081263137,-0.039608395503943246,-0.0023861553086881246,False,False,False,False,False,False,,
2010-08-12,1.26,1.26,1.22,1.22,617570,HPG,1.361032885072962,1.3133485089021417,-0.04768437617082033,-0.04122359163731866,-0.006460784533501671,False,True,False,True,False,False,,
2010-08-13,1.22,1.25,1.18,1.25,544240,HPG,1.3528082269194093,1.3036025844556582,-0.04920564246375103,-0.04282000180260514,-0.006385640661145893,False,False,False,False,False,False,,
2010-08-16,1.25,1.31,1.25,1.31,382810,HPG,1.3496372471476012,1.3045868022317109,-0.045050444915890386,-0.043266090425262194,-0.0017843544906281927,False,False,False,False,False,False,,
2010-08-17,1.31,1.31,1.28,1.29,241000,HPG,1.345219673284816,1.3023426788114476,-0.04287699447336846,-0.04318827123488345,0.0003112767615149961,False,False,False,False,False,False,,
2010-08-18,1.29,1.29,1.28,1.28,378740,HPG,1.3403885863748297,1.2989053436096865,-0.04148324276514326,-0.04284726554093542,0.0013640227757921591,False,False,False,False,False,False,,
2010-08-19,1.27,1.29,1.26,1.28,189520,HPG,1.335915357754472,1.2959968292081963,-0.039918528546275756,-0.04226151814200349,0.0023429895957277347,False,False,False,False,False,False,,
2010-08-20,1.28,1.32,1.26,1.32,179980,HPG,1.334736442365252,1.2996896247146277,-0.03504681765062423,-0.04081857804372764,0.005771760393103412,False,False,False,False,False,False,,
2010-08-23,1.32,1.32,1.3,1.32,311410,HPG,1.3336448540419,1.3028142978354542,-0.030830556206445703,-0.038820973676271256,0.007990417469825553,False,False,True,False,False,False,,
2010-08-24,1.3,1.31,1.28,1.29,441830,HPG,1.3304119018906482,1.3008428673992305,-0.02956903449141768,-0.036970585839300546,0.007401551347882868,False,False,False,False,False,False,,
2010-08-25,1.27,1.28,1.25,1.25,340680,HPG,1.3244554647135631,1.2930208877993488,-0.03143457691421436,-0.03586338405428331,0.004428807140068949,False,False,False,False,False,False,,
2010-08-26,1.28,1.28,1.25,1.28,396840,HPG,1.3211624673273734,1.2910176742917567,-0.03014479303561668,-0.03471966585054999,0.004574872814933309,False,False,False,False,False,False,,
2010-08-27,1.25,1.32,1.25,1.28,378340,HPG,1.318113395673494,1.2893226474776402,-0.02879074819585381,-0.033533882319610755,0.004743134123756945,False,False,False,False,False,False,,
2010-08-30,1.33,1.34,1.32,1.34,508820,HPG,1.3197346256236056,1.297119163250311,-0.022615462373294593,-0.03135019833034752,0.00873473595705293,False,False,False,False,False,False,,
2010-08-31,1.38,1.41,1.36,1.41,832260,HPG,1.3264209496514865,1.3144854458271862,-0.011935503824300309,-0.02746725942913808,0.015531755604837771,False,False,False,False,False,False,,
2010-09-01,1.43,1.47,1.41,1.46,676620,HPG,1.3363156941217467,1.3368723003153113,0.0005566061935646793,-0.021862486304597528,0.022419092498162208,False,False,False,False,False,False,,
2010-09-06,1.47,1.53,1.46,1.47,503290,HPG,1.3462182352979135,1.3573534848821864,0.011135249584272922,-0.01526293912682344,0.026398188711096362,True,False,True,False,False,False,,
2010-09-07,1.44,1.46,1.41,1.41,386300,HPG,1.350942810461031,1.3654529487464655,0.01451013828543446,-0.009308323644371862,0.02381846192980632,False,False,False,False,False,False,,
2010-09-08,1.38,1.42,1.38,1.42,262380,HPG,1.356058157834288,1.3738448027854708,0.017786644951182762,-0.003889329925260937,0.0216759748764437,False,False,False,False,False,False,,
2010-09-09,1.46,1.46,1.41,1.43,286720,HPG,1.3615353313280445,1.3824840638953984,0.020948732567353856,0.001078282573262022,0.019870449994091835,False,False,False,False,False,False,,
2010-09-10,1.43,1.43,1.38,1.38,232810,HPG,1.3629030845630041,1.3821019002191832,0.01919881565617909,0.004702389189845436,0.014496426466333655,False,False,False,False,False,False,,
2010-09-13,1.34,1.4,1.34,1.38,147400,HPG,1.3641695227435224,1.3817785309546935,0.017609008211171062,0.007283712994110562,0.0103252952170605,False,False,False,False,False,False,,
2010-09-14,1.38,1.41,1.38,1.38,300230,HPG,1.3653421506884467,1.3815049108078175,0.01616276011937079,0.009059522419162608,0.0071032377002081815,False,False,False,False,False,False,,
2010-09-15,1.38,1.39,1.37,1.39,221800,HPG,1.367168658044858,1.3828118476066147,0.015643189561756587,0.010376255847681405,0.005266933714075182,False,False,False,False,False,False,,
2010-09-16,1.37,1.4,1.37,1.4,166060,HPG,1.3696006093007944,1.3854561787440587,0.015855569443264272,0.011472118566797978,0.004383450876466294,False,False,False,False,False,False,,
2010-09-17,1.39,1.46,1.38,1.46,563560,HPG,1.3762968604636985,1.3969244589372805,0.020627598473581976,0.01330321454815478,0.007324383925427197,False,False,False,False,False,False,,
2010-09-20,1.48,1.48,1.45,1.46,266770,HPG,1.382497093021943,1.4066283883315451,0.02413129530960223,0.015468830700444271,0.008662464609157958,False,False,True,False,False,False,,
2010-09-21,1.43,1.45,1.4,1.4,384400,HPG,1.383793604649947,1.405608636280538,0.021815031630590953,0.01673807088647361,0.0050769607441173425,False,False,False,False,False,False,,
2010-09-22,1.4,1.42,1.4,1.41,239780,HPG,1.3857348191203211,1.4062842306989167,0.020549411578595578,0.017500339024898004,0.003049072553697574,False,False,False,False,False,False,,
2010-09-23,1.4,1.42,1.4,1.41,480450,HPG,1.387532239926223,1.406855887514468,0.019323647588245008,0.017865000737567405,0.0014586468506776022,False,False,False,False,False,False,,
2010-09-24,1.43,1.43,1.41,1.41,297550,HPG,1.3891965184502064,1.407339597127627,0.0181430786774206,0.017920616325538045,0.000222462351882554,False,False,False,False,False,False,,
2010-09-27,1.42,1.42,1.41,1.41,147930,HPG,1.3907375170835243,1.407748889877223,0.017011372793698687,0.017738767619170176,-0.000727394825471489,False,False,False,False,False,False,,
2010-09-28,1.41,1.42,1.41,1.41,387940,HPG,1.3921643676699298,1.4080952145114964,0.015930846841566648,0.01737718346364947,-0.0014463366220828222,False,False,False,False,False,False,,
2010-09-29,1.42,1.42,1.41,1.41,328700,HPG,1.3934855256203054,1.4083882584328047,0.01490273281249932,0.01688229333341944,-0.0019795605209201213,False,False,False,False,False,False,,
2010-09-30,1.41,1.41,1.41,1.41,271740,HPG,1.3947088200188011,1.4086362186739116,0.013927398655110501,0.016291314397757654,-0.0023639157426471533,False,False,False,False,False,False,,
2010-10-01,1.39,1.42,1.39,1.41,76010,HPG,1.3958415000174085,1.4088460311856177,0.01300453116820921,0.015633957751847966,-0.002629426583638756,False,True,False,True,False,False,,
2010-10-04,1.42,1.42,1.39,1.42,409420,HPG,1.3976310185346377,1.4105620263878305,0.012931007853192789,0.015093367772116933,-0.0021623599189241442,False,False,False,False,False,False,,
2010-10-05,1.42,1.45,1.37,1.45,523530,HPG,1.4015102023468868,1.416629406943549,0.015119204596662161,0.01509853513702598,2.0669459636180748e-05,False,False,False,False,False,False,,
2010-10-06,1.45,1.46,1.45,1.46,523900,HPG,1.405842779950821,1.4233018058753106,0.017459025924489557,0.015570633294518696,0.001888392629970861,False,False,False,False,False,False,,
2010-10-07,1.43,1.46,1.43,1.45,287370,HPG,1.409113685139649,1.4274092203560322,0.018295535216383163,0.01611561367889159,0.0021799215374915734,False,False,True,False,False,False,,
2010-10-08,1.45,1.46,1.45,1.45,240870,HPG,1.4121423010552305,1.4308847249166428,0.018742423861412227,0.016640975715395717,0.00210144814601651,False,False,False,False,False,False,,
2010-10-11,1.43,1.46,1.43,1.46,210340,HPG,1.4156873157918801,1.4353639980063901,0.019676682214510022,0.017248117015218577,0.002428565199291445,True,False,True,False,False,False,,
2010-10-12,1.43,1.44,1.42,1.43,292300,HPG,1.4167475146221113,1.4345387675438686,0.017791252921757206,0.017356744196526303,0.0004345087252309032,False,False,False,False,False,False,,
2010-10-13,1.43,1.43,1.42,1.43,346590,HPG,1.4177291802056586,1.4338404956140425,0.01611131540838384,0.017107658438897812,-0.00099634303051397,False,False,False,False,False,False,,
2010-10-14,1.45,1.46,1.42,1.42,446740,HPG,1.4178973890793136,1.4317111885964975,0.013813799517183867,0.016448886654555024,-0.0026350871373711574,False,False,False,False,False,False,,
2010-10-15,1.4,1.43,1.4,1.43,558900,HPG,1.4187938787771424,1.4314479288124209,0.01265405003527853,0.015689919330699728,-0.003035869295421198,False,False,False,False,False,False,,
2010-10-18,1.43,1.44,1.42,1.43,353990,HPG,1.4196239618306874,1.4312251705335868,0.01160120870289938,0.014872177205139659,-0.0032709685022402797,False,False,False,False,False,False,,
2010-10-19,1.44,1.44,1.41,1.42,323010,HPG,1.419651816509896,1.4294982212207272,0.009846404710831314,0.01386702270627799,-0.004020617995446677,False,False,False,False,False,False,,
2010-10-20,1.4,1.41,1.4,1.4,332130,HPG,1.4181961263980518,1.4249600333406152,0.006763906942563347,0.012446399553535062,-0.005682492610971715,False,False,False,False,False,False,,
2010-10-21,1.41,1.42,1.4,1.41,202500,HPG,1.4175890059241218,1.4226584897497514,0.0050694838256295505,0.01097101640795396,-0.00590153258232441,False,True,False,True,False,False,,
2010-10-22,1.43,1.43,1.4,1.43,206510,HPG,1.4185083388186315,1.4237879528651742,0.005279614046542758,0.009832735935671721,-0.004553121889128963,False,False,False,False,False,False,,
2010-10-25,1.44,1.44,1.42,1.44,153500,HPG,1.4201003137209551,1.4262821139628397,0.0061818002418845275,0.009102548796914283,-0.0029207485550297556,False,False,False,False,False,False,,
2010-10-26,1.43,1.46,1.43,1.44,161840,HPG,1.42157436455644,1.4283925579685566,0.0068181934121165355,0.008645677719954734,-0.0018274843078381984,False,False,False,False,False,False,,
2010-10-27,1.42,1.45,1.42,1.43,218730,HPG,1.4221984857004075,1.4286398567426248,0.006441371042217314,0.00820481638440725,-0.001763445342189935,False,False,False,False,False,False,,
2010-10-28,1.43,1.44,1.42,1.43,142410,HPG,1.4227763756485254,1.4288491095514517,0.006072733902926286,0.007778399888111057,-0.0017056659851847709,False,False,False,False,False,False,,
2010-10-29,1.44,1.44,1.43,1.44,183050,HPG,1.4240521996745605,1.4305646311589206,0.006512431484360093,0.007525206207360864,-0.0010127747230007714,False,False,False,False,False,False,,
2010-11-01,1.44,1.44,1.41,1.44,118870,HPG,1.4252335182171858,1.4320162263652405,0.006782708148054706,0.0073767065954996325,-0.0005939984474449267,False,False,False,False,False,False,,
2010-11-02,1.42,1.44,1.42,1.44,90530,HPG,1.4263273316825795,1.4332444992321265,0.006917167549546965,0.0072847987863091,-0.0003676312367621344,False,False,False,False,False,False,,
2010-11-03,1.44,1.45,1.42,1.44,176280,HPG,1.4273401219283144,1.4342838070425685,0.006943685114254139,0.007216576051898108,-0.000272890937643969,False,False,False,False,False,False,,
2010-11-04,1.45,1.45,1.43,1.44,62510,HPG,1.4282778906743652,1.4351632213437118,0.006885330669346601,0.007150326975387807,-0.00026499630604120625,False,False,False,False,False,False,,
2010-11-05,1.46,1.46,1.43,1.46,379310,HPG,1.430627676550338,1.43898426421391,0.008356587663571835,0.007391579113024613,0.0009650085505472222,False,False,False,False,False,False,,
2010-11-08,1.46,1.46,1.45,1.45,172650,HPG,1.4320626634725353,1.4406789927963854,0.008616329323850147,0.00763652915518972,0.000979800168660427,True,False,True,False,False,False,,
2010-11-09,1.43,1.43,1.41,1.42,150690,HPG,1.4311691328449403,1.4374976092892493,0.006328476444309006,0.007374918613013578,-0.0010464421687045719,False,False,False,False,False,False,,
2010-11-10,1.42,1.43,1.41,1.42,201000,HPG,1.4303417896712411,1.4348056693985956,0.004463879727354403,0.006792710835881743,-0.00232883110852734,False,False,False,False,False,False,,
2010-11-11,1.42,1.42,1.39,1.39,196980,HPG,1.4273535089548528,1.4279124894911193,0.0005589805362664624,0.005545964775958687,-0.004986984239692224,False,False,False,False,False,False,,
2010-11-12,1.39,1.39,1.34,1.39,241100,HPG,1.4245865823656043,1.4220797988001779,-0.0025067835654264403,0.003935415107681661,-0.006442198673108101,False,False,False,False,False,False,,
2010-11-15,1.36,1.39,1.36,1.38,200200,HPG,1.4212838725607448,1.4156059836001504,-0.005677888960594402,0.0020127542940264484,-0.00769064325462085,False,False,False,False,False,False,,
2010-11-16,1.4,1.4,1.36,1.37,150000,HPG,1.417485067185875,1.4085896784308967,-0.008895388754978306,-0.00016887431577450253,-0.008726514439203803,False,False,False,False,False,False,,
2010-11-17,1.37,1.37,1.34,1.34,211010,HPG,1.4117454325795138,1.3980374202107586,-0.013708012368755185,-0.0028767019263706392,-0.010831310442384546,False,True,False,True,False,False,,
2010-11-18,1.3,1.37,1.3,1.36,240230,HPG,1.407912437573624,1.3921855094091036,-0.01572692816452048,-0.005446747174000607,-0.010280180990519874,False,False,False,False,False,False,,
2010-11-19,1.39,1.39,1.34,1.36,237120,HPG,1.404363368123726,1.3872338925769339,-0.017129475546792117,-0.00778329284855891,-0.009346182698233207,False,False,False,False,False,False,,
2010-11-22,1.39,1.39,1.35,1.37,257890,HPG,1.4018179334478944,1.3845825244881749,-0.017235408959719534,-0.009673716070791035,-0.007561692888928499,False,False,False,False,False,False,,
2010-11-23,1.38,1.4,1.37,1.4,340780,HPG,1.4016832717110133,1.3869544437976864,-0.014728827913326858,-0.010684738439298201,-0.004044089474028657,False,False,False,False,False,False,,
2010-11-24,1.4,1.41,1.37,1.41,197070,HPG,1.4022993256583456,1.3904999139826577,-0.011799411675687876,-0.010907673086576138,-0.0008917385891117381,False,False,False,False,False,False,,
2010-11-25,1.42,1.42,1.41,1.41,192180,HPG,1.4028697459799495,1.393499927216095,-0.009369818763854454,-0.010600102222031803,0.001230283458177349,False,False,False,False,False,False,,
2010-11-26,1.42,1.42,1.4,1.41,124780,HPG,1.4033979129443976,1.3960383999520805,-0.007359512992317185,-0.00995198437608888,0.002592471383771694,False,False,False,False,False,False,,
2010-11-29,1.38,1.46,1.38,1.46,351870,HPG,1.4075906601337014,1.4058786461132988,-0.0017120140204025525,-0.008303990304951615,0.0065919762845490625,False,False,False,False,False,False,,
2010-11-30,1.46,1.48,1.46,1.46,456870,HPG,1.411472833457131,1.4142050082497144,0.002732174792583475,-0.006096757285444597,0.008828932078028071,False,False,False,False,False,False,,
2010-12-01,1.48,1.48,1.48,1.48,266280,HPG,1.4165489198677137,1.4243273146728352,0.007778394805121547,-0.0033217268673313687,0.011100121672452916,False,False,False,False,False,False,,
2010-12-02,1.45,1.49,1.45,1.49,355830,HPG,1.4219897406182536,1.4344308047231684,0.012441064104914856,-0.00016916867288212364,0.01261023277779698,True,False,True,False,False,False,,
2010-12-03,1.49,1.5,1.48,1.48,292290,HPG,1.4262867968687531,1.4414414501503732,0.015154653281620023,0.002895595718018306,0.012259057563601718,False,False,False,False,False,False,,
2010-12-06,1.49,1.49,1.47,1.47,293700,HPG,1.4295248119155122,1.4458350732041618,0.016310261288649652,0.0055785288321445765,0.010731732456505076,False,False,False,False,False,False,,
2010-12-07,1.45,1.45,1.42,1.42,379450,HPG,1.428819270292141,1.4418604465573677,0.013041176265226717,0.007071058318761005,0.005970117946465712,False,False,False,False,False,False,,
2010-12-08,1.42,1.45,1.37,1.37,190040,HPG,1.4244622873075379,1.4308049932408495,0.006342705933311654,0.006925387841671135,-0.0005826819083594812,False,False,False,False,False,False,,
2010-12-09,1.41,1.43,1.37,1.42,220890,HPG,1.4241317475069797,1.4291426865884111,0.005010939081431465,0.006542498089623201,-0.0015315590081917364,False,True,False,True,False,False,,
2010-12-10,1.43,1.47,1.42,1.47,329900,HPG,1.4275293958397959,1.435428427113271,0.007899031273475021,0.006813804726393566,0.0010852265470814556,False,False,False,False,False,False,,
2010-12-13,1.52,1.53,1.51,1.53,672690,HPG,1.4351198109627739,1.4499778998650754,0.014858088902301558,0.008422661561575165,0.006435427340726394,False,False,False,False,False,False,,
2010-12-14,1.5,1.52,1.47,1.52,374680,HPG,1.4414072323729388,1.4607505306550637,0.019343298282124888,0.01060678890568511,0.008736509376439779,False,False,False,False,False,False,,
2010-12-15,1.52,1.52,1.49,1.51,302480,HPG,1.4464881781230914,1.468327372092746,0.021839193969654724,0.012853269918479033,0.008985924051175691,True,False,True,False,False,False,,
2010-12-16,1.47,1.5,1.47,1.5,380760,HPG,1.4504520167806403,1.4732000840784776,0.022748067297837293,0.014832229394350686,0.007915837903486607,False,False,False,False,False,False,,
2010-12-17,1.5,1.51,1.49,1.51,449720,HPG,1.4548629785005929,1.4788616096048657,0.023998631104272805,0.016665509736335113,0.007333121367937692,False,False,False,False,False,False,,
2010-12-20,1.49,1.51,1.49,1.5,217620,HPG,1.458206461574623,1.4821136696656556,0.023907208091032528,0.018113849407274597,0.005793358683757931,False,False,False,False,False,False,,
2010-12-21,1.47,1.51,1.47,1.51,402870,HPG,1.4620430199765029,1.486403874332478,0.024360854355975015,0.019363250397014684,0.004997603958960331,False,False,False,False,False,False,,
2010-12-22,1.52,1.52,1.5,1.51,397780,HPG,1.4655953888671323,1.4900340475120968,0.024438658644964528,0.020378332046604653,0.004060326598359875,False,False,False,False,False,False,,
2010-12-23,1.47,1.5,1.47,1.5,344240,HPG,1.468143878580678,1.4915672709717742,0.023423392391096254,0.020987344115502973,0.0024360482755932805,False,False,False,False,False,False,,
2010-12-24,1.48,1.5,1.47,1.5,304000,HPG,1.4705035912784057,1.4928646138991937,0.022361022620787985,0.021262079816559976,0.0010989428042280092,False,False,False,False,False,False,,
2010-12-27,1.5,1.5,1.47,1.5,163170,HPG,1.4726885104429683,1.49396236560701,0.021273855164041677,0.021264434886056317,9.420277985359993e-06,False,False,False,False,False,False,,
2010-12-28,1.48,1.5,1.48,1.5,195150,HPG,1.4747115837434892,1.4948912324367007,0.020179648693211538,0.02104747764748736,-0.0008678289542758226,False,False,False,False,False,False,,
2010-12-29,1.5,1.5,1.48,1.49,193870,HPG,1.4758440590217494,1.4941387351387467,0.01829467611699731,0.02049691734138935,-0.0022022412243920403,False,False,False,False,False,False,,
2010-12-30,1.48,1.49,1.48,1.49,317530,HPG,1.4768926472423607,1.4935020066558624,0.016609359413501723,0.019719405755811825,-0.003110046342310102,False,False,False,False,False,False,,
2010-12-31,1.48,1.49,1.47,1.49,231060,HPG,1.477863562261445,1.4929632364011143,0.015099674139669172,0.018795459432583296,-0.0036957852929141236,False,False,False,False,False,False,,
2011-01-04,1.49,1.5,1.48,1.48,134810,HPG,1.4780218169087453,1.4909688923394042,0.012947075430658872,0.01762578263219841,-0.004678707201539539,False,False,False,False,False,False,,
2011-01-05,1.48,1.48,1.45,1.45,168800,HPG,1.4759461267673568,1.48466598582565,0.008719859058293089,0.01584459791741735,-0.00712473885912426,False,False,False,False,False,False,,
2011-01-06,1.45,1.45,1.42,1.43,164830,HPG,1.472542709969775,1.4762558341601653,0.003713124190390271,0.013418303172011934,-0.009705178981621662,False,False,False,True,False,False,,
2011-01-07,1.46,1.46,1.43,1.45,112350,HPG,1.4708728796016435,1.4722164750586015,0.0013435954569580577,0.01100336162900116,-0.009659766172043102,False,False,False,False,False,False,,
2011-01-10,1.45,1.45,1.43,1.45,154810,HPG,1.4693267403718921,1.4687985558188168,-0.0005281845530753504,0.008697052392585858,-0.009225236945661209,False,False,False,False,False,False,,
2011-01-11,1.43,1.44,1.42,1.43,153580,HPG,1.4664136484924928,1.4628295472313064,-0.0035841012611863565,0.006240821661831415,-0.009824922923017771,False,False,False,False,False,False,,
2011-01-12,1.44,1.44,1.42,1.42,117170,HPG,1.462975600456012,1.4562403861187978,-0.006735214337214135,0.003645614462022305,-0.010380828799236439,False,True,False,True,False,False,,
2011-01-13,1.43,1.43,1.42,1.43,264560,HPG,1.4605329633851962,1.4522034036389828,-0.00832955974621341,0.0012505796203751622,-0.009580139366588573,False,False,False,False,False,False,,
2011-01-14,1.43,1.43,1.42,1.43,290420,HPG,1.4582712623937002,1.4487874953868316,-0.009483767006868593,-0.0008962897050735889,-0.008587477301795004,False,False,False,False,False,False,,
2011-01-17,1.45,1.47,1.43,1.44,257360,HPG,1.4569178355497225,1.4474355730196267,-0.009482262530095875,-0.0026134842700780464,-0.006868778260017829,False,False,False,False,False,False,,
2011-01-18,1.45,1.45,1.44,1.44,280070,HPG,1.4556646625460394,1.4462916387089149,-0.009373023837124572,-0.003965392183487352,-0.00540763165363722,False,False,False,False,False,False,,
2011-01-19,1.45,1.5,1.45,1.48,457860,HPG,1.4574672801352215,1.4514775404460047,-0.005989739689216789,-0.004370261684633239,-0.0016194780045835494,False,False,False,False,False,False,,
2011-01-20,1.45,1.5,1.45,1.48,361670,HPG,1.4591363704955753,1.4558656111466193,-0.0032707593489560427,-0.0041503612174978,0.0008796018685417574,False,False,False,False,False,False,,
2011-01-21,1.48,1.48,1.47,1.48,302420,HPG,1.46068182453294,1.4595785940471393,-0.0011032304858007436,-0.003540935071158389,0.0024377045853576453,False,False,False,False,False,False,,
2011-01-24,1.48,1.48,1.45,1.47,111030,HPG,1.4613720597527222,1.4611818872706563,-0.00019017248206587567,-0.002870782553339886,0.0026806100712740105,False,False,True,False,False,False,,
2011-01-25,1.44,1.45,1.44,1.45,218100,HPG,1.4605296849562244,1.4594615969213247,-0.0010680880348996613,-0.002510243649651841,0.0014421556147521798,False,False,False,False,False,False,,
2011-01-26,1.44,1.45,1.44,1.45,188520,HPG,1.4597497082928004,1.4580059666257363,-0.001743741667064036,-0.0023569432531342803,0.0006132015860702443,False,False,False,False,False,False,,
2011-01-27,1.46,1.49,1.46,1.49,428250,HPG,1.461990470641482,1.4629281256063922,0.0009376549649102728,-0.0016980236095253697,0.0026356785744356425,False,False,False,False,False,False,,
2011-01-28,1.48,1.49,1.48,1.49,370830,HPG,1.4640652505939649,1.4670930293592548,0.0030277787652899235,-0.0007528631345623113,0.0037806418998522348,False,False,False,False,False,False,,
2011-02-08,1.5,1.53,1.47,1.51,431720,HPG,1.4674678246240416,1.4736941017655232,0.0062262771414816065,0.0006429649206464724,0.005583312220835134,False,False,False,False,False,False,,
2011-02-09,1.53,1.53,1.5,1.5,391520,HPG,1.4698776153926312,1.4777411630323658,0.007863547639734625,0.002087081464464103,0.005776466175270521,True,False,True,False,False,False,,
2011-02-10,1.52,1.52,1.5,1.5,230160,HPG,1.4721089031413253,1.481165599488925,0.009056696347599758,0.003481004441091234,0.0055756919065085234,False,False,False,False,False,False,,
2011-02-11,1.5,1.5,1.48,1.49,70830,HPG,1.4734341695753013,1.4825247380290905,0.009090568453789194,0.004602917243630826,0.004487651210158368,False,False,False,False,False,False,,
2011-02-14,1.49,1.49,1.47,1.47,245090,HPG,1.4731797866437975,1.4805978552553842,0.007418068611586781,0.0051659475172220175,0.0022521210943647636,False,False,False,False,False,False,,
2011-02-15,1.44,1.46,1.42,1.44,354670,HPG,1.4707220246701829,1.4743520313699403,0.0036300066997574376,0.004858759353729101,-0.0012287526539716638,False,False,False,False,False,False,,
2011-02-16,1.45,1.45,1.42,1.42,149890,HPG,1.4669648376575768,1.4659901803899495,-0.0009746572676272436,0.0036920760294578327,-0.004666733297085076,False,False,False,False,False,False,,
2011-02-17,1.39,1.41,1.39,1.41,426790,HPG,1.4627452200533118,1.4573763064838035,-0.0053689135695083046,0.0018798781096646053,-0.00724879167917291,False,False,False,False,False,False,,
2011-02-18,1.41,1.42,1.4,1.4,254020,HPG,1.4580974259752886,1.4485491824093724,-0.009548243565916215,-0.0004057462254515587,-0.009142497340464656,False,False,False,False,False,False,,
2011-02-21,1.38,1.38,1.33,1.33,265400,HPG,1.4486087277548967,1.4303108466540844,-0.01829788110081232,-0.003984173200523711,-0.014313707900288608,False,False,False,False,False,False,,
2011-02-22,1.26,1.29,1.26,1.28,605710,HPG,1.4361191923656451,1.4071861010149944,-0.028933091350650697,-0.008973956830549109,-0.01995913452010159,False,False,False,False,False,False,,
2011-02-23,1.28,1.31,1.27,1.27,186830,HPG,1.4238140670052268,1.3860805470126876,-0.037733519992539266,-0.014725869462947141,-0.023007650529592125,False,False,False,False,False,False,,
2011-02-24,1.26,1.26,1.21,1.23,346440,HPG,1.409457469449284,1.362068155164582,-0.047389314284702166,-0.021258558427298145,-0.02613075585740402,False,True,False,True,False,False,,
2011-02-25,1.23,1.28,1.23,1.28,60440,HPG,1.3998680272678556,1.3494422851392616,-0.050425742128594075,-0.027091995167557333,-0.023333746961036742,False,False,False,False,False,False,,
2011-02-28,1.28,1.28,1.23,1.23,296390,HPG,1.3872852104331996,1.3310665489639906,-0.056218661469209064,-0.03291732842788768,-0.023301333041321384,False,False,False,False,False,False,,
2011-03-01,1.2,1.23,1.2,1.2,315470,HPG,1.373412231882592,1.310902464507992,-0.06250976737460001,-0.038835816217230146,-0.023673951157369866,False,False,False,False,False,False,,
2011-03-02,1.2,1.21,1.15,1.15,694100,HPG,1.3568631776690667,1.2861482391990702,-0.07071493846999655,-0.04521164066778343,-0.025503297802213117,False,False,False,True,False,False,,
2011-03-03,1.11,1.16,1.11,1.15,157570,HPG,1.34153997932321,1.2652023562453671,-0.07633762307784275,-0.0514368371497953,-0.024900785928047453,False,False,False,False,False,False,,
2011-03-04,1.16,1.16,1.14,1.15,356990,HPG,1.327351832706676,1.247478916823003,-0.07987291588367307,-0.057124052896570854,-0.022748862987102214,False,False,False,False,False,False,,
2011-03-07,1.19,1.19,1.13,1.15,550710,HPG,1.3142146599135889,1.2324821603886948,-0.08173249952489403,-0.062045742222235495,-0.019686757302658536,False,False,False,False,False,False,,
2011-03-08,1.15,1.16,1.14,1.15,555030,HPG,1.302050611031101,1.2197925972519725,-0.08225801377912845,-0.06608819653361409,-0.016169817245514362,False,False,False,False,False,False,,
2011-03-09,1.16,1.2,1.14,1.2,355690,HPG,1.2944913065102785,1.2167475822901306,-0.07774372422014797,-0.06841930207092087,-0.009324422149227102,False,False,False,False,False,False,,
2011-03-10,1.26,1.26,1.26,1.26,263820,HPG,1.2919363949169245,1.2234018003993412,-0.06853459451758326,-0.06844236056025335,-9.223395732990691e-05,False,False,False,False,False,False,,
2011-03-11,1.32,1.32,1.31,1.32,294330,HPG,1.2940151804786337,1.2382630618763657,-0.05575211860226803,-0.06590431216865629,0.01015219356638826,False,False,False,False,False,False,,
2011-03-14,1.3,1.32,1.25,1.25,404350,HPG,1.2907547967394757,1.240068744664617,-0.050686052074858656,-0.06286066014989677,0.012174608075038118,False,False,False,False,False,False,,
2011-03-15,1.23,1.31,1.22,1.29,126150,HPG,1.290698885869885,1.2477504762546758,-0.04294840961520907,-0.058878210042959234,0.015929800427750163,False,False,False,False,False,False,,
2011-03-16,1.31,1.31,1.26,1.26,329870,HPG,1.2884248943239673,1.249635018369341,-0.03878987595462635,-0.05486054322529266,0.016070667270666306,False,False,False,False,False,False,,
2011-03-17,1.32,1.32,1.26,1.29,226710,HPG,1.2885415688184882,1.2558450155432885,-0.03269655327519971,-0.050427745235274074,0.01773119196007436,False,False,False,False,False,False,,
2011-03-18,1.27,1.35,1.27,1.35,524980,HPG,1.293094045202304,1.2703303977673979,-0.02276364743490622,-0.04489492567520051,0.02213127824029429,False,False,False,False,False,False,,
2011-03-21,1.36,1.36,1.33,1.33,301800,HPG,1.295827819631763,1.2795103365724136,-0.016317483059349325,-0.039179437152030275,0.02286195409268095,False,False,False,False,False,False,,
2011-03-22,1.33,1.37,1.33,1.35,566080,HPG,1.299840573733114,1.2903549001766577,-0.009485673556456353,-0.033240684432915495,0.02375501087645914,False,False,False,False,False,False,,
2011-03-23,1.36,1.38,1.36,1.37,699690,HPG,1.305037568271402,1.3026079924571718,-0.0024295758142300894,-0.027078462709178415,0.024648886894948326,False,False,False,False,False,False,,
2011-03-24,1.39,1.4,1.38,1.38,614070,HPG,1.3105903409920387,1.3145144551560686,0.003924114164029824,-0.02087794733453677,0.024802061498566595,True,False,True,False,False,False,,
2011-03-25,1.39,1.4,1.38,1.39,594480,HPG,1.3164725379555915,1.3261276159012887,0.009655077945697199,-0.014771342278489977,0.024426420224187177,False,False,False,False,False,False,,
2011-03-28,1.39,1.4,1.38,1.39,608330,HPG,1.3219190166255477,1.3359541365318597,0.01403511990631201,-0.009010049841529581,0.02304516974784159,False,False,False,False,False,False,,
2011-03-29,1.39,1.4,1.37,1.39,594280,HPG,1.3269620524310626,1.3442688847577273,0.017306832326664745,-0.0037466734078907163,0.02105350573455546,False,False,False,False,False,False,,
2011-03-30,1.39,1.39,1.36,1.36,766270,HPG,1.3294093078065394,1.3466890563334617,0.017279748526922267,0.0004586109790718808,0.016821137547850386,False,False,False,False,False,False,,
2011-03-31,1.36,1.37,1.35,1.35,278890,HPG,1.3309345442653144,1.3471984322821597,0.016263888016845307,0.003619666386626566,0.01264422163021874,False,False,False,False,False,False,,
2011-04-01,1.37,1.37,1.35,1.35,140180,HPG,1.3323468002456615,1.3476294427002888,0.015282642454627293,0.0059522616002267124,0.00933038085440058,False,False,False,False,False,False,,
2011-04-04,1.35,1.36,1.33,1.35,344400,HPG,1.333654444671909,1.3479941438233212,0.0143396991514122,0.00762974911046381,0.00670995004094839,False,False,False,False,False,False,,
2011-04-05,1.36,1.36,1.33,1.35,110340,HPG,1.334865226548064,1.3483027370812717,0.01343751053320763,0.008791301395012574,0.004646209138195056,False,False,False,False,False,False,,
2011-04-06,1.35,1.38,1.34,1.38,258020,HPG,1.3382085431000592,1.3531792390687682,0.014970695968709036,0.010027180309751867,0.004943515658957169,False,False,True,False,False,False,,
2011-04-07,1.35,1.38,1.35,1.36,88850,HPG,1.3398227250926475,1.3542285869043424,0.014405861811694898,0.010902916610140473,0.0035029452015544246,False,False,False,False,False,False,,
2011-04-08,1.36,1.36,1.35,1.36,478010,HPG,1.3413173380487478,1.3551164966113667,0.01379915856261893,0.011482165000636164,0.0023169935619827657,False,False,False,False,False,False,,
2011-04-13,1.36,1.36,1.35,1.35,158440,HPG,1.3419604981932851,1.3543293432865409,0.012368845093255754,0.011659501019160082,0.0007093440740956712,False,False,False,False,False,False,,
2011-04-14,1.35,1.36,1.35,1.35,257560,HPG,1.3425560168456345,1.3536632904732269,0.01110727362759234,0.011549055540846533,-0.0004417819132541932,False,False,False,False,False,False,,
2011-04-15,1.36,1.36,1.35,1.36,326260,HPG,1.343848163745958,1.3546381688619613,0.010790005116003254,0.011397245455877877,-0.0006072403398746234,False,False,False,False,False,False,,
2011-04-18,1.35,1.36,1.35,1.35,326200,HPG,1.3443038553203317,1.3539246044216595,0.009620749101327819,0.011041946184967866,-0.001421197083640047,False,False,False,False,False,False,,
2011-04-19,1.35,1.36,1.33,1.33,138150,HPG,1.3432443104817886,1.3502438960490966,0.006999585567307953,0.010233474061435885,-0.003233888494127932,False,False,False,False,False,False,,
2011-04-20,1.35,1.35,1.3,1.33,179290,HPG,1.3422632504461005,1.3471294505030817,0.00486620005698124,0.009160019260544957,-0.004293819203563717,False,False,False,False,False,False,,
2011-04-21,1.33,1.33,1.3,1.31,108300,HPG,1.3398733800426856,1.3414172273487615,0.0015438473060758184,0.0076367848696511295,-0.006092937563575311,False,False,False,False,False,False,,
2011-04-22,1.31,1.31,1.28,1.28,125090,HPG,1.3354383148543387,1.3319684231412596,-0.0034698917130790985,0.005415449553105084,-0.008885341266184184,False,True,False,True,False,False,,
2011-04-25,1.31,1.34,1.31,1.34,63720,HPG,1.335776217457721,1.3332040503502967,-0.0025721671074243613,0.0038179262209991956,-0.006390093328423557,False,False,False,False,False,False,,
2011-04-26,1.31,1.33,1.31,1.33,98390,HPG,1.3353483494978897,1.3327111195271741,-0.002637229970715582,0.0025268949826562402,-0.005164124953371822,False,False,False,False,False,False,,
2011-04-27,1.33,1.34,1.31,1.34,132450,HPG,1.3356929162017497,1.3338324857537627,-0.0018604304479870049,0.0016494298965275913,-0.003509860344514596,False,False,False,False,False,False,,
2011-04-28,1.31,1.34,1.31,1.33,64470,HPG,1.3352712187053237,1.333242872560876,-0.0020283461444476902,0.000913874688332535,-0.002942220832780225,False,False,False,False,False,False,,
2011-04-29,1.34,1.35,1.32,1.32,78840,HPG,1.3341400173197442,1.3312055075515106,-0.0029345097682336174,0.0001441977970193045,-0.0030787075652529217,False,False,False,True,False,False,,
2011-05-04,1.32,1.36,1.32,1.36,156050,HPG,1.3360555715923559,1.3356354294666628,-0.0004201421256930793,3.132981247682773e-05,-0.00045147193816990705,False,False,False,False,False,False,,
2011-05-05,1.37,1.37,1.35,1.36,184350,HPG,1.3378292329558852,1.33938382493333,0.0015545919774448969,0.0003359822454704416,0.0012186097319744553,False,False,False,False,False,False,,
2011-05-06,1.37,1.38,1.36,1.36,274640,HPG,1.33947151199619,1.3425555441743564,0.0030840321781664404,0.0008855922320096415,0.0021984399461567987,False,False,True,False,False,False,,
2011-05-09,1.36,1.36,1.35,1.35,257850,HPG,1.3402513999964722,1.3437008450706092,0.0034494450741369143,0.001398362800435096,0.0020510822737018182,False,False,False,False,False,False,,
2011-05-10,1.35,1.36,1.35,1.36,236070,HPG,1.341714259255993,1.3462084073674385,0.004494148111445551,0.002017519862637187,0.0024766282488083635,False,False,False,False,False,False,,
2011-05-11,1.35,1.36,1.35,1.36,62170,HPG,1.343068758570364,1.3483301908493712,0.0052614322790072166,0.002666302345911193,0.0025951299330960235,True,False,True,False,False,False,,
2011-05-12,1.36,1.36,1.34,1.34,67660,HPG,1.3428414431207074,1.347048623026391,0.0042071799056835335,0.0029744778578656614,0.001232702047817872,False,False,False,False,False,False,,
2011-05-13,1.35,1.35,1.33,1.35,190860,HPG,1.3433717065932478,1.3475026810223307,0.004130974429082945,0.0032057771721091186,0.0009251972569738268,False,False,False,False,False,False,,
2011-05-16,1.35,1.36,1.34,1.35,135470,HPG,1.3438626912900444,1.347886883941972,0.0040241926519275495,0.0033694602680728047,0.0006547323838547447,False,False,False,False,False,False,,
2011-05-17,1.35,1.35,1.32,1.32,174170,HPG,1.3420950845278188,1.3435965941047456,0.0015015095769268516,0.0029958701298436145,-0.0014943605529167629,False,False,False,False,False,False,,
2011-05-18,1.32,1.32,1.3,1.31,152390,HPG,1.3397176708590914,1.3384278873194,-0.001289783539691447,0.0021387393959366023,-0.0034285229356280492,False,False,False,False,False,False,,
2011-05-19,1.29,1.35,1.29,1.31,96030,HPG,1.3375163619065662,1.3340543661933384,-0.0034619957132278056,0.0010185923741037207,-0.004480588087331526,False,False,False,False,False,False,,
2011-05-20,1.31,1.31,1.25,1.25,212630,HPG,1.3310336684320057,1.321122925240517,-0.009910743191488658,-0.001167274739014755,-0.008743468452473903,False,False,False,False,False,False,,
2011-05-23,1.21,1.21,1.19,1.2,165810,HPG,1.3213274707703755,1.3024886290496682,-0.018838841720707267,-0.004701588135353258,-0.014137253585354009,False,False,False,False,False,False,,
2011-05-24,1.15,1.16,1.14,1.15,235280,HPG,1.308636547009607,1.279028839965104,-0.029607707044503107,-0.009682811917183228,-0.01992489512731988,False,False,False,False,False,False,,
2011-05-25,1.12,1.15,1.1,1.1,404490,HPG,1.2931819879718585,1.251485941508934,-0.04169604646292435,-0.016085458826331455,-0.025610587636592897,False,True,False,True,False,False,,
2011-05-26,1.05,1.16,1.05,1.16,169040,HPG,1.2833166555294986,1.2374111812767903,-0.0459054742527083,-0.022049461911606824,-0.023856012341101476,False,False,False,False,False,False,,
2011-05-27,1.21,1.21,1.18,1.21,164420,HPG,1.2778857921569433,1.2331940764649763,-0.04469171569196706,-0.026577912667678873,-0.018113803024288187,False,False,False,False,False,False,,
2011-05-30,1.21,1.22,1.18,1.18,145240,HPG,1.2706349927379104,1.2250103723934416,-0.04562462034446879,-0.030387254203036857,-0.015237366141431934,False,False,False,False,False,False,,
2011-05-31,1.18,1.23,1.16,1.23,171290,HPG,1.267624993275843,1.2257780074098352,-0.04184698586600777,-0.032679200535631045,-0.009167785330376724,False,False,False,False,False,False,,
2011-06-01,1.23,1.3,1.2,1.3,265870,HPG,1.2700231419220769,1.2371967755006297,-0.032826366421447206,-0.032708633712794276,-0.00011773270865293034,False,False,False,False,False,False,,
2011-06-02,1.33,1.35,1.31,1.33,361870,HPG,1.2744658721500712,1.251474194654379,-0.022991677495692198,-0.030765242469373864,0.007773564973681667,False,False,False,False,False,False,,
2011-06-03,1.35,1.35,1.27,1.33,452110,HPG,1.278579511250066,1.2635550877844746,-0.015024423465591408,-0.027617078668617373,0.012592655203025965,False,False,False,False,False,False,,
2011-06-06,1.31,1.31,1.27,1.29,63570,HPG,1.2794254733796908,1.2676235358176322,-0.011801937562058606,-0.02445405044730562,0.012652112885247015,False,False,False,False,False,False,,
2011-06-07,1.35,1.35,1.32,1.35,125110,HPG,1.2846532160923063,1.2802968379995348,-0.004356378092771562,-0.020434515976398813,0.01607813788362725,True,False,True,False,False,False,,
2011-06-08,1.35,1.35,1.3,1.31,174990,HPG,1.2865307556410244,1.2848665552303755,-0.0016642004106488528,-0.01668045286324882,0.015016252452599969,False,False,False,False,False,False,,
2011-06-09,1.31,1.32,1.31,1.31,117160,HPG,1.2882692181861337,1.288733239041087,0.0004640208549533398,-0.01325155811960839,0.013715578974561729,False,False,False,False,False,False,,
2011-06-10,1.31,1.35,1.31,1.31,116840,HPG,1.2898789057279016,1.2920050484193815,0.0021261426914798154,-0.010176017957390749,0.012302160648870564,False,False,False,False,False,False,,
2011-06-13,1.29,1.31,1.29,1.3,127690,HPG,1.2906286164147238,1.2932350409702458,0.002606424555521958,-0.007619529454808208,0.010225954010330166,False,False,False,False,False,False,,
2011-06-14,1.33,1.33,1.29,1.29,165980,HPG,1.2905820522358555,1.2927373423594388,0.0021552901235832866,-0.00566456553912991,0.007819855662713197,False,False,False,False,False,False,,
2011-06-15,1.28,1.29,1.26,1.26,178270,HPG,1.2883167150331996,1.2877008281502944,-0.0006158868829051478,-0.004654829807884958,0.00403894292497981,False,False,False,False,False,False,,
2011-06-16,1.31,1.31,1.28,1.28,189240,HPG,1.2877006620677776,1.2865160853579414,-0.0011845767098361826,-0.003960779188275203,0.0027762024784390204,False,False,False,False,False,False,,
2011-06-17,1.29,1.29,1.22,1.22,373670,HPG,1.2826857982109052,1.2762828414567196,-0.0064029567541856736,-0.004449214701457297,-0.001953742052728377,False,False,False,False,False,False,,
2011-06-20,1.27,1.27,1.21,1.21,145450,HPG,1.2773016650100975,1.2660854812326088,-0.011216183777488675,-0.005802608516663572,-0.005413575260825103,False,False,False,True,False,False,,
2011-06-21,1.21,1.27,1.21,1.25,48170,HPG,1.275279319453794,1.2636107918122075,-0.011668527641586435,-0.006975792341648145,-0.0046927352999382894,False,False,False,False,False,False,,
2011-06-22,1.27,1.27,1.26,1.27,168910,HPG,1.2748882587535129,1.2645937469180217,-0.010294511835491127,-0.007639536240416742,-0.002654975595074385,False,False,False,False,False,False,,
2011-06-23,1.23,1.26,1.23,1.24,129890,HPG,1.2723039432902896,1.2608100935460185,-0.011493849744271145,-0.008410398941187622,-0.003083450803083523,False,False,False,False,False,False,,
2011-06-24,1.26,1.26,1.22,1.23,248300,HPG,1.2691703178613793,1.2560700791543233,-0.013100238707056011,-0.0093483668943613,-0.0037518718126947105,False,False,False,False,False,False,,
2011-06-27,1.23,1.24,1.2,1.2,233660,HPG,1.264046590612388,1.2474439131305812,-0.016602677481806882,-0.010799229011850417,-0.005803448469956465,False,False,False,False,False,False,,
2011-06-28,1.2,1.22,1.18,1.21,79330,HPG,1.260043139455915,1.2416833111104917,-0.01835982834542338,-0.01231134887856501,-0.006048479466858369,False,False,False,False,False,False,,
2011-06-29,1.23,1.23,1.2,1.2,85680,HPG,1.2555954994962175,1.23527049401657,-0.02032500547964755,-0.013914080198781518,-0.006410925280866033,False,False,False,False,False,False,,
2011-06-30,1.19,1.21,1.17,1.18,153710,HPG,1.249995832866868,1.2267673410909437,-0.023228491775924454,-0.015776962514210107,-0.0074515292617143465,False,False,False,False,False,False,,
2011-07-01,1.16,1.18,1.15,1.16,181930,HPG,1.2433294748767298,1.2164954424615677,-0.026834032415162135,-0.017988376494400514,-0.00884565592076162,False,True,False,True,False,False,,
2011-07-04,1.17,1.21,1.13,1.21,311340,HPG,1.2408606248858611,1.2154961436213265,-0.02536448126453461,-0.019463597448427333,-0.005900883816107278,False,False,False,False,False,False,,
2011-07-05,1.22,1.22,1.21,1.21,110250,HPG,1.2385746526720938,1.2146505830641994,-0.023924069607894394,-0.020355691880320746,-0.003568377727573648,False,False,False,False,False,False,,
2011-07-06,1.22,1.22,1.19,1.2,59450,HPG,1.2357172709926794,1.2123966472081686,-0.02332062378451072,-0.020948678261158742,-0.0023719455233519766,False,False,False,False,False,False,,
2011-07-07,1.17,1.18,1.15,1.16,88350,HPG,1.230108584252481,1.2043356245607582,-0.025772959691722885,-0.021913534547271574,-0.0038594251444513117,False,False,False,False,False,False,,
2011-07-08,1.16,1.16,1.14,1.15,238330,HPG,1.2241746150485937,1.1959762977052568,-0.028198317343336887,-0.02317049110648464,-0.005027826236852249,False,False,False,False,False,False,,
2011-07-11,1.15,1.16,1.14,1.15,60400,HPG,1.2186801991190683,1.1889030211352174,-0.029777177983850933,-0.024491828481957897,-0.005285349501893036,False,False,False,False,False,False,,
2011-07-12,1.15,1.15,1.11,1.11,222360,HPG,1.2106298139991374,1.1767640948067224,-0.03386571919241499,-0.026366606624049316,-0.007499112568365673,False,True,False,True,False,False,,
2011-07-13,1.15,1.16,1.11,1.13,189150,HPG,1.2046572351843863,1.1695696186826112,-0.035087616501775054,-0.028110808599594465,-0.006976807902180589,False,False,False,False,False,False,,
2011-07-14,1.14,1.14,1.12,1.13,123960,HPG,1.1991270696151723,1.1634819850391325,-0.035645084576039876,-0.02961766379488355,-0.006027420781156326,False,False,False,False,False,False,,
2011-07-15,1.13,1.13,1.11,1.11,106070,HPG,1.1925250644584928,1.1552539873408043,-0.03727107711768851,-0.031148346459444542,-0.00612273065824397,False,False,False,True,False,False,,
2011-07-18,1.11,1.11,1.1,1.11,153980,HPG,1.1864120967208267,1.148291835442219,-0.03812026127860779,-0.0325427294232772,-0.005577531855330595,False,False,False,False,False,False,,
2011-07-19,1.11,1.11,1.11,1.11,56110,HPG,1.1807519414081729,1.1424007838357237,-0.03835115757244911,-0.033704415053111586,-0.004646742519337527,False,False,False,False,False,False,,
2011-07-20,1.11,1.16,1.11,1.16,165880,HPG,1.1792147605631231,1.1451083555533046,-0.03410640500981854,-0.03378481304445298,-0.00032159196536556134,False,False,False,False,False,False,,
2011-07-21,1.13,1.13,1.11,1.11,284400,HPG,1.174087741262151,1.1397070700835654,-0.034380671178585676,-0.033903984671279516,-0.00047668650730615936,False,False,False,True,True,False,2011-07-01,
2011-07-22,1.13,1.13,1.11,1.11,50940,HPG,1.1693405011686584,1.1351367516091706,-0.034203749559487795,-0.03396393764892117,-0.0002398119105666216,False,False,False,False,False,False,,
2011-07-25,1.1,1.13,1.1,1.12,98560,HPG,1.1656856492302392,1.1328080205923752,-0.03287762863786403,-0.03374667584670975,0.0008690472088457163,False,False,False,False,False,False,,
2011-07-26,1.12,1.13,1.12,1.13,181720,HPG,1.163042267805777,1.1323760174243174,-0.030666250381459648,-0.033130590753659726,0.0024643403722000787,False,False,False,False,False,False,,
2011-07-27,1.13,1.14,1.13,1.14,97730,HPG,1.1613354331534973,1.1335489378205763,-0.02778649533292099,-0.032061771669511976,0.004275276336590986,False,False,False,False,False,False,,
2011-07-28,1.15,1.15,1.14,1.15,154810,HPG,1.1604957714384234,1.1360798704635646,-0.024415900974858795,-0.03053259753058134,0.006116696555722546,False,False,False,False,False,False,,
2011-07-29,1.14,1.17,1.13,1.17,195130,HPG,1.1611997883689107,1.1412983519307085,-0.01990143643820219,-0.02840636531210551,0.00850492887390332,False,False,False,False,False,False,,
2011-08-01,1.16,1.16,1.15,1.15,58620,HPG,1.160370174415658,1.1426370670182917,-0.017733107397366332,-0.026271713729157677,0.008538606331791345,True,False,True,False,False,False,,
2011-08-02,1.14,1.15,1.13,1.14,157470,HPG,1.1588612726070906,1.142231364400093,-0.016629908206997612,-0.024343352624725666,0.007713444417728053,False,False,False,False,False,False,,
2011-08-03,1.12,1.14,1.11,1.12,214640,HPG,1.15598265982138,1.1388111544923865,-0.017171505328993586,-0.022908983165579253,0.005737477836585667,False,False,False,False,False,False,,
2011-08-04,1.14,1.15,1.12,1.13,211860,HPG,1.1540580183531295,1.1374555922627885,-0.016602426090341016,-0.021647671750531606,0.00504524566019059,False,False,False,False,False,False,,
2011-08-05,1.14,1.14,1.13,1.14,171480,HPG,1.1530166836603053,1.1378470396069749,-0.015169644053330433,-0.020352066211091372,0.005182422157760939,False,False,True,False,False,False,,
2011-08-08,1.14,1.14,1.1,1.1,221440,HPG,1.1490895219076902,1.1320244181289787,-0.01706510377871151,-0.0196946737246154,0.002629569945903888,False,False,False,False,False,False,,
2011-08-09,1.06,1.09,1.06,1.06,218700,HPG,1.142490298062676,1.1209437384168282,-0.02154655964584795,-0.02006505090886191,-0.001481508736986041,False,False,False,False,False,False,,
2011-08-10,1.06,1.09,1.05,1.05,182580,HPG,1.135639164872848,1.1100293171219315,-0.02560984775091657,-0.021174010277272844,-0.0044358374736437264,False,False,False,False,False,False,,
2011-08-11,1.04,1.04,1.03,1.04,116210,HPG,1.1285547822896742,1.0992555760262497,-0.029299206263424526,-0.02279904947450318,-0.006500156788921345,False,False,False,False,False,False,,
2011-08-12,1.06,1.06,1.03,1.03,148290,HPG,1.1212544280459946,1.0886008720222113,-0.03265355602378328,-0.024769950784359205,-0.007883605239424076,False,True,False,True,False,False,,
2011-08-15,1.03,1.04,1.03,1.04,40000,HPG,1.115235581524069,1.0811238147880249,-0.03411176673604421,-0.02663831397469621,-0.007473452761348004,False,False,False,False,False,False,,
2011-08-16,1.04,1.06,1.04,1.04,103010,HPG,1.1096625754852492,1.0747970740514057,-0.03486550143384348,-0.028283751466525668,-0.006581749967317814,False,False,False,False,False,False,,
2011-08-17,1.05,1.08,1.05,1.08,151760,HPG,1.107465347671527,1.0755975241973432,-0.03186782347418382,-0.0290005658680573,-0.002867257606126522,False,False,False,False,False,False,,
2011-08-18,1.1,1.12,1.1,1.12,211380,HPG,1.1083938404365992,1.082428674320829,-0.025965166115770266,-0.028393485917599895,0.0024283198018296287,False,False,False,False,False,False,,
2011-08-19,1.1,1.1,1.08,1.08,148250,HPG,1.1062905929968512,1.0820550321176245,-0.024235560879226625,-0.027561900909925243,0.003326340030698618,False,False,False,False,False,False,,
2011-08-22,1.08,1.12,1.08,1.12,334740,HPG,1.107306104626714,1.087892719484144,-0.019413385142570183,-0.025932197756454233,0.00651881261388405,False,False,False,False,False,False,,
2011-08-23,1.11,1.12,1.1,1.11,241360,HPG,1.1075056524321427,1.0912938395635063,-0.016211812868636377,-0.023988120778890665,0.007776307910254288,False,False,True,False,False,False,,
2011-08-24,1.12,1.12,1.08,1.08,479150,HPG,1.1054681966964286,1.0895563257845053,-0.015911870911923254,-0.022372870805497186,0.006460999893573932,False,False,False,False,False,False,,
2011-08-25,1.1,1.1,1.08,1.08,239280,HPG,1.1035816636078044,1.0880861218176583,-0.015495541790146117,-0.020997405002426972,0.005501863212280855,False,False,False,False,False,False,,
2011-08-26,1.08,1.09,1.08,1.08,388260,HPG,1.10183487371093,1.08684210307648,-0.014992770634449926,-0.019796478128831563,0.004803707494381637,False,False,False,False,False,False,,
2011-08-29,1.1,1.12,1.08,1.12,459310,HPG,1.1031804386212314,1.0919433179877909,-0.011237120633440512,-0.018084606629753353,0.006847485996312842,False,False,False,False,False,False,,
2011-08-30,1.13,1.13,1.11,1.12,430170,HPG,1.1044263320566956,1.0962597306050539,-0.00816660145164172,-0.016101005594131027,0.007934404142489308,False,False,False,False,False,False,,
2011-08-31,1.1,1.13,1.1,1.12,466520,HPG,1.105579937089533,1.099912079742738,-0.00566785734679498,-0.014014375944663818,0.008346518597868838,False,False,False,False,False,False,,
2011-09-01,1.12,1.13,1.12,1.13,398520,HPG,1.1073888306384563,1.1045409905515475,-0.0028478400869087483,-0.011781068773112805,0.008933228686204057,False,False,False,False,False,False,,
2011-09-05,1.13,1.18,1.12,1.14,836250,HPG,1.1098044728133853,1.1099962227743865,0.00019174996100113084,-0.009386505026290019,0.00957825498729115,False,False,True,False,False,False,,
2011-09-06,1.14,1.16,1.12,1.13,510330,HPG,1.1113004377901716,1.1130737269629423,0.0017732891727706424,-0.007154546186477886,0.008927835359248529,False,False,False,False,False,False,,
2011-09-07,1.15,1.15,1.14,1.15,473180,HPG,1.1141670720279369,1.1187546920455664,0.004587620017629579,-0.004806112945656394,0.009393732963285974,False,False,False,False,False,False,,
2011-09-08,1.16,1.2,1.16,1.18,932160,HPG,1.1190435852110525,1.1281770471154793,0.009133461904426765,-0.002018197975639762,0.011151659880066528,False,False,False,False,False,False,,
2011-09-09,1.18,1.21,1.16,1.18,348310,HPG,1.123558875195419,1.1361498090977133,0.012590933902294266,0.0009036283999470437,0.011687305502347221,True,False,True,False,False,False,,
2011-09-12,1.18,1.19,1.15,1.16,674470,HPG,1.1262582177735363,1.1398190692365266,0.013560851462990353,0.0034350730125557055,0.010125778450434648,False,False,False,False,False,False,,
2011-09-13,1.16,1.18,1.15,1.16,429130,HPG,1.1287576090495708,1.1429238278155225,0.0141662187659517,0.0055813021632349046,0.008584916602716795,False,False,False,False,False,False,,
2011-09-14,1.16,1.16,1.12,1.12,552160,HPG,1.128108897268121,1.1393970850746729,0.01128818780655183,0.00672267929189829,0.0045655085146535405,False,False,False,False,False,False,,
2011-09-15,1.11,1.12,1.09,1.1,496330,HPG,1.1260267567297417,1.1333359950631847,0.007309238333442991,0.006839991100207231,0.00046924723323576046,False,False,False,False,False,False,,
2011-09-16,1.1,1.1,1.08,1.08,956270,HPG,1.1226173673423536,1.1251304573611562,0.0025130900188026217,0.00597461088392631,-0.003461520865123688,False,False,False,True,False,False,,
2011-09-19,1.08,1.12,1.08,1.12,315610,HPG,1.122423488279957,1.1243411562286707,0.0019176679487136195,0.005163222296883771,-0.003245554348170152,False,False,False,False,False,False,,
2011-09-20,1.1,1.12,1.1,1.1,357540,HPG,1.1207624891481085,1.1205963629627214,-0.00016612618538713875,0.00409735260042959,-0.004263478785816729,False,False,False,False,False,False,,
2011-09-21,1.11,1.11,1.08,1.08,331140,HPG,1.117743045507508,1.1143507686607643,-0.0033922768467435915,0.0025994267109949536,-0.005991703557738546,False,False,False,True,False,False,,
2011-09-22,1.08,1.11,1.07,1.11,250190,HPG,1.1171694865810258,1.1136814196360314,-0.0034880669449943724,0.0013819279797970883,-0.004869994924791461,False,False,False,False,False,False,,
2011-09-23,1.08,1.09,1.08,1.09,212030,HPG,1.1151569320194683,1.1100381243074113,-0.005118807712056972,8.178084142627636e-05,-0.005200588553483248,False,False,False,False,False,False,,
2011-09-26,1.09,1.09,1.06,1.07,518040,HPG,1.1118119740921004,1.103878412875502,-0.007933561216598495,-0.001521287570178678,-0.0064122736464198166,False,False,False,False,False,False,,
2011-09-27,1.07,1.08,1.06,1.06,414090,HPG,1.1079740500852782,1.0971278878177324,-0.010846162267545756,-0.003386262509652094,-0.007459899757893662,False,True,False,True,False,False,,
2011-09-28,1.06,1.08,1.06,1.07,245930,HPG,1.1051611574863687,1.0929543666150043,-0.012206790871364337,-0.005150368181994543,-0.007056422689369794,False,False,False,False,False,False,,
2011-09-29,1.07,1.07,1.06,1.06,229640,HPG,1.1018158865614525,1.0878844640588499,-0.013931422502602597,-0.006906579046116154,-0.0070248434564864435,False,False,False,False,False,False,,
2011-09-30,1.05,1.07,1.05,1.06,262770,HPG,1.0987184134828263,1.0835945465113346,-0.015123866971491706,-0.008550036631191265,-0.006573830340300442,False,False,False,False,False,False,,
2011-10-03,1.06,1.06,1.05,1.05,232620,HPG,1.095109642113728,1.07842615474036,-0.01668348737336811,-0.010176726779626635,-0.0065067605937414764,False,False,False,False,False,False,,
2011-10-04,1.05,1.06,1.05,1.06,450790,HPG,1.0925089278830815,1.0755913617033814,-0.016917566179700083,-0.011524894659641325,-0.005392671520058758,False,False,False,False,False,False,,
2011-10-05,1.06,1.06,1.06,1.06,182120,HPG,1.0901008591510013,1.0731926906720919,-0.016908168478909413,-0.012601549423494944,-0.004306619055414469,False,False,False,False,False,False,,
2011-10-06,1.05,1.07,1.05,1.06,572170,HPG,1.0878711658805567,1.0711630459533086,-0.016708119927248077,-0.013422863524245572,-0.003285256403002505,False,False,False,False,False,False,,
2011-10-07,1.06,1.06,1.05,1.06,209570,HPG,1.0858066350745894,1.069445654268184,-0.016360980806405356,-0.01401048698067753,-0.0023504938257278268,False,False,False,False,False,False,,
2011-10-10,1.06,1.06,1.05,1.06,318000,HPG,1.0838950324764716,1.0679924766884634,-0.015902555788008144,-0.014388900742143653,-0.0015136550458644902,False,False,False,False,False,False,,
2011-10-11,1.06,1.06,1.05,1.05,148300,HPG,1.0813842893300663,1.0652244033517768,-0.016159885978289434,-0.01474309778937281,-0.001416788188916624,False,False,False,False,False,False,,
2011-10-12,1.05,1.05,1.04,1.04,305020,HPG,1.078318786416728,1.0613437259130418,-0.016975060503686246,-0.015189490332235498,-0.001785570171450748,False,False,False,True,True,False,2011-09-27,
2011-10-13,1.04,1.04,1.03,1.04,509180,HPG,1.0754803577932668,1.0580600757725738,-0.017420282020693012,-0.015635648669927,-0.0017846333507660107,False,False,False,False,False,False,,
2011-10-14,1.05,1.05,1.04,1.04,116320,HPG,1.0728521831419138,1.0552816025767933,-0.017570580565120508,-0.016022635048965703,-0.0015479455161548049,False,False,False,False,False,False,,
2011-10-17,1.04,1.04,1.03,1.03,215580,HPG,1.0696779473536238,1.0513921252572866,-0.018285822096337112,-0.016475272458439987,-0.0018105496378971256,False,False,False,True,True,False,2011-09-27,
2011-10-18,1.03,1.03,1.03,1.03,232150,HPG,1.0667388401422442,1.048101029063858,-0.018637811078386246,-0.01690778018242924,-0.001730030895957007,False,False,False,False,False,False,,
2011-10-19,1.03,1.04,1.02,1.02,267060,HPG,1.0632767038354112,1.0437777938232644,-0.019498910012146764,-0.017426006148372745,-0.0020729038637740185,False,True,False,True,True,False,2011-09-27,
2011-10-20,1.02,1.03,1.02,1.02,175790,HPG,1.060071022069825,1.0401196716966083,-0.019951350373216714,-0.01793107499334154,-0.002020275379875175,False,False,False,False,False,False,,
2011-10-21,1.02,1.03,1.02,1.02,160190,HPG,1.057102798212801,1.037024337589438,-0.020078460623363048,-0.01836055211934584,-0.001717908504017207,False,False,False,False,False,False,,
2011-10-24,1.03,1.03,1.01,1.01,64290,HPG,1.0536137020488898,1.0328667471910629,-0.02074695485782696,-0.018837832667042066,-0.001909122190784894,False,False,False,True,True,False,2011-09-27,
2011-10-25,1.0,1.02,1.0,1.01,194200,HPG,1.0503830574526758,1.0293487860847454,-0.021034271367930346,-0.01927712040721972,-0.0017571509607106246,False,False,False,False,False,False,,
2011-10-26,1.01,1.03,1.01,1.03,153420,HPG,1.0488732013450701,1.0294489728409384,-0.019424228504131724,-0.019306542026602123,-0.00011768647752960146,False,False,False,False,False,False,,
2011-10-27,1.04,1.04,1.02,1.02,53360,HPG,1.0467344456898797,1.0279952847115634,-0.018739160978316294,-0.01919306581694496,0.00045390483862866454,False,False,False,False,False,False,,
2011-10-28,1.03,1.05,1.02,1.05,395430,HPG,1.0469763386017406,1.0313806255251692,-0.015595713076571371,-0.01847359526887024,0.0028778821922988695,False,False,False,False,False,False,,
2011-10-31,1.07,1.07,1.03,1.03,100100,HPG,1.0457188320386486,1.03116822159822,-0.01455061044042849,-0.017688998303181894,0.003138387862753403,True,False,True,False,False,False,,
2011-11-01,1.03,1.03,1.0,1.01,199600,HPG,1.0430729926283784,1.0279115721215708,-0.015161420506807577,-0.01718348274390703,0.0020220622370994527,False,False,False,False,False,False,,
2011-11-02,1.0,1.0,0.96,0.97,451860,HPG,1.0376601783596096,1.0190020994874829,-0.01865807887212667,-0.017478401969550958,-0.0011796769025757131,False,False,False,False,False,False,,
2011-11-03,0.97,0.97,0.94,0.96,325530,HPG,1.031907572555194,1.0099248534124856,-0.02198271914270844,-0.018379265404182457,-0.003603453738525983,False,False,False,False,False,False,,
2011-11-04,0.95,0.97,0.94,0.94,81710,HPG,1.0250996042177722,0.9991671836567185,-0.025932420561053715,-0.01988989643555671,-0.006042524125497006,False,False,False,False,False,False,,
2011-11-07,0.93,0.93,0.9,0.9,412980,HPG,1.0158329668683077,0.9839106938633773,-0.031922273004930446,-0.022296371749431457,-0.00962590125549899,False,False,False,False,False,False,,
2011-11-08,0.87,0.87,0.86,0.87,783310,HPG,1.0050305248780627,0.96638597173055,-0.038644553147512695,-0.025566008029047706,-0.013078545118464988,False,False,False,False,False,False,,
2011-11-09,0.88,0.88,0.85,0.86,148890,HPG,0.9942875230352433,0.9500188991566192,-0.04426862387862407,-0.029306531198962982,-0.014962092679661088,False,False,False,False,False,False,,
2011-11-10,0.83,0.84,0.82,0.82,448330,HPG,0.9813773361437438,0.9300159915940625,-0.05136134454968133,-0.03371749386910665,-0.017643850680574683,False,False,False,False,False,False,,
2011-11-11,0.83,0.83,0.79,0.79,94800,HPG,0.9672012371701332,0.9084750698103606,-0.05872616735977254,-0.03871922856723983,-0.020006938792532708,False,False,False,False,False,False,,
2011-11-14,0.79,0.79,0.76,0.77,389520,HPG,0.9525937381204936,0.8871712129164591,-0.06542252520403458,-0.04405988789459878,-0.021362637309435793,False,False,False,False,False,False,,
2011-11-15,0.73,0.78,0.73,0.73,609680,HPG,0.9361053130745312,0.8629910263139269,-0.07311428676060427,-0.04987076766779988,-0.023243519092804393,False,True,False,True,False,False,,
2011-11-16,0.74,0.76,0.73,0.76,705360,HPG,0.9230604750690103,0.8471462530348611,-0.07591422203414921,-0.05507945854106975,-0.020834763493079465,False,False,False,False,False,False,,
2011-11-17,0.77,0.77,0.75,0.75,319240,HPG,0.910241180619454,0.8322006756448825,-0.07804050497457149,-0.0596716678277701,-0.01836883714680139,False,False,False,False,False,False,,
2011-11-18,0.75,0.75,0.72,0.73,257200,HPG,0.89688998205505,0.816477494776439,-0.08041248727861094,-0.06381983171793827,-0.016592655560672673,False,False,False,False,False,False,,
2011-11-21,0.73,0.73,0.72,0.72,267910,HPG,0.8837870204213426,0.8016348032723715,-0.08215221714897114,-0.06748630880414484,-0.014665908344826298,False,False,False,False,False,False,,
2011-11-22,0.71,0.73,0.71,0.73,301650,HPG,0.8723953892790209,0.7906140643073912,-0.08178132497162971,-0.07034531203764183,-0.011436012933987882,False,False,False,False,False,False,,
2011-11-23,0.74,0.76,0.74,0.76,673170,HPG,0.8640698048879824,0.7859042082601002,-0.07816559662788214,-0.07190936895568989,-0.006256227672192249,False,False,False,False,False,False,,
2011-11-24,0.76,0.79,0.76,0.78,758200,HPG,0.857842411933317,0.7849958685277771,-0.07284654340553987,-0.07209680384565989,-0.000749739559879975,False,False,False,False,False,False,,
2011-11-25,0.77,0.77,0.77,0.77,308620,HPG,0.8513355666049232,0.7826888118311961,-0.06864675477372706,-0.07140679403127333,0.002760039257546268,False,False,False,False,False,False,,
2011-11-28,0.77,0.79,0.76,0.77,443270,HPG,0.8453107098193733,0.780736686934089,-0.06457402288528424,-0.07004023980207552,0.005466216916791278,False,False,False,False,False,False,,
2011-11-29,0.77,0.77,0.75,0.76,157550,HPG,0.8389913979809012,0.7775464274057676,-0.06144497057513354,-0.06832118595668712,0.006876215381553585,False,False,True,False,False,False,,
2011-11-30,0.74,0.75,0.72,0.73,398670,HPG,0.830917961093427,0.770231592420265,-0.06068636867316202,-0.06679422249998211,0.006107853826820095,False,False,False,False,False,False,,
2011-12-01,0.74,0.74,0.72,0.73,60590,HPG,0.8234425565679879,0.7640421166633011,-0.0594004399046868,-0.06531546598092305,0.005915026076236257,False,False,False,False,False,False,,
2011-12-02,0.73,0.74,0.73,0.74,368510,HPG,0.8172616264518406,0.7603433294843317,-0.05691829696750894,-0.06363603217824024,0.006717735210731296,False,False,False,False,False,False,,
2011-12-05,0.75,0.77,0.75,0.77,419320,HPG,0.8137607652331857,0.7618289711021269,-0.05193179413105886,-0.061295184568803965,0.009363390437745103,False,False,False,False,False,False,,
2011-12-06,0.78,0.81,0.78,0.79,677390,HPG,0.8120007085492461,0.7661629755479535,-0.04583773300129257,-0.05820369425530169,0.012365961254009121,False,False,False,False,False,False,,
2011-12-07,0.79,0.8,0.79,0.79,240590,HPG,0.8103710264344871,0.7698302100790376,-0.04054081635544948,-0.05467111867533125,0.014130302319881764,True,False,True,False,False,False,,
2011-12-08,0.79,0.8,0.76,0.76,439830,HPG,0.8066398392911918,0.768317870066878,-0.038321969224313746,-0.05140128878512775,0.013079319560814005,False,False,False,False,False,False,,
2011-12-09,0.76,0.76,0.74,0.74,360910,HPG,0.8017035548992516,0.7639612746719737,-0.03774228022727788,-0.04866948707355778,0.010927206846279902,False,False,False,False,False,False,,
2011-12-12,0.74,0.74,0.73,0.74,273590,HPG,0.7971329212030107,0.7602749247224393,-0.03685799648057142,-0.04630718895496051,0.009449192474389093,False,False,False,False,False,False,,
2011-12-13,0.72,0.74,0.72,0.73,227740,HPG,0.7921601122250099,0.7556172439959102,-0.03654286822909969,-0.04435432480978835,0.007811456580688658,False,False,False,False,False,False,,
2011-12-14,0.73,0.74,0.72,0.74,328320,HPG,0.7882964002083425,0.7532145910734624,-0.035081809134880015,-0.04249982167480669,0.007418012539926674,False,False,False,False,False,False,,
2011-12-15,0.73,0.75,0.72,0.75,258480,HPG,0.7854596298225394,0.7527200386006221,-0.032739591221917275,-0.04054777558422881,0.007808184362311538,False,False,False,False,False,False,,
2011-12-16,0.76,0.78,0.75,0.77,752850,HPG,0.7843144720579068,0.7553784942005264,-0.028935977857380446,-0.03822541603885914,0.009289438181478697,False,False,True,False,False,False,,
2011-12-19,0.77,0.77,0.75,0.75,147150,HPG,0.7817726593128768,0.7545510335542915,-0.02722162575858522,-0.03602465798280436,0.008803032224219139,False,False,False,False,False,False,,
2011-12-20,0.76,0.76,0.74,0.74,96530,HPG,0.7786783882526637,0.7523124130074774,-0.026365975245186246,-0.03409292143528074,0.007726946190094494,False,False,False,False,False,False,,
2011-12-21,0.74,0.75,0.73,0.73,325690,HPG,0.7750725817154293,0.7488797340832501,-0.026192847632179106,-0.03251290667466042,0.006320059042481313,False,False,False,False,False,False,,
2011-12-22,0.7,0.74,0.7,0.7,584400,HPG,0.7695116497365085,0.7413597749935195,-0.02815187474298908,-0.031640700288326155,0.003488825545337075,False,False,False,False,False,False,,
2011-12-23,0.68,0.69,0.67,0.69,59450,HPG,0.7636218979041746,0.7334582711483626,-0.030163626755811968,-0.03134528558182332,0.0011816588260113517,False,False,False,False,False,False,,
2011-12-26,0.67,0.67,0.66,0.66,271770,HPG,0.7559462017631245,0.7221569986639992,-0.033789203099125364,-0.03183406908528373,-0.0019551340138416334,False,False,False,False,False,False,,
2011-12-27,0.64,0.66,0.63,0.63,412440,HPG,0.7466168534843746,0.7079789988695377,-0.03863785461483682,-0.03319482619119435,-0.005443028423642471,False,True,False,True,False,False,,
2011-12-28,0.62,0.66,0.62,0.66,197620,HPG,0.7402007902633098,0.7005976144280704,-0.03960317583523931,-0.03447649612000334,-0.00512667971523597,False,False,False,False,False,False,,
2011-12-29,0.66,0.66,0.65,0.66,88340,HPG,0.7342599909845461,0.6943518275929828,-0.039908163391563334,-0.03556282957431534,-0.004345333817247991,False,False,False,False,False,False,,
2011-12-30,0.67,0.67,0.66,0.67,333380,HPG,0.7294999916523575,0.6906053925786777,-0.03889459907367976,-0.03622918347418823,-0.00266541559949153,False,False,False,False,False,False,,
2012-01-03,0.65,0.68,0.65,0.66,57960,HPG,0.7243518441225532,0.6858968706434966,-0.038454973479056576,-0.0366743414751619,-0.0017806320038946735,False,False,False,False,False,False,,
2012-01-04,0.65,0.66,0.64,0.64,27520,HPG,0.7181035593727344,0.6788358136214202,-0.0392677457513142,-0.037193022330392365,-0.0020747234209218327,False,False,False,False,False,False,,
2012-01-05,0.64,0.64,0.62,0.62,345840,HPG,0.7108366290488282,0.6697841499873556,-0.04105247906147258,-0.03796491367660841,-0.0030875653848641688,False,False,False,False,False,False,,
2012-01-06,0.62,0.62,0.6,0.6,474620,HPG,0.7026265083785446,0.6590481269123778,-0.04357838146616677,-0.03908760723452009,-0.004490774231646684,False,False,False,False,False,False,,
2012-01-09,0.6,0.61,0.59,0.6,187210,HPG,0.6950245447949487,0.6499637996950889,-0.0450607450998598,-0.04028223480758803,-0.004778510292271769,False,True,False,True,False,False,,
2012-01-10,0.61,0.62,0.6,0.6,210520,HPG,0.6879856896249524,0.6422770612804598,-0.04570862834449263,-0.04136751351496895,-0.004341114829523679,False,False,False,False,False,False,,
2012-01-11,0.61,0.61,0.6,0.6,142340,HPG,0.6814682311342152,0.6357728980065429,-0.045695333127672266,-0.04223307743750961,-0.0034622556901626536,False,False,False,False,False,False,,
2012-01-12,0.61,0.63,0.61,0.63,482410,HPG,0.6776557695687178,0.6348847598516901,-0.04277100971702763,-0.04234066389341322,-0.0004303458236144114,False,False,False,False,False,False,,
2012-01-13,0.65,0.65,0.64,0.64,172050,HPG,0.6748664533043683,0.6356717198745071,-0.03919473342986124,-0.04171147780070283,0.002516744370841588,False,False,False,False,False,False,,
2012-01-16,0.64,0.66,0.64,0.65,207260,HPG,0.6730244938003411,0.6378760706630444,-0.035148423137296714,-0.040398866868021605,0.005250443730724891,False,False,False,False,False,False,,
2012-01-17,0.65,0.66,0.64,0.65,183320,HPG,0.6713189757410566,0.6397412905610376,-0.03157768518001902,-0.03863463053042109,0.0070569453504020704,False,False,False,False,False,False,,
2012-01-18,0.65,0.65,0.64,0.65,121110,HPG,0.6697397923528302,0.6413195535516472,-0.02842023880118305,-0.03659175218457349,0.008171513383390436,False,False,False,False,False,False,,
2012-01-19,0.66,0.67,0.65,0.67,223760,HPG,0.6697590669933613,0.6457319299283169,-0.024027137065044446,-0.03407882916066768,0.010051692095623233,False,False,False,False,False,False,,
2012-01-20,0.68,0.69,0.67,0.68,364300,HPG,0.6705176546234827,0.6510039407085758,-0.01951371391490686,-0.031165806111515516,0.011652092196608656,False,False,False,False,False,False,,
2012-01-30,0.71,0.71,0.7,0.71,255400,HPG,0.6734422727995211,0.6600802575226411,-0.013362015276879968,-0.027605047944588408,0.01424303266770844,False,False,False,False,False,False,,
2012-01-31,0.72,0.75,0.72,0.72,575390,HPG,0.6768909933328899,0.6692986794422348,-0.007592313890655178,-0.023602501133801766,0.01601018724314659,False,False,False,False,False,False,,
2012-02-01,0.73,0.75,0.71,0.75,849280,HPG,0.6823064753082314,0.6817142672203526,-0.0005922080878788538,-0.019000442524617186,0.018408234436738332,False,False,False,False,False,False,,
2012-02-02,0.76,0.78,0.76,0.78,415290,HPG,0.6895430326928069,0.6968351491864522,0.007292116493645251,-0.013741930720964699,0.021034047214609948,False,False,False,False,False,False,,
2012-02-03,0.82,0.82,0.79,0.79,1220550,HPG,0.6969842895303768,0.7111682031577673,0.014183913627390465,-0.008156761851293666,0.02234067547868413,False,False,False,False,False,False,,
2012-02-06,0.79,0.82,0.77,0.82,493020,HPG,0.7060965643799786,0.7279115565181108,0.021814992138132205,-0.0021624110534084924,0.023977403191540698,False,False,True,False,False,False,,
2012-02-07,0.82,0.83,0.81,0.81,563860,HPG,0.7137931151666468,0.7405405478230169,0.02674743265637014,0.0036195576885472347,0.023127874967822905,False,False,False,False,False,False,,
2012-02-08,0.83,0.85,0.83,0.85,584090,HPG,0.7238825140431915,0.7573804635425527,0.033497949499361246,0.009595236050710037,0.02390271344865121,False,False,False,False,False,False,,
2012-02-09,0.85,0.89,0.84,0.88,549920,HPG,0.7354467722622144,0.7762450076129292,0.04079823535071481,0.015835835910710992,0.024962399440003814,True,False,True,False,False,False,,
2012-02-10,0.87,0.87,0.84,0.84,450870,HPG,0.7431914557983467,0.786053467980171,0.04286201218182428,0.02124107116493365,0.021620941016890632,False,False,False,False,False,False,,
2012-02-13,0.82,0.83,0.8,0.8,484800,HPG,0.7473994961095802,0.7881990882909139,0.040799592181333666,0.025152775368213653,0.015646816813120013,False,False,False,False,False,False,,
2012-02-14,0.78,0.82,0.78,0.81,357950,HPG,0.7520365704718335,0.7915530747076964,0.03951650423586295,0.02802552114174351,0.011490983094119438,False,False,False,False,False,False,,
2012-02-15,0.83,0.83,0.79,0.8,251370,HPG,0.7555894171035495,0.7928526016757431,0.037263184572193575,0.029873053827833524,0.007390130744360051,False,False,False,False,False,False,,
2012-02-16,0.81,0.81,0.79,0.8,277570,HPG,0.758879089910694,0.7939522014179364,0.03507311150724246,0.030913065363715315,0.004160046143527146,False,False,False,False,False,False,,
2012-02-17,0.82,0.82,0.8,0.81,146360,HPG,0.7626658239913833,0.7964210935074847,0.033755269516101416,0.031481506194192536,0.0022737633219088796,False,False,False,False,False,False,,
2012-02-20,0.84,0.84,0.81,0.84,476570,HPG,0.768394281473503,0.8031255406601794,0.03473125918667641,0.03213145679268931,0.002599802393987098,False,False,True,False,False,False,,
2012-02-21,0.87,0.87,0.83,0.83,430160,HPG,0.7729576680310213,0.8072600728663056,0.03430240483528435,0.03256564640120832,0.00173675843407603,False,False,False,False,False,False,,
2012-02-22,0.85,0.87,0.83,0.87,619880,HPG,0.7801459889176122,0.8169123693484125,0.03676638043080027,0.033405793207126715,0.003360587223673557,False,False,False,False,False,False,,
2012-02-23,0.87,0.91,0.87,0.91,1037800,HPG,0.7897648045533446,0.8312335432948106,0.04146873874146595,0.03501838231399456,0.006450356427471389,False,False,False,False,False,False,,
2012-02-24,0.92,0.95,0.91,0.95,1161820,HPG,0.8016340782901339,0.8495053058648397,0.047871227574705855,0.037588951366136825,0.01028227620856903,False,False,False,False,False,False,,
2012-02-27,0.96,1.0,0.95,1.0,918290,HPG,0.8163278502686425,0.8726583357317875,0.05633048546314501,0.04133725818553846,0.014993227277606547,True,False,True,False,False,True,,2012-02-09
2012-02-28,0.97,1.0,0.95,0.95,1240880,HPG,0.8262294909894838,0.8845570533115126,0.058327562322028736,0.04473531901283652,0.013592243309192217,False,False,False,False,False,False,,
2012-02-29,0.93,0.98,0.93,0.98,945510,HPG,0.8376198990643369,0.8992405835712799,0.061620684506943024,0.048112392111657826,0.013508292395285199,False,False,False,False,False,False,,
2012-03-01,0.98,0.98,0.96,0.98,622020,HPG,0.8481665732077193,0.9116651091756983,0.06349853596797905,0.051189620882922074,0.012308915085056979,False,False,False,False,False,False,,
2012-03-02,1.0,1.02,0.99,1.01,838520,HPG,0.8601542344515919,0.9267935539178986,0.06663931946630675,0.054279560599599014,0.012359758866707732,False,False,False,False,False,False,,
2012-03-05,1.03,1.05,1.03,1.05,933110,HPG,0.8742168837514739,0.9457483917766835,0.07153150802520958,0.057729950084721135,0.013801557940488443,False,False,True,False,False,True,,2012-02-09
2012-03-06,1.09,1.09,1.01,1.02,1259710,HPG,0.8850156331032166,0.9571717161187322,0.07215608301551557,0.060615176670880025,0.011540906344635546,False,False,False,False,False,False,,
2012-03-07,1.04,1.04,0.99,1.03,1115590,HPG,0.8957552158363117,0.9683760674850812,0.07262085164876952,0.06301631166645792,0.009604539982311602,False,False,False,False,False,False,,
2012-03-08,1.0,1.02,0.98,0.98,1247170,HPG,0.901995570218807,0.9701643647950687,0.06816879457626168,0.06404680824841869,0.004121986327842997,False,False,False,False,False,False,,
2012-03-09,0.98,0.98,0.93,0.98,1305980,HPG,0.907773676128525,0.9716775394419812,0.06390386331345621,0.06401821926142619,-0.00011435594796997683,False,False,False,False,False,False,,
2012-03-12,0.98,0.98,0.93,0.93,551660,HPG,0.909420070489375,0.965265610297061,0.05584553980768603,0.062383683370678164,-0.006538143562992135,False,False,False,False,False,False,,
2012-03-13,0.94,0.95,0.92,0.94,396370,HPG,0.911685250453125,0.9613785933282823,0.049693342875157365,0.059845615271574004,-0.01015227239641664,False,False,False,False,False,False,,
2012-03-14,0.94,0.96,0.91,0.94,645070,HPG,0.913782639308449,0.9580895789700851,0.04430693966163601,0.0567378801495864,-0.01243094048795039,False,False,False,True,False,False,,
2012-03-15,0.94,0.98,0.91,0.98,1114900,HPG,0.9186876289893047,0.9614604129746873,0.042772783985382645,0.053944860916745656,-0.01117207693136301,False,False,False,False,False,False,,
2012-03-16,1.02,1.02,0.94,0.94,1494450,HPG,0.9202663231382451,0.9581588109785816,0.0378924878403365,0.050734386301463825,-0.012841898461127328,False,False,False,False,False,False,,
2012-03-19,0.94,0.97,0.92,0.95,871300,HPG,0.9224688177205973,0.9569036092895691,0.03443479156897178,0.04747446735496542,-0.013039675785993639,False,True,False,True,False,False,,
2012-03-20,0.97,0.97,0.95,0.97,602110,HPG,0.92598964603759,0.9589184386296354,0.0329287925920454,0.04456533240238142,-0.011636539810336022,False,False,False,False,False,False,,
2012-03-21,1.0,1.01,0.98,0.99,1049380,HPG,0.9307311537385093,0.9637002173019993,0.03296906356348994,0.042246078634603126,-0.009277015071113184,False,False,False,False,False,False,,
2012-03-22,0.98,1.0,0.98,0.98,495980,HPG,0.9343806979060271,0.9662078761786148,0.03182717827258774,0.04016229856220005,-0.008335120289612308,False,False,False,False,False,False,,
2012-03-23,0.98,0.99,0.98,0.98,486730,HPG,0.9377599054685435,0.9683297413819049,0.030569835913361376,0.03824380603243232,-0.007673970119070943,False,False,False,False,False,False,,
2012-03-26,0.99,0.99,0.98,0.98,412710,HPG,0.9408888013597625,0.9701251657846888,0.029236364424926276,0.03644231771093111,-0.007205953286004832,False,False,False,False,False,False,,
2012-03-27,0.97,0.98,0.97,0.97,964010,HPG,0.9430451864442245,0.9701059095101212,0.027060723065896686,0.03456599878192422,-0.007505275716027535,False,False,False,False,False,False,,
2012-03-28,0.96,0.97,0.96,0.97,282250,HPG,0.9450418393002079,0.9700896157393333,0.02504777643912537,0.03266235431336445,-0.007614577874239081,False,False,False,True,False,False,,
2012-03-29,0.96,0.98,0.96,0.97,438730,HPG,0.946890591944637,0.9700758287025129,0.02318523675787587,0.030766930802266734,-0.0075816940443908624,False,False,False,False,False,False,,
2012-03-30,0.98,0.99,0.97,0.98,685020,HPG,0.9493431406894787,0.9716026242867416,0.02225948359726293,0.029065441361265973,-0.006805957764003043,False,False,False,False,False,False,,
2012-04-03,0.99,0.99,0.98,0.99,359930,HPG,0.9523547598976655,0.974432989781089,0.02207822988342356,0.02766799906569749,-0.00558976918227393,False,False,False,False,False,False,,
2012-04-04,1.0,1.0,0.97,0.98,383960,HPG,0.9544025554608013,0.9752894528916908,0.02088689743088945,0.026311778738735886,-0.005424881307846435,False,False,False,False,False,False,,
2012-04-05,0.97,1.02,0.97,1.0,682420,HPG,0.9577801439451864,0.9790910755237383,0.021310931578551906,0.025311609306699092,-0.004000677728147186,False,False,False,False,False,False,,
2012-04-06,1.01,1.01,0.98,0.98,338470,HPG,0.9594260592085059,0.9792309100585478,0.01980485085004191,0.02421025761536766,-0.004405406765325748,False,False,False,False,False,False,,
2012-04-09,1.0,1.01,0.98,0.98,644600,HPG,0.9609500548226906,0.9793492315880019,0.01839917676531133,0.023048041445356396,-0.0046488646800450645,False,False,False,True,False,False,,
2012-04-10,0.98,1.02,0.98,1.0,841980,HPG,0.9638426433543431,0.9825262728821554,0.01868362952781233,0.022175159061847582,-0.0034915295340352537,False,False,False,False,False,False,,
2012-04-11,1.02,1.05,1.01,1.05,2889250,HPG,0.9702246697725398,0.9929068462849008,0.02268217651236093,0.022276562551950256,0.0004056139604106737,False,False,False,False,False,False,,
2012-04-12,1.1,1.1,1.08,1.1,2040120,HPG,0.9798376571967962,1.0093827160872237,0.029545058890427578,0.023730261819645722,0.005814797070781856,False,False,False,False,False,False,,
2012-04-13,1.11,1.12,1.09,1.09,1362440,HPG,0.9879978307377743,1.0217853751507278,0.03378754441295351,0.025741718338307278,0.00804582607464623,False,False,False,False,False,False,,
2012-04-16,1.09,1.15,1.09,1.15,661150,HPG,0.999997991423865,1.0415107020506158,0.04151271062675077,0.028895916795995978,0.012616793830754792,False,False,False,False,False,False,,
2012-04-17,1.14,1.15,1.11,1.13,1531390,HPG,1.009627769836912,1.0551244401966748,0.04549667035976279,0.03221606750874934,0.01328060285101345,True,False,True,False,False,False,,
2012-04-18,1.12,1.14,1.08,1.09,2177160,HPG,1.0155812683675112,1.060489910935648,0.04490864256813687,0.03475458252062685,0.010154060047510016,False,False,False,False,False,False,,
2012-04-19,1.07,1.1,1.06,1.06,1440650,HPG,1.0188715447847325,1.0604145400224714,0.041542995237738856,0.036112265064049257,0.005430730173689599,False,False,False,False,False,False,,
2012-04-20,1.06,1.09,1.05,1.06,548020,HPG,1.0219180970229005,1.0603507646343988,0.03843266761149833,0.036576345573539074,0.0018563220379592543,False,False,False,False,False,False,,
2012-04-23,1.06,1.09,1.05,1.06,490140,HPG,1.024738978724908,1.0602968008444913,0.03555782211958336,0.036372640882747935,-0.0008148187631645751,False,False,False,False,False,False,,
2012-04-24,1.06,1.08,1.05,1.08,631540,HPG,1.0288323877082481,1.063328062253031,0.03449567454478286,0.03599724761515492,-0.0015015730703720614,False,False,False,True,False,False,,
2012-04-25,1.1,1.12,1.09,1.12,590810,HPG,1.0355855441743038,1.0720468219064108,0.036461277732106945,0.03609005363854533,0.0003712240935616132,False,False,True,False,False,False,,
2012-04-26,1.12,1.12,1.09,1.09,743100,HPG,1.0396162446058368,1.0748088493054246,0.03519260469958785,0.035910563850753835,-0.0007179591511659866,False,False,False,False,False,False,,
2012-04-27,1.1,1.1,1.09,1.1,446260,HPG,1.0440891153757748,1.0786844109507439,0.0345952955749691,0.035647510195596886,-0.001052214620627788,False,False,False,False,False,False,,
2012-05-02,1.1,1.1,1.06,1.07,630860,HPG,1.0460084401627545,1.0773483477275525,0.031339907564797986,0.034785989669437106,-0.00344608210463912,False,False,False,False,False,False,,
2012-05-03,1.07,1.07,1.05,1.06,506800,HPG,1.0470448520025504,1.074679371154083,0.02763451915153259,0.0333556955658562,-0.005721176414323612,False,True,False,True,False,False,,
2012-05-04,1.06,1.1,1.06,1.1,394020,HPG,1.0509674555579172,1.0785748525149932,0.027607396957076036,0.032206035844100166,-0.00459863888702413,False,False,False,False,False,False,,
2012-05-07,1.1,1.12,1.09,1.11,892230,HPG,1.0553402366277012,1.0834094905896097,0.028069253961908514,0.03137867946766184,-0.003309425505753326,False,False,False,False,False,False,,
2012-05-08,1.11,1.17,1.11,1.15,1415140,HPG,1.0623520709515752,1.0936541843450542,0.03130211339347899,0.03136336625282527,-6.125285934627939e-05,False,False,False,False,False,False,,
2012-05-09,1.15,1.16,1.12,1.14,660830,HPG,1.0681037693996067,1.1007843098304306,0.03268054043082391,0.031626801088425,0.0010537393423989128,False,False,False,False,False,False,,
2012-05-10,1.14,1.17,1.14,1.15,630680,HPG,1.0741701568514876,1.1083559544719028,0.03418579762041518,0.03213860039482304,0.002047197225592143,False,False,False,False,False,False,,
2012-05-11,1.15,1.17,1.15,1.15,1034400,HPG,1.079787182269896,1.1147627307069947,0.034975548437098825,0.032705990003278194,0.00226955843382063,True,False,True,False,False,False,,
2012-05-14,1.15,1.15,1.09,1.09,771150,HPG,1.0805436872869407,1.1109530798289955,0.03040939254205477,0.03224667051103351,-0.0018372779689787427,False,False,False,False,False,False,,
2012-05-15,1.09,1.1,1.06,1.06,1008300,HPG,1.0790219326730932,1.1031141444706885,0.024092211797595242,0.03061577876834586,-0.006523566970750617,False,False,False,False,False,False,,
2012-05-16,1.07,1.07,1.04,1.04,822540,HPG,1.076131419141753,1.0934042760905824,0.017272856948829407,0.02794719440444257,-0.010674337455613164,False,False,False,False,False,False,,
2012-05-17,1.02,1.06,1.02,1.03,549650,HPG,1.0727142769831046,1.0836497720766467,0.01093549509354208,0.024544854542262472,-0.013609359448720392,False,False,False,False,False,False,,
2012-05-18,1.05,1.05,1.0,1.02,888210,HPG,1.068809515725097,1.0738574994494703,0.005047983724373317,0.020645480378684643,-0.015597496654311326,False,True,False,True,False,False,,
2012-05-21,1.02,1.06,1.02,1.05,407080,HPG,1.0674162182639786,1.0701871149187825,0.0027708966548039005,0.017070563633908496,-0.014299666979104595,False,False,False,False,False,False,,
2012-05-22,1.05,1.06,1.04,1.05,196600,HPG,1.0661261280222023,1.0670814049312776,0.0009552769090752644,0.01384750628894185,-0.012892229379866586,False,False,False,False,False,False,,
2012-05-23,1.06,1.06,1.03,1.04,535500,HPG,1.064190859279817,1.0629150349418501,-0.0012758243379669132,0.010822840163560098,-0.012098664501527011,False,False,False,False,False,False,,
2012-05-24,1.02,1.04,1.01,1.02,601740,HPG,1.0609174622961268,1.0563127218738733,-0.0046047404222535615,0.007737324046397366,-0.012342064468650927,False,False,False,True,False,False,,
2012-05-25,1.07,1.07,1.04,1.06,408890,HPG,1.0608495021260433,1.056879995431739,-0.003969506694304403,0.005395957898257013,-0.009365464592561417,False,False,False,False,False,False,,
2012-05-28,1.06,1.09,1.04,1.05,95030,HPG,1.060045835301892,1.0558215345960869,-0.004224300705805151,0.00347190617744458,-0.007696206883249731,False,False,False,False,False,False,,
2012-05-29,1.05,1.05,1.02,1.03,239680,HPG,1.057820217872122,1.0518489908120736,-0.00597122706004849,0.0015832795299459664,-0.007554506589994456,False,False,False,False,False,False,,
2012-05-30,1.02,1.06,1.02,1.02,139860,HPG,1.055018720251965,1.0469491460717546,-0.00806957418021037,-0.00034729121208530115,-0.007722282968125069,False,False,False,True,False,False,,
2012-05-31,1.02,1.02,1.01,1.02,394430,HPG,1.0524247409740417,1.0428031235991768,-0.009621617374864888,-0.0022021564446412186,-0.00741946093022367,False,False,False,False,False,False,,
2012-06-01,1.02,1.02,1.01,1.02,317420,HPG,1.0500229083092978,1.039294950737765,-0.010727957571532887,-0.003907316670019553,-0.006820640901513334,False,False,False,False,False,False,,
2012-06-04,0.98,1.01,0.98,0.98,582860,HPG,1.0448360262123129,1.0301726506242626,-0.01466337558805031,-0.006058528453625704,-0.008604847134424606,False,False,False,False,False,False,,
2012-06-05,0.97,0.99,0.97,0.98,653590,HPG,1.0400333576039933,1.022453781297453,-0.01757957630654028,-0.00836273802420862,-0.00921683828233166,False,True,False,True,True,False,2012-05-18,
2012-06-06,1.0,1.0,0.98,1.0,336910,HPG,1.0370679237074012,1.0189993534055373,-0.01806857030186393,-0.010303904479739681,-0.007764665822124248,False,False,False,False,False,False,,
2012-06-07,0.99,1.03,0.99,1.02,331110,HPG,1.0358036330624085,1.0191532990354546,-0.016650334026953928,-0.01157319038918253,-0.005077143637771397,False,False,False,False,False,False,,
2012-06-08,1.05,1.05,1.01,1.02,153760,HPG,1.0346329935763041,1.0192835607223079,-0.015349432853996259,-0.012328438882145278,-0.0030209939718509812,False,False,False,False,False,False,,
2012-06-11,1.03,1.03,1.02,1.02,117550,HPG,1.0335490681262076,1.019393782149645,-0.01415528597656257,-0.012693808301028738,-0.001461477675533833,False,False,False,False,False,False,,
2012-06-12,1.01,1.02,1.01,1.01,185410,HPG,1.0318046927094515,1.0179485848958536,-0.013856107813597918,-0.012926268203542575,-0.0009298396100553431,False,False,False,False,False,False,,
2012-06-13,1.01,1.02,1.01,1.01,279680,HPG,1.0301895302865292,1.0167257256811069,-0.013463804605422292,-0.013033775483918517,-0.00043002912150377423,False,False,False,False,False,False,,
2012-06-14,1.02,1.02,1.0,1.0,308650,HPG,1.0279532687838233,1.0141525371147826,-0.013800731669040722,-0.013187166720942958,-0.000613564948097764,False,False,False,True,True,False,2012-05-18,
2012-06-15,1.02,1.05,1.01,1.05,845890,HPG,1.0295863599850217,1.019667531404816,-0.009918828580205652,-0.012533499092795499,0.002614670512589847,False,False,False,False,False,False,,
2012-06-18,1.04,1.07,1.04,1.06,145550,HPG,1.0318392222083534,1.0258725265733057,-0.005966695635047703,-0.01122013840124594,0.005253442766198237,True,False,True,False,False,False,,
2012-06-19,1.04,1.06,1.03,1.03,195360,HPG,1.0317029835262532,1.0265075224851048,-0.00519546104114843,-0.010015202929226438,0.004819741888078008,False,False,False,False,False,False,,
2012-06-20,1.03,1.04,1.03,1.03,82290,HPG,1.0315768365983826,1.0270448267181655,-0.004532009880217069,-0.008918564319424565,0.004386554439207496,False,False,False,False,False,False,,
2012-06-21,1.01,1.03,1.01,1.03,78090,HPG,1.0314600338873914,1.0274994687615246,-0.003960565125866733,-0.007926964480712999,0.003966399354846266,False,False,False,False,False,False,,
2012-06-22,1.02,1.03,1.02,1.03,79400,HPG,1.031351883229066,1.0278841658751363,-0.0034677173539297,-0.00703511505535634,0.00356739770142664,False,False,False,False,False,False,,
2012-06-25,1.03,1.03,1.02,1.03,131080,HPG,1.0312517437306166,1.028209678817423,-0.0030420649131934763,-0.006236505026923768,0.0031944401137302915,False,False,False,False,False,False,,
2012-06-26,1.01,1.02,1.01,1.02,126200,HPG,1.0304182812320524,1.0269466513070502,-0.003471629925002162,-0.005683530006539447,0.002211900081537285,False,False,False,False,False,False,,
2012-06-27,1.01,1.03,1.01,1.03,109420,HPG,1.0303872974370856,1.0274163972598118,-0.0029709001772737498,-0.005141004040686308,0.002170103863412558,False,False,False,False,False,False,,
2012-06-28,1.01,1.03,1.01,1.02,60440,HPG,1.0296178679973014,1.0262754130659948,-0.003342454931306582,-0.004781294218810363,0.0014388392875037811,False,False,False,False,False,False,,
2012-06-29,1.04,1.04,1.02,1.02,49580,HPG,1.0289054333308345,1.0253099649019957,-0.003595468428838844,-0.00454412906081606,0.0009486606319772158,False,False,False,False,False,False,,
2012-07-02,1.02,1.03,1.01,1.01,117160,HPG,1.0275050308618838,1.022954585686304,-0.004550445175579787,-0.004545392283768805,-5.0528918109820145e-06,False,False,False,False,False,False,,
2012-07-03,1.01,1.01,0.99,1.0,476550,HPG,1.0254676211684108,1.0194231109653342,-0.006044510203076614,-0.004845215867630367,-0.0011992943354462472,False,False,False,False,False,False,,
2012-07-04,1.0,1.01,1.0,1.0,65050,HPG,1.0235811307114915,1.0164349400475905,-0.0071461906639009865,-0.005305410826884491,-0.001840779837016495,False,False,False,False,False,False,,
2012-07-05,0.99,1.0,0.99,0.99,59950,HPG,1.0210936395476773,1.012368026194115,-0.008725613353562256,-0.005989451332220045,-0.0027361620213422113,False,False,False,False,False,False,,
2012-07-06,0.98,1.02,0.98,0.98,91850,HPG,1.0180496662478493,1.007388329856559,-0.01066133639129041,-0.006923828344034119,-0.0037375080472562914,False,False,False,False,False,False,,
2012-07-09,0.98,1.0,0.97,0.98,268460,HPG,1.0152311724517122,1.0031747406478575,-0.012056431803854739,-0.007950349035998243,-0.004106082767856496,False,False,False,False,False,False,,
2012-07-10,0.95,0.98,0.95,0.96,346170,HPG,1.0111399744923262,0.9965324728558794,-0.014607501636446751,-0.009281779556087945,-0.005325722080358806,False,False,False,False,False,False,,
2012-07-11,0.94,0.98,0.94,0.96,127600,HPG,1.0073518282336353,0.9909120924165133,-0.016439735817121992,-0.010713370808294754,-0.005726365008827238,False,True,False,True,False,False,,
2012-07-12,0.96,0.99,0.96,0.97,62700,HPG,1.004585026142255,0.9876948474293574,-0.016890178712897663,-0.011948732389215335,-0.004941446323682328,False,False,False,False,False,False,,
2012-07-13,0.98,1.0,0.97,0.99,269300,HPG,1.0035046538354213,0.9880494862863793,-0.01545516754904197,-0.012650019421180662,-0.0028051481278613087,False,False,False,False,False,False,,
2012-07-16,0.99,0.99,0.98,0.98,213750,HPG,1.0017635683661308,0.9868111037807825,-0.014952464585348268,-0.013110508454014184,-0.0018419561313340847,False,False,False,False,False,False,,
2012-07-17,0.97,0.99,0.97,0.98,701590,HPG,1.0001514521908619,0.9857632416606621,-0.014388210530199785,-0.013366048869251305,-0.0010221616609484806,False,False,False,False,False,False,,
2012-07-18,1.0,1.0,0.97,0.98,84750,HPG,0.9986587520285758,0.9848765890974833,-0.013782162931092468,-0.013449271681619537,-0.00033289124947293025,False,False,False,False,False,False,,
2012-07-19,0.98,1.0,0.98,0.99,338040,HPG,0.998017362989422,0.9856648061594089,-0.012352556830013128,-0.013229928711298257,0.0008773718812851283,False,False,False,False,False,False,,
2012-07-20,1.01,1.01,0.98,0.98,330880,HPG,0.996682743508724,0.9847932975194998,-0.011889445989224146,-0.012961832166883434,0.0010723861776592881,False,False,False,False,False,False,,
2012-07-23,0.99,1.0,0.98,0.98,207600,HPG,0.9954469847302999,0.9840558671318844,-0.01139111759841549,-0.012647689253189846,0.001256571654774356,False,False,False,False,False,False,,
2012-07-24,0.98,0.99,0.97,0.98,266470,HPG,0.9943027636391666,0.9834318875731329,-0.010870876066033652,-0.012292326615758608,0.001421450549724956,False,False,False,False,False,False,,
2012-07-25,0.98,0.98,0.97,0.98,252010,HPG,0.993243299665895,0.982903904869574,-0.010339394796320955,-0.011901740251871079,0.0015623454555501234,False,False,False,False,False,False,,
2012-07-26,0.98,0.99,0.98,0.98,225560,HPG,0.9922623145054582,0.982457150274255,-0.009805164231203256,-0.011482425047737516,0.0016772608165342602,False,False,False,False,False,False,,
2012-07-27,0.99,0.99,0.97,0.98,92930,HPG,0.9913539949124612,0.9820791271551388,-0.009274867757322447,-0.011040913589654503,0.0017660458323320565,False,False,False,False,False,False,,
2012-07-30,0.95,0.98,0.95,0.98,98300,HPG,0.9905129582522789,0.9817592614389635,-0.008753696813315393,-0.010583470234386681,0.0018297734210712888,False,False,False,False,False,False,,
2012-07-31,0.99,0.99,0.98,0.98,133480,HPG,0.9897342206039619,0.9814886058329692,-0.008245614770992726,-0.010115899141707891,0.001870284370715165,True,False,True,False,False,False,,
2012-08-01,0.98,0.98,0.96,0.97,54290,HPG,0.9882724264851499,0.9797211280125124,-0.00855129847263747,-0.009802979007893807,0.0012516805352563373,False,False,False,False,False,False,,
2012-08-02,0.96,0.98,0.96,0.96,11870,HPG,0.9861781726714351,0.9766871083182798,-0.009491064353155387,-0.009740596076946124,0.00024953172379073643,False,False,False,False,False,False,,
2012-08-03,0.97,0.97,0.97,0.97,9490,HPG,0.9849797895105881,0.9756583224231599,-0.009321467087428204,-0.00965677027904254,0.00033530319161433585,False,False,False,False,False,False,,
2012-08-06,0.96,0.99,0.96,0.97,107190,HPG,0.9838701754727667,0.9747878112811352,-0.009082364191631442,-0.00954188906156032,0.0004595248699288783,False,False,False,False,False,False,,
2012-08-07,0.97,0.98,0.97,0.97,38190,HPG,0.9828427550673765,0.9740512249301914,-0.008791530137185144,-0.009391817276685286,0.000600287139500142,False,False,False,False,False,False,,
2012-08-08,0.98,0.98,0.97,0.97,168220,HPG,0.9818914398772004,0.9734279595563158,-0.00846348032088462,-0.009206149885525153,0.0007426695646405336,False,False,False,False,False,False,,
2012-08-09,0.97,0.98,0.97,0.98,63950,HPG,0.9817513332196299,0.974439042701498,-0.007312290518131981,-0.00882737801204652,0.0015150874939145395,True,False,True,False,False,False,,
2012-08-10,0.98,0.98,0.97,0.97,33770,HPG,0.98088086409225,0.9737561130551136,-0.00712475103713639,-0.008486852617064495,0.0013621015799281048,False,False,False,False,False,False,,
2012-08-13,0.96,0.97,0.96,0.97,31610,HPG,0.9800748741594907,0.9731782495081729,-0.006896624651317795,-0.008168807023915155,0.0012721823725973594,False,False,False,False,False,False,,
2012-08-14,0.97,0.98,0.96,0.97,65340,HPG,0.9793285871847136,0.972689288045377,-0.006639299139336585,-0.00786290544699944,0.0012236063076628556,False,False,False,False,False,False,,
2012-08-15,0.97,0.97,0.97,0.97,74550,HPG,0.9786375807265867,0.9722755514230113,-0.006362029303575434,-0.00756273021831464,0.0012007009147392061,False,False,False,False,False,False,,
2012-08-16,0.96,0.97,0.96,0.96,36230,HPG,0.9772570191912839,0.9703870050502402,-0.006870014141043712,-0.007424187002860455,0.0005541728618167433,False,False,False,False,False,False,,
2012-08-17,0.96,0.97,0.96,0.97,111290,HPG,0.9767194622141517,0.9703274658117418,-0.00639199640240995,-0.007217748882770355,0.000825752480360405,False,False,False,False,False,False,,
2012-08-20,0.97,0.97,0.97,0.97,92110,HPG,0.9762217242723628,0.9702770864560892,-0.005944637816273524,-0.006963126669470989,0.0010184888531974655,False,False,True,False,False,False,,
2012-08-21,0.97,0.97,0.92,0.92,528250,HPG,0.9720571521040396,0.9625421500782294,-0.009515002025810237,-0.007473501740738839,-0.0020415002850713987,False,False,False,False,False,False,,
2012-08-22,0.89,0.91,0.88,0.89,236680,HPG,0.9659788445407774,0.9513818192969633,-0.014597025243814121,-0.008898206441353897,-0.005698818802460225,False,False,False,False,False,False,,
2012-08-23,0.85,0.89,0.84,0.84,416590,HPG,0.9566470782784976,0.9342461547897382,-0.02240092348875944,-0.011598749850835005,-0.010802173637924434,False,False,False,False,False,False,,
2012-08-24,0.81,0.88,0.81,0.87,262930,HPG,0.9502287761837941,0.9243621309759322,-0.02586664520786186,-0.014452328922240378,-0.011414316285621482,False,False,False,False,False,False,,
2012-08-27,0.84,0.84,0.82,0.82,363490,HPG,0.9405822001701797,0.9083064185180965,-0.032275781652083224,-0.01801701946820895,-0.014258762183874275,False,True,False,True,False,False,,
2012-08-28,0.82,0.85,0.82,0.84,113780,HPG,0.9331316668242404,0.8977977387460816,-0.03533392807815883,-0.021480401190198926,-0.013853526887959901,False,False,False,False,False,False,,
2012-08-29,0.87,0.88,0.87,0.88,34000,HPG,0.9291959878002227,0.8950596250928382,-0.034136362707384516,-0.024011593493636046,-0.010124769213748469,False,False,False,False,False,False,,
2012-08-30,0.92,0.92,0.89,0.92,92980,HPG,0.9285148035187247,0.8988966058477861,-0.02961819767093865,-0.02513291432909657,-0.004485283341842082,False,False,False,False,False,False,,
2012-08-31,0.92,0.92,0.87,0.92,124800,HPG,0.9278840773321526,0.9021432818712036,-0.025740795460948984,-0.025254490555467052,-0.0004863049054819324,False,False,False,False,False,False,,
2012-09-04,0.92,0.93,0.92,0.93,81460,HPG,0.9280408123445858,0.9064289308140954,-0.02161188153049043,-0.02452596875047173,0.0029140872199812998,False,False,False,False,False,False,,
2012-09-05,0.91,0.92,0.9,0.92,55770,HPG,0.9274451966153573,0.9085167876119269,-0.018928409003430402,-0.023406456801063465,0.004478047797633063,False,False,False,False,False,False,,
2012-09-06,0.9,0.92,0.9,0.91,36900,HPG,0.9261529598290345,0.9087449741331689,-0.017407985695865547,-0.02220676258002388,0.0047987768841583345,False,False,False,False,False,False,,
2012-09-07,0.91,0.91,0.9,0.91,108480,HPG,0.924956444286143,0.9089380550357583,-0.01601838925038468,-0.02096908791409604,0.00495069866371136,True,False,True,False,False,False,,
2012-09-10,0.9,0.9,0.87,0.87,344750,HPG,0.9208855965612435,0.902947585030257,-0.01793801153098651,-0.020362872637474133,0.0024248611064876247,False,False,False,False,False,False,,
2012-09-11,0.84,0.85,0.83,0.83,125630,HPG,0.9141533301492994,0.8917248796409866,-0.02242845050831288,-0.020775988211641887,-0.0016524622966709937,False,False,False,False,False,False,,
2012-09-12,0.83,0.84,0.82,0.83,174200,HPG,0.9079197501382402,0.882228744311604,-0.025691005826636193,-0.02175899173464075,-0.0039320140919954435,False,True,False,True,False,False,,
2012-09-13,0.82,0.87,0.82,0.87,192220,HPG,0.9051108797576298,0.8803473990328957,-0.02476348072473411,-0.02235988953265942,-0.0024035911920746895,False,False,False,False,False,False,,
2012-09-14,0.9,0.91,0.89,0.91,78540,HPG,0.9054730368126201,0.8849093376432194,-0.020563699169400707,-0.02200065146000768,0.0014369522906069743,False,False,False,False,False,False,,
2012-09-17,0.91,0.95,0.91,0.95,229430,HPG,0.9087713303820557,0.8949232856981088,-0.013848044683946958,-0.020370130104795537,0.006522085420848579,False,False,True,False,False,False,,
2012-09-18,0.98,1.0,0.9,0.9,698510,HPG,0.9081216022056071,0.8957043186676306,-0.012417283537976553,-0.01877956079143174,0.006362277253455187,False,False,False,False,False,False,,
2012-09-19,0.91,0.95,0.91,0.92,294330,HPG,0.9090014835237104,0.8994421157956873,-0.009559367728023016,-0.016935522178749995,0.007376154450726979,True,False,True,False,False,False,,
2012-09-20,0.92,0.92,0.88,0.88,423480,HPG,0.9068532254849171,0.8964510210578893,-0.010402204427027772,-0.015628858628405552,0.00522665420137778,False,False,False,False,False,False,,
2012-09-21,0.89,0.92,0.89,0.92,866820,HPG,0.9078270606341825,0.900073940895137,-0.0077531197390454665,-0.014053710850533536,0.00630059111148807,False,False,True,False,False,False,,
2012-09-24,0.92,0.92,0.88,0.88,262590,HPG,0.9057657968835022,0.8969856422958851,-0.008780154587617162,-0.012998999597950263,0.004218845010333101,False,False,False,False,False,False,,
2012-09-25,0.85,0.88,0.84,0.85,594300,HPG,0.9016349971143539,0.889757081942672,-0.011877915171681908,-0.012774782712696593,0.0008968675410146853,False,False,False,False,False,False,,
2012-09-26,0.83,0.85,0.83,0.85,305170,HPG,0.8978101825132907,0.8836406077976455,-0.014169574715645172,-0.01305374111328631,-0.0011158336023588625,False,False,False,False,False,False,,
2012-09-27,0.85,0.85,0.84,0.84,101160,HPG,0.8935279467715654,0.8769266681364694,-0.016601278635096084,-0.013763248617648265,-0.0028380300174478193,False,False,False,False,False,False,,
2012-09-28,0.84,0.84,0.82,0.82,225770,HPG,0.888081432195894,0.8681687191923971,-0.01991271300349684,-0.01499314149481798,-0.0049195715086788605,False,True,False,True,False,False,,
2012-10-01,0.85,0.86,0.83,0.86,644820,HPG,0.8860013261073092,0.8669119931627977,-0.01908933294451154,-0.01581237978475669,-0.0032769531597548474,False,False,False,False,False,False,,
2012-10-02,0.84,0.85,0.84,0.85,6000,HPG,0.8833345612104715,0.8643101480608287,-0.01902441314964276,-0.016454786457733905,-0.002569626691908855,False,False,False,False,False,False,,
2012-10-03,0.88,0.89,0.85,0.88,179290,HPG,0.8830875566763625,0.8667239714360859,-0.01636358524027659,-0.016436546214242443,7.29609739658528e-05,False,False,False,False,False,False,,
2012-10-04,0.88,0.92,0.88,0.9,318150,HPG,0.8843403302558912,0.8718433604459188,-0.012496969809972391,-0.015648630933388433,0.0031516611234160413,False,False,False,False,False,False,,
2012-10-05,0.93,0.93,0.91,0.92,98780,HPG,0.8869817872739734,0.8792520742234697,-0.007729713050503628,-0.014064847356811471,0.006335134306307843,False,False,False,False,False,False,,
2012-10-08,0.89,0.93,0.89,0.92,78870,HPG,0.8894275808092347,0.8855209858813975,-0.003906594927837181,-0.012033196871016614,0.008126601943179433,False,False,False,False,False,False,,
2012-10-09,0.91,0.92,0.91,0.91,101660,HPG,0.8909514637122543,0.8892869880534902,-0.001664475658764153,-0.009959452628566123,0.00829497696980197,True,False,True,False,False,False,,
2012-10-10,0.91,0.92,0.88,0.91,17610,HPG,0.8923624664002354,0.8924736052760301,0.00011113887579472514,-0.007945334327693954,0.008056473203488679,False,False,False,False,False,False,,
2012-10-11,0.93,0.94,0.91,0.92,72320,HPG,0.8944096911113292,0.8967084352335639,0.0022987441222347416,-0.005896518637708215,0.008195262759942958,False,False,True,False,False,False,,
2012-10-12,0.9,0.92,0.89,0.92,47720,HPG,0.8963052695475271,0.9002917528899388,0.003986483342411695,-0.003919918241684233,0.007906401584095928,False,False,False,False,False,False,,
2012-10-15,0.91,0.92,0.89,0.89,40950,HPG,0.8958382125440066,0.8987084062914866,0.0028701937474799877,-0.002561895843851389,0.005432089591331377,False,False,False,False,False,False,,
2012-10-16,0.89,0.93,0.89,0.93,63440,HPG,0.8983687153185247,0.9035224976312579,0.005153782312733224,-0.0010187602125344669,0.006172542525267691,False,False,False,False,False,False,,
2012-10-17,0.97,0.97,0.97,0.97,332070,HPG,0.9036747364060413,0.9137498056879874,0.010075069281946014,0.0012000056863616295,0.008875063595584385,False,False,False,False,False,False,,
2012-10-18,1.0,1.0,0.98,1.0,172980,HPG,0.910809941116705,0.9270190663513739,0.016209125234668886,0.004201829596023081,0.012007295638645804,False,False,False,False,False,False,,
2012-10-19,1.0,1.0,0.98,0.98,112880,HPG,0.9159351306636156,0.9351699792203932,0.019234848556777595,0.0072084333881739845,0.01202641516860361,True,False,True,False,False,False,,
2012-10-22,0.99,0.99,0.96,0.98,76530,HPG,0.9206806765403848,0.9420669054941789,0.021386228953794162,0.01004399250129802,0.011342236452496142,False,False,False,False,False,False,,
2012-10-23,1.0,1.01,1.0,1.0,127500,HPG,0.9265561819818378,0.9509796892643052,0.02442350728246745,0.012919895457531907,0.011503611824935542,False,False,True,False,False,False,,
2012-10-24,1.0,1.0,0.98,0.99,151600,HPG,0.9312557240572572,0.9569828139928735,0.025727089935616343,0.015481334353148794,0.010245755582467549,False,False,False,False,False,False,,
2012-10-25,1.03,1.03,1.0,1.01,308230,HPG,0.9370886333863492,0.965139304147816,0.028050670761466834,0.017995201634812403,0.010055469126654431,False,False,False,False,False,False,,
2012-10-26,1.04,1.04,1.02,1.03,130900,HPG,0.9439709568392122,0.9751178727404597,0.03114691590124752,0.020625544488099428,0.01052137141314809,False,False,True,False,False,False,,
2012-10-29,1.0,1.03,1.0,1.0,52810,HPG,0.9481212563326039,0.9789458923188505,0.03082463598624663,0.02266536278772887,0.00815927319851776,False,False,False,False,False,False,,
2012-10-30,1.02,1.02,1.0,1.0,72680,HPG,0.9519641262338925,0.9821849858082582,0.03022085957436571,0.02417646214505624,0.00604439742930947,False,False,False,False,False,False,,
2012-10-31,1.0,1.0,0.99,0.99,60620,HPG,0.9547815983647153,0.9833872956839107,0.028605697319195378,0.025062309179884067,0.0035433881393113105,False,False,False,False,False,False,,
2012-11-01,0.97,0.99,0.97,0.97,128870,HPG,0.9559088873747364,0.9813277117325399,0.025418824357803405,0.025133612215467938,0.0002852121423354663,False,False,False,False,False,False,,
2012-11-02,0.92,0.95,0.92,0.93,91850,HPG,0.9539897105321634,0.9734311406967645,0.019441430164601092,0.02399517580529457,-0.004553745640693479,False,False,False,False,False,False,,
2012-11-05,0.9,0.96,0.9,0.91,53140,HPG,0.9507312134557068,0.963672503666493,0.012941290210786272,0.02178439868639291,-0.00884310847560664,False,False,False,False,False,False,,
2012-11-06,0.91,0.91,0.9,0.91,45310,HPG,0.9477140865330618,0.9554151954101096,0.00770110887704778,0.018967740724523886,-0.011266631847476106,False,True,False,True,False,False,,
2012-11-07,0.92,0.96,0.92,0.96,64250,HPG,0.9486241541972794,0.9561205499624004,0.007496395765120956,0.0166734717326433,-0.009177075967522343,False,False,False,False,False,False,,
2012-11-08,0.95,0.99,0.95,0.99,149910,HPG,0.9516890316641476,0.961332773045108,0.009643741380960358,0.015267525662306712,-0.005623784281346354,False,False,False,False,False,False,,
2012-11-09,0.99,0.99,0.95,0.98,35940,HPG,0.9537861404297663,0.9642046541150914,0.010418513685325093,0.014297723266910388,-0.0038792095815852953,False,False,False,False,False,False,,
2012-11-12,0.97,0.98,0.97,0.97,11980,HPG,0.9549871670645984,0.9650962457896928,0.010109078725094367,0.013459994358547184,-0.0033509156334528174,False,False,False,False,False,False,,
2012-11-13,0.96,0.97,0.95,0.95,26810,HPG,0.9546177472820356,0.9627737464374324,0.008155999155396776,0.012399195317917104,-0.004243196162520328,False,False,False,True,False,False,,
2012-11-14,0.95,0.99,0.95,0.98,101770,HPG,0.9564979141500329,0.965423939293212,0.008926025143179084,0.0117045612829695,-0.002778536139790417,False,False,False,False,False,False,,
2012-11-15,0.98,1.03,0.98,1.0,94800,HPG,0.9597202908796602,0.9707433332481025,0.011023042368442315,0.011568257500064065,-0.0005452151316217499,False,False,False,False,False,False,,
2012-11-16,0.96,1.0,0.96,0.99,80880,HPG,0.9619632322959817,0.9737058973637791,0.01174266506779742,0.011603139013610736,0.00013952605418668385,False,False,False,False,False,False,,
2012-11-19,0.96,0.99,0.96,0.99,7690,HPG,0.9640400299036868,0.9762126823847361,0.012172652481049373,0.011717041707098464,0.00045561077395090896,False,False,False,False,False,False,,
2012-11-20,1.0,1.01,0.99,0.99,123340,HPG,0.9659629906515619,0.9783338081716999,0.012370817520138022,0.011847796869706375,0.0005230206504316468,True,False,True,False,False,False,,
2012-11-21,1.0,1.01,0.96,0.96,70670,HPG,0.9655212876403351,0.9755132222991306,0.009991934658795554,0.011476624427524212,-0.001484689768728658,False,False,False,True,False,False,,
2012-11-22,0.99,0.99,0.99,0.99,15210,HPG,0.9673345255929029,0.9777419573300337,0.010407431737130768,0.011262785889445523,-0.0008553541523147554,False,False,False,False,False,False,,
2012-11-23,1.0,1.0,0.96,0.96,27400,HPG,0.966791227400836,0.9750124254331054,0.008221198032269394,0.010654468318010297,-0.0024332702857409027,False,False,False,False,False,False,,
2012-11-26,0.96,0.97,0.96,0.96,19770,HPG,0.9662881735192926,0.97270282152032,0.006414648001027312,0.0098065042546137,-0.0033918562535863884,False,True,False,True,False,False,,
2012-11-27,1.0,1.0,0.97,0.97,102900,HPG,0.9665631236289747,0.972287002824886,0.00572387919591133,0.008989979242873227,-0.003266100046961897,False,False,False,False,False,False,,
2012-11-28,0.97,0.98,0.96,0.97,26680,HPG,0.9668177070638654,0.971935156236442,0.005117449172576616,0.008215473228813906,-0.0030980240562372904,False,False,False,False,False,False,,
2012-11-29,1.0,1.0,0.98,0.99,132600,HPG,0.9685349139480235,0.9747143629692971,0.006179449021273653,0.007808268387305856,-0.001628819366032203,False,False,False,False,False,False,,
2012-11-30,1.03,1.03,0.97,0.97,250040,HPG,0.9686434388407624,0.9739890763586361,0.005345637517873647,0.007315742213419414,-0.001970104695545767,False,False,False,True,False,False,,
2012-12-03,0.99,1.0,0.97,1.0,307160,HPG,0.97096614707478,0.977990756918846,0.007024609844065943,0.00725751573954872,-0.00023290589548277674,False,False,False,False,False,False,,
2012-12-04,1.0,1.03,1.0,1.01,305470,HPG,0.9738575435877592,0.9829152558544081,0.009057712266648865,0.00761755504496875,0.0014401572216801153,False,False,False,False,False,False,,
2012-12-05,1.03,1.03,1.01,1.01,160320,HPG,0.9765347625812585,0.9870821395691145,0.010547376987856016,0.008203519433546204,0.002343857554309813,False,False,False,False,False,False,,
2012-12-06,1.04,1.04,1.02,1.02,265720,HPG,0.9797544097974616,0.9921464257892507,0.012392015991789074,0.009041218745194778,0.003350797246594296,False,False,True,False,False,False,,
2012-12-07,1.03,1.03,1.01,1.01,206510,HPG,0.9819948238865386,0.9948931295139813,0.012898305627442763,0.009812636121644375,0.0030856695057983885,False,False,False,False,False,False,,
2012-12-10,1.02,1.02,1.0,1.02,59470,HPG,0.9848100221171654,0.9987557249733688,0.013945702856203446,0.010639249468556189,0.003306453387647257,False,False,False,False,False,False,,
2012-12-11,1.02,1.05,1.01,1.05,268330,HPG,0.9896389093677458,1.0066394595928505,0.017000550225104716,0.011911509619865894,0.005089040605238822,False,False,False,False,False,False,,
2012-12-12,1.04,1.06,1.02,1.05,304230,HPG,0.9941101012664313,1.0133103119631812,0.01920021069674993,0.013369249835242703,0.005830960861507228,True,False,True,False,False,False,,
2012-12-13,1.05,1.05,1.03,1.04,210390,HPG,0.9975093530244734,1.0174164178149994,0.019907064790525952,0.014676812826299354,0.005230251964226598,False,False,False,False,False,False,,
2012-12-14,1.05,1.05,1.02,1.02,163580,HPG,0.9991753268745125,1.0178138919973072,0.018638565122794715,0.015469163285598428,0.0031694018371962868,False,False,False,False,False,False,,
2012-12-17,1.02,1.06,1.02,1.06,383410,HPG,1.0036808582171413,1.0243040624592599,0.02062320424211861,0.016499971476902464,0.004123232765216145,False,False,True,False,False,False,,
2012-12-18,1.07,1.07,1.04,1.04,407340,HPG,1.0063711650158715,1.0267188220809123,0.020347657065040714,0.017269508594530115,0.0030781484705105985,False,False,False,False,False,False,,
2012-12-19,1.06,1.08,1.05,1.07,589250,HPG,1.011084412051733,1.033377464837695,0.022293052785961942,0.018274217432816483,0.004018835353145459,False,False,True,False,False,False,,
2012-12-20,1.07,1.07,1.04,1.06,465600,HPG,1.01470778893679,1.0374732394780495,0.022765450541259558,0.0191724640545051,0.003592986486754459,False,False,False,False,False,False,,
2012-12-21,1.06,1.1,1.03,1.1,866270,HPG,1.0210257304970276,1.0470927410968112,0.026067010599783558,0.02055137336356079,0.005515637236222767,False,False,False,False,False,False,,
2012-12-24,1.06,1.1,1.05,1.09,209100,HPG,1.026134935645396,1.0536938578511479,0.027558922205751957,0.021952883131999026,0.005606039073752931,False,False,False,False,False,False,,
2012-12-25,1.13,1.13,1.09,1.12,507730,HPG,1.0330879033753666,1.0638948027971251,0.030806899421758516,0.023723686389950926,0.007083213031807589,True,False,True,False,False,False,,
2012-12-26,1.07,1.11,1.07,1.1,323770,HPG,1.0380443549771914,1.0694494485206443,0.03140509354345289,0.02525996782065132,0.00614512572280157,False,False,False,False,False,False,,
2012-12-27,1.12,1.12,1.1,1.11,178280,HPG,1.0433744027566587,1.0756879949020837,0.03231359214542495,0.026670692685606047,0.005642899459818905,False,False,False,False,False,False,,
2012-12-28,1.11,1.12,1.1,1.12,236950,HPG,1.0490503729228322,1.0825052264556092,0.033454853532776996,0.028027524855040238,0.005427328677736758,False,False,False,False,False,False,,
2013-01-02,1.12,1.13,1.11,1.12,541540,HPG,1.0543059008544742,1.0882736531547463,0.03396775230027216,0.029215570344086624,0.004752181956185535,False,False,False,False,False,False,,
2013-01-03,1.12,1.13,1.11,1.13,720080,HPG,1.0599128711615502,1.0946930911309392,0.03478021996938896,0.03032850026914709,0.004451719700241868,False,False,False,False,False,False,,
2013-01-04,1.14,1.19,1.13,1.17,569620,HPG,1.0680674732977316,1.106278769418487,0.03821129612075547,0.031905059439468766,0.0063062366812867005,False,False,False,False,False,False,,
2013-01-07,1.13,1.23,1.13,1.23,926020,HPG,1.0800624752756773,1.125312804892566,0.045250329616888685,0.034574113474952754,0.01067621614193593,False,False,False,False,False,False,,
2013-01-08,1.28,1.29,1.26,1.28,1480180,HPG,1.094872662292294,1.1491108349090944,0.05423817261680042,0.03850692530332229,0.01573124731347813,False,False,False,False,False,False,,
2013-01-09,1.23,1.28,1.23,1.27,1877280,HPG,1.1078450576780499,1.167709168000003,0.059864110321953046,0.04277836230704844,0.017085748014904603,False,False,False,False,False,False,,
2013-01-10,1.23,1.28,1.22,1.28,962800,HPG,1.120597275627824,1.184984680615387,0.06438740498756301,0.04710017084315136,0.017287234144411655,True,False,True,False,False,False,,
2013-01-11,1.28,1.29,1.25,1.27,849600,HPG,1.131664144099837,1.1980639605207122,0.06639981642087522,0.05096009995869613,0.015439716462179093,False,False,False,False,False,False,,
2013-01-14,1.23,1.25,1.23,1.24,396190,HPG,1.1396890223146638,1.204515658902141,0.06482663658747723,0.053733407284452354,0.011093229303024872,False,False,False,False,False,False,,
2013-01-15,1.23,1.24,1.22,1.24,989300,HPG,1.1471194651061702,1.2099747883018117,0.06285532319564147,0.055557790466690175,0.007297532728951291,False,False,False,False,False,False,,
2013-01-16,1.24,1.3,1.22,1.25,2347480,HPG,1.1547402454686762,1.216132513178456,0.06139226770977979,0.056724685915308104,0.004667581794471687,False,False,False,False,False,False,,
2013-01-17,1.25,1.25,1.22,1.22,837430,HPG,1.1595743013598854,1.216727511151001,0.0571532097911156,0.0568103906904696,0.00034281910064599963,False,False,False,False,False,False,,
2013-01-18,1.22,1.22,1.19,1.22,344660,HPG,1.164050279036931,1.2172309709739237,0.05318069193699282,0.05608445093977425,-0.0029037590027814336,False,False,False,False,False,False,,
2013-01-21,1.2,1.22,1.18,1.18,697920,HPG,1.1652317398490102,1.211503129285628,0.046271389436617794,0.054121838639142966,-0.007850449202525173,False,False,False,False,False,False,,
2013-01-22,1.17,1.18,1.13,1.16,801790,HPG,1.1648442035638984,1.203579570933993,0.03873536737009453,0.05104454438533328,-0.012309177015238752,False,False,False,False,False,False,,
2013-01-23,1.14,1.16,1.14,1.15,343880,HPG,1.1637446329295356,1.195336560021071,0.031591927091535466,0.047154020926573725,-0.01556209383503826,False,True,False,True,False,False,,
2013-01-24,1.15,1.23,1.15,1.23,829460,HPG,1.168652437897718,1.2006693969409064,0.03201695904318824,0.04412660854989663,-0.01210964950670839,False,False,False,False,False,False,,
2013-01-25,1.24,1.27,1.23,1.26,1009460,HPG,1.1754189239793686,1.2097971820269207,0.03437825804755201,0.042176938449427714,-0.007798680401875702,False,False,False,False,False,False,,
2013-01-28,1.27,1.3,1.27,1.27,2762600,HPG,1.1824249296105265,1.219059154022779,0.036634224412252614,0.041068395641992696,-0.004434171229740082,False,False,False,False,False,False,,
2013-01-29,1.27,1.3,1.25,1.3,1651520,HPG,1.191134194083821,1.2315115918654285,0.04037739778160754,0.040930196069915666,-0.0005527982883081276,False,False,False,False,False,False,,
2013-01-30,1.3,1.39,1.3,1.35,2172950,HPG,1.2029020315590935,1.2497405777322856,0.046838546173192164,0.04211186609057097,0.004726680082621192,False,False,False,False,False,False,,
2013-01-31,1.33,1.35,1.31,1.32,1160050,HPG,1.2115759551473086,1.2605497196196265,0.04897376447231783,0.04348424576692035,0.005489518705397475,False,False,True,False,False,False,,
2013-02-01,1.32,1.32,1.29,1.31,1087160,HPG,1.2188666251363969,1.2681574550627608,0.04929082992636391,0.044645562598809065,0.004645267327554846,False,False,False,False,False,False,,
2013-02-04,1.31,1.32,1.29,1.29,1102750,HPG,1.2241357640151824,1.2715178465915669,0.04738208257638443,0.04519286659432414,0.0021892159820602955,False,False,False,False,False,False,,
2013-02-05,1.28,1.33,1.27,1.31,843750,HPG,1.2304960777918357,1.277438177885172,0.046942100093336325,0.045542713294126576,0.0013993867992097495,False,False,False,False,False,False,,
2013-02-06,1.34,1.37,1.33,1.37,1449490,HPG,1.2408297016591072,1.2916784582105303,0.05084875655142307,0.04660392194558588,0.004244834605837189,False,False,False,False,False,False,,
2013-02-07,1.4,1.41,1.38,1.39,2242560,HPG,1.251879353388062,1.3068048492550641,0.05492549586700202,0.04826823672986911,0.006657259137132908,False,False,False,False,False,False,,
2013-02-08,1.4,1.4,1.39,1.39,752510,HPG,1.2621105123963539,1.3196041032158234,0.05749359081946959,0.050113307547789206,0.007380283271680381,False,False,False,False,False,False,,
2013-02-18,1.39,1.4,1.38,1.4,1322060,HPG,1.2723245485151424,1.3319727027210813,0.05964815420593883,0.05202027687941914,0.007627877326519691,True,False,True,False,False,False,,
2013-02-19,1.39,1.4,1.38,1.39,1309920,HPG,1.281041248625132,1.3408999792255303,0.05985873060039837,0.053587967623614986,0.0062707629767833825,False,False,False,False,False,False,,
2013-02-20,1.38,1.4,1.37,1.4,1224050,HPG,1.2898530079862331,1.34999229011391,0.06013928212767694,0.05489823052442738,0.005241051603249558,False,False,False,False,False,False,,
2013-02-21,1.4,1.43,1.3,1.3,2332340,HPG,1.29060463702429,1.3423011685579238,0.05169653153363374,0.05425789072626866,-0.002561359192634921,False,False,False,False,False,False,,
2013-02-22,1.33,1.36,1.28,1.32,1422600,HPG,1.292782071318787,1.3388702195490125,0.046088148230225556,0.052623942227060044,-0.006535793996834488,False,False,False,False,False,False,,
2013-02-25,1.36,1.36,1.31,1.35,806200,HPG,1.2970204364062843,1.340582493464549,0.04356205705826466,0.05081156519330097,-0.00724950813503631,False,False,False,False,False,False,,
2013-02-26,1.34,1.34,1.27,1.27,1295340,HPG,1.2950189225984112,1.329723648316157,0.034704725717745744,0.047590197298189925,-0.012885471580444181,False,False,False,False,False,False,,
2013-02-27,1.27,1.29,1.22,1.26,1290490,HPG,1.2924249283318623,1.3189969331905942,0.0265720048587319,0.04338655881029833,-0.016814553951566426,False,False,False,False,False,False,,
2013-02-28,1.29,1.3,1.27,1.29,545070,HPG,1.2922453040109836,1.3145358665458873,0.02229056253490369,0.0391673595552194,-0.016876797020315706,False,False,False,False,False,False,,
2013-03-01,1.29,1.31,1.28,1.28,735390,HPG,1.2913382444546144,1.3092226563080585,0.017884411853444027,0.03491077001486432,-0.017026358161420292,False,False,False,False,False,False,,
2013-03-04,1.28,1.28,1.19,1.19,1297130,HPG,1.2838317078283465,1.2908807091837418,0.0070490013553952124,0.0293384162829705,-0.022289414927575288,False,False,False,False,False,False,,
2013-03-05,1.19,1.19,1.14,1.16,999030,HPG,1.2746589887299506,1.270745215463166,-0.003913773266784659,0.02268797837301947,-0.02660175163980413,False,True,False,True,False,False,,
2013-03-06,1.18,1.21,1.16,1.21,362260,HPG,1.2698694340092136,1.2613997976996019,-0.008469636309611728,0.016456455436493232,-0.02492609174610496,False,False,False,False,False,False,,
2013-03-07,1.24,1.29,1.22,1.25,1439190,HPG,1.2683976240826051,1.259645982668894,-0.008751641413711209,0.011414836066452345,-0.020166477480163553,False,False,False,False,False,False,,
2013-03-08,1.27,1.28,1.26,1.27,291320,HPG,1.2685163185950046,1.2612389084121411,-0.007277410182863431,0.00767638681658919,-0.01495379699945262,False,False,False,False,False,False,,
2013-03-11,1.27,1.31,1.26,1.31,753670,HPG,1.2715891838842635,1.2687406148102731,-0.002848569073990337,0.005571395638473285,-0.008419964712463621,False,False,False,False,False,False,,
2013-03-12,1.31,1.35,1.31,1.35,2115490,HPG,1.2773973924854292,1.2812420586856157,0.0038446662001865306,0.005226049750815935,-0.001381383550629404,False,False,False,False,False,False,,
2013-03-13,1.36,1.36,1.28,1.31,843440,HPG,1.2798124004494715,1.285666357349367,0.0058539568998954294,0.005351631180631833,0.0005023257192635962,False,False,False,False,False,False,,
2013-03-14,1.32,1.33,1.29,1.33,684690,HPG,1.2835300004161774,1.2924869177571567,0.008956917340979365,0.00607268841270134,0.0028842289282780247,False,False,False,False,False,False,,
2013-03-15,1.33,1.35,1.32,1.34,1045000,HPG,1.2877129633483122,1.299796622717594,0.012083659369281907,0.007274882604017454,0.004808776765264453,False,False,True,False,False,False,,
2013-03-18,1.33,1.33,1.32,1.32,479080,HPG,1.2901045956928816,1.302904834607195,0.012800238914313367,0.008379953866076637,0.00442028504823673,False,False,False,False,False,False,,
2013-03-19,1.32,1.33,1.31,1.33,412220,HPG,1.2930598108267422,1.3070733215907036,0.014013510763961401,0.009506665245653589,0.004506845518307812,False,False,False,False,False,False,,
2013-03-20,1.33,1.36,1.32,1.34,497720,HPG,1.296536861876613,1.312138964422903,0.015602102546289798,0.010725752705780831,0.0048763498405089666,False,False,False,False,False,False,,
2013-03-21,1.35,1.37,1.35,1.35,1058440,HPG,1.3004970943301974,1.3179637391270715,0.017466644796874098,0.012073931123999486,0.005392713672874612,True,False,True,False,False,False,,
2013-03-22,1.36,1.36,1.31,1.32,801770,HPG,1.301941754009442,1.3182770100305992,0.016335256021157152,0.01292619610343102,0.003409059917726132,False,False,False,False,False,False,,
2013-03-25,1.33,1.36,1.33,1.36,562130,HPG,1.3062423648235575,1.3246959315643532,0.01845356674079568,0.014031670230903952,0.004421896509891728,False,False,False,False,False,False,,
2013-03-26,1.37,1.38,1.36,1.37,785020,HPG,1.310965152614405,1.3316657882467604,0.020700635632355358,0.015365463311194235,0.005335172321161123,False,False,True,False,False,False,,
2013-03-27,1.34,1.37,1.33,1.36,396110,HPG,1.3145973635318566,1.3360248977472589,0.021427534215402222,0.016577877492035833,0.004849656723366388,False,False,False,False,False,False,,
2013-03-28,1.35,1.37,1.35,1.37,354830,HPG,1.318701262529497,1.341251836555373,0.022550574025876013,0.01777241679880387,0.004778157227072144,False,False,False,False,False,False,,
2013-03-29,1.35,1.39,1.34,1.38,634930,HPG,1.3232419097495343,1.347213092469931,0.023971182720396778,0.01901216998312245,0.004959012737274327,False,False,False,False,False,False,,
2013-04-01,1.38,1.48,1.38,1.48,1521410,HPG,1.3348536201384575,1.3676418474745569,0.03278822733609932,0.021767381453717826,0.011020845882381492,False,False,False,False,False,False,,
2013-04-02,1.49,1.55,1.49,1.52,1137660,HPG,1.3485681667948681,1.3910815632477018,0.042513396452833696,0.025916584453541003,0.016596811999292693,False,False,False,False,False,False,,
2013-04-03,1.51,1.54,1.49,1.49,827910,HPG,1.3590445988841373,1.4062997842865168,0.047255185402379496,0.030184304643308704,0.017070880759070792,True,False,True,False,False,False,,
2013-04-04,1.48,1.53,1.48,1.49,1217830,HPG,1.368744998966794,1.4191767405501294,0.05043174158333552,0.03423379203131407,0.016197949552021453,False,False,False,False,False,False,,
2013-04-05,1.49,1.55,1.48,1.53,479420,HPG,1.3806898138581425,1.4362264727731864,0.05553665891504389,0.03849436540806003,0.017042293506983858,False,False,True,False,False,False,,
2013-04-08,1.55,1.56,1.52,1.52,420570,HPG,1.3910090869056875,1.4491147077311577,0.05810562082547022,0.042416616491542075,0.01568900433392814,False,False,False,False,False,False,,
2013-04-09,1.52,1.55,1.51,1.52,476440,HPG,1.4005639693571181,1.4600201373109796,0.05945616795386144,0.04582452678400595,0.01363164116985549,False,False,False,False,False,False,,
2013-04-10,1.52,1.54,1.44,1.44,925260,HPG,1.4034851568121465,1.4569401161862134,0.05345495937406697,0.04735061330201815,0.006104346072048815,False,False,False,False,False,False,,
2013-04-11,1.44,1.48,1.44,1.45,962140,HPG,1.4069307007519876,1.4558724060037191,0.04894170525173158,0.047668831691960845,0.0012728735597707375,False,False,False,False,False,False,,
2013-04-12,1.45,1.47,1.42,1.45,773230,HPG,1.4101210192148033,1.454968958926224,0.04484793971142076,0.04710465329585283,-0.0022567135844320727,False,False,False,False,False,False,,
2013-04-15,1.45,1.45,1.41,1.42,753920,HPG,1.4108527955692625,1.4495891190914203,0.038736323522157834,0.04543098734111383,-0.006694663818955997,False,False,False,False,False,False,,
2013-04-16,1.4,1.44,1.37,1.43,576320,HPG,1.4122711070085765,1.446575408461971,0.03430430145339458,0.04320565016356998,-0.008901348710175401,False,False,False,False,False,False,,
2013-04-17,1.43,1.44,1.42,1.43,410720,HPG,1.4135843583412746,1.4440253456216678,0.03044098728039324,0.04065271758693464,-0.010211730306541399,False,False,False,False,False,False,,
2013-04-18,1.39,1.42,1.38,1.39,589320,HPG,1.4118373688345134,1.435713753987565,0.023876385153051682,0.037297451100158044,-0.013421065947106361,False,False,False,False,False,False,,
2013-04-22,1.38,1.39,1.37,1.38,241060,HPG,1.409479045217142,1.4271424072202474,0.017663362003105476,0.03337063328074753,-0.015707271277642057,False,True,False,True,False,False,,
2013-04-23,1.38,1.41,1.38,1.41,345580,HPG,1.4095176344603166,1.424505113801748,0.014987479341431298,0.029694002492884286,-0.014706523151452988,False,False,False,False,False,False,,
2013-04-24,1.39,1.45,1.39,1.42,475150,HPG,1.4102941059817748,1.4238120193707098,0.013517913388934932,0.026458784672094417,-0.012940871283159485,False,False,False,False,False,False,,
2013-04-25,1.41,1.45,1.41,1.45,206690,HPG,1.413235283316458,1.4278409394675238,0.014605656151065682,0.024088158967888674,-0.009482502816822991,False,False,False,False,False,False,,
2013-04-26,1.45,1.47,1.45,1.46,344050,HPG,1.4166993364041278,1.432788487241751,0.01608915083762308,0.022488357341835557,-0.006399206504212478,False,False,False,False,False,False,,
2013-05-02,1.45,1.51,1.45,1.49,496670,HPG,1.4221290151890074,1.4415902584353275,0.019461243246320148,0.021882934522732475,-0.002421691276412327,False,False,False,False,False,False,,
2013-05-03,1.5,1.53,1.49,1.52,405820,HPG,1.4293787177675994,1.4536532955991233,0.02427457783152387,0.022361263184490755,0.0019133146470331139,False,False,False,False,False,False,,
2013-05-06,1.52,1.54,1.52,1.54,285310,HPG,1.4375728868218511,1.466937403968489,0.029364517146637903,0.023761913976920186,0.005602603169717717,False,False,False,False,False,False,,
2013-05-07,1.55,1.55,1.51,1.52,315900,HPG,1.4436785989091214,1.475100880281029,0.03142228137190761,0.025293987455917672,0.00612829391598994,False,False,False,False,False,False,,
2013-05-08,1.53,1.54,1.52,1.54,294510,HPG,1.4508135175084458,1.4850853602377938,0.03427184272934802,0.027089558510603746,0.007182284218744277,False,False,False,False,False,False,,
2013-05-09,1.54,1.61,1.54,1.6,637510,HPG,1.4618643680633756,1.5027645355858255,0.04090016752244985,0.02985168031297297,0.01104848720947688,False,False,False,False,False,False,,
2013-05-10,1.6,1.65,1.6,1.63,425020,HPG,1.4743188593179404,1.5223392224187755,0.04802036310083513,0.033485416870545404,0.014534946230289725,True,False,True,False,False,False,,
2013-05-13,1.63,1.64,1.6,1.61,119450,HPG,1.484369314183278,1.53582549589281,0.05145618170953181,0.03707956983834269,0.014376611871189125,False,False,False,False,False,False,,
2013-05-14,1.6,1.6,1.55,1.55,551380,HPG,1.4892308464659982,1.5380061888323777,0.04877534236637948,0.03941872434395005,0.00935661802242943,False,False,False,False,False,False,,
2013-05-15,1.57,1.63,1.56,1.62,301900,HPG,1.4989174504314797,1.550620621319704,0.05170317088822429,0.0418756136528049,0.009827557235419393,False,False,True,False,False,False,,
2013-05-16,1.62,1.64,1.61,1.62,405230,HPG,1.5078865281772962,1.5612943718859036,0.053407843708607405,0.044182059663965406,0.009225784044642,False,False,False,False,False,False,,
2013-05-17,1.63,1.63,1.6,1.6,300170,HPG,1.5147097483123113,1.567249083903457,0.05253933559114565,0.04585351484940146,0.006685820741744196,False,False,False,False,False,False,,
2013-05-20,1.62,1.66,1.6,1.66,600430,HPG,1.525471989178066,1.5815184556106174,0.05604646643255151,0.04789210516603147,0.008154361266520041,False,False,False,False,False,False,,
2013-05-21,1.66,1.71,1.66,1.67,787430,HPG,1.5361777677574684,1.5951310009012918,0.05895323314382339,0.05010433076158986,0.008848902382233528,False,False,True,False,False,False,,
2013-05-22,1.69,1.69,1.66,1.67,288600,HPG,1.5460905257013595,1.6066493084549394,0.06055878275357984,0.05219522115998786,0.00836356159359198,False,False,False,False,False,False,,
2013-05-23,1.67,1.67,1.65,1.65,786290,HPG,1.5537875237975551,1.6133186456157178,0.05953112181816267,0.05366240129162283,0.00586872052653984,False,False,False,False,False,False,,
2013-05-24,1.64,1.69,1.64,1.67,984970,HPG,1.5623958553681065,1.6220388539825303,0.05964299861442379,0.05485852075618302,0.004784477858240772,False,False,False,False,False,False,,
2013-05-27,1.68,1.72,1.68,1.72,833760,HPG,1.5740702364519505,1.6371097995236796,0.06303956307172909,0.05649472921929224,0.00654483385243685,False,False,False,False,False,False,,
2013-05-28,1.72,1.74,1.72,1.73,1231890,HPG,1.5856205893073616,1.6514005995969596,0.06578001028959801,0.0583517854333534,0.007428224856244614,False,False,False,False,False,False,,
2013-05-29,1.75,1.75,1.73,1.74,991200,HPG,1.59705610121052,1.6650312765820428,0.06797517537152276,0.060276463420987275,0.007698711950535481,False,False,True,False,False,True,,2013-05-10
2013-05-30,1.75,1.75,1.72,1.74,678770,HPG,1.6076445381578888,1.6765649263386515,0.06892038818076274,0.06200524837294237,0.006915139807820367,False,False,False,False,False,False,,
2013-05-31,1.75,1.77,1.74,1.74,891050,HPG,1.6174486464424895,1.6863241684403973,0.06887552199790781,0.06337930309793546,0.005496218899972344,False,False,False,False,False,False,,
2013-06-03,1.73,1.73,1.71,1.71,588640,HPG,1.6243043022615644,1.6899666040649515,0.06566230180338706,0.0638359028390258,0.0018263989643612644,False,False,False,False,False,False,,
2013-06-04,1.7,1.71,1.67,1.67,1291740,HPG,1.6276891687607078,1.68689481882419,0.05920565006348211,0.06290985228391706,-0.0037042022204349517,False,False,False,False,False,False,,
2013-06-05,1.67,1.69,1.67,1.69,607340,HPG,1.632304785889544,1.6873725390050838,0.055067753115539686,0.06134143245024159,-0.006273679334701902,False,False,False,False,False,False,,
2013-06-06,1.69,1.7,1.68,1.7,339900,HPG,1.6373192461940225,1.6893152253119939,0.05199597911797138,0.05947234178378755,-0.007476362665816166,False,False,False,False,False,False,,
2013-06-07,1.7,1.71,1.69,1.7,313830,HPG,1.6419622649944654,1.6909590368024563,0.04899677180799089,0.05737722778862822,-0.00838045598063733,False,False,False,False,False,False,,
2013-06-10,1.7,1.71,1.67,1.69,584670,HPG,1.6455206157356161,1.6908114926790014,0.045290876943385294,0.054959957619579634,-0.00966908067619434,False,False,False,False,False,False,,
2013-06-11,1.68,1.69,1.67,1.67,778670,HPG,1.6473339034589038,1.6876097245745396,0.04027582111563577,0.05202313031879086,-0.011747309203155094,False,False,False,False,False,False,,
2013-06-12,1.66,1.66,1.62,1.62,1124980,HPG,1.6453091698693556,1.677208228486149,0.03189905861679332,0.047998315978391354,-0.016099257361598035,False,False,False,False,False,False,,
2013-06-13,1.62,1.66,1.62,1.65,866200,HPG,1.645656638767922,1.6730223471805876,0.027365708412665724,0.043871794465246236,-0.016506086052580513,False,False,False,False,False,False,,
2013-06-14,1.65,1.67,1.64,1.64,708000,HPG,1.6452376284888166,1.667941986075882,0.02270435758706535,0.03963830708961006,-0.01693394950254471,False,False,False,False,False,False,,
2013-06-17,1.6,1.62,1.57,1.59,1372640,HPG,1.6411459523044598,1.655950911294977,0.014804958990517258,0.0346716374697915,-0.019866678479274244,False,False,False,False,False,False,,
2013-06-18,1.58,1.6,1.57,1.59,904440,HPG,1.6373573632448701,1.645804617249596,0.00844725400472579,0.029426760776778364,-0.020979506772052573,False,False,False,False,False,False,,
2013-06-19,1.57,1.6,1.57,1.58,937060,HPG,1.633108669671176,1.6356808299804275,0.002572160309251448,0.024055840683272982,-0.021483680374021534,False,False,False,False,False,False,,
2013-06-20,1.57,1.58,1.56,1.56,933550,HPG,1.6276932126584964,1.624037625368054,-0.0036555872904424636,0.018513555088529893,-0.022169142378972356,False,False,False,False,False,False,,
2013-06-21,1.54,1.54,1.5,1.5,3356060,HPG,1.6182344561652746,1.6049549137729688,-0.013279542392305776,0.012154935592362758,-0.025434477984668535,False,False,False,False,False,False,,
2013-06-24,1.52,1.54,1.5,1.5,690350,HPG,1.6094763483011802,1.588808003961743,-0.020668344339437317,0.005590279606002745,-0.02625862394544006,False,False,False,False,False,False,,
2013-06-25,1.5,1.5,1.41,1.44,676880,HPG,1.596922544723315,1.5659144648907055,-0.03100807983260956,-0.0017293922817197159,-0.029278687550889842,False,False,False,False,False,False,,
2013-06-26,1.44,1.45,1.43,1.44,1136460,HPG,1.585298652521588,1.5465430087536738,-0.03875564376791418,-0.00913464257895861,-0.029621001188955574,False,True,False,True,False,False,,
2013-06-27,1.45,1.52,1.44,1.52,478650,HPG,1.5804617152977667,1.5424594689454163,-0.03800224635235039,-0.014908163333636967,-0.02309408301871342,False,False,False,False,False,False,,
2013-06-28,1.53,1.54,1.49,1.5,483230,HPG,1.5745015882386728,1.5359272429538138,-0.038574345284859035,-0.019641399723881382,-0.018932945560977653,False,False,False,False,False,False,,
2013-07-01,1.49,1.49,1.46,1.47,216250,HPG,1.566760729850623,1.5257845901916887,-0.04097613965893432,-0.023908347710891974,-0.017067791948042345,False,False,False,False,False,False,,
2013-07-02,1.46,1.51,1.46,1.51,191020,HPG,1.5625562313431693,1.5233561917006597,-0.03920003964250962,-0.026966686097215503,-0.012233353545294118,False,False,False,False,False,False,,
2013-07-03,1.51,1.52,1.5,1.5,359440,HPG,1.5579224364288606,1.5197629314390197,-0.03815950498984089,-0.02920524987574058,-0.008954255114100307,False,False,False,False,False,False,,
2013-07-04,1.5,1.51,1.47,1.47,368000,HPG,1.551409663360056,1.5121070958330167,-0.03930256752703931,-0.031224713406000325,-0.008077854121038987,False,False,False,False,False,False,,
2013-07-05,1.49,1.51,1.48,1.49,581570,HPG,1.5468607994074595,1.5087060041663989,-0.03815479524106058,-0.032610729773012374,-0.005544065468048205,False,False,False,False,False,False,,
2013-07-08,1.49,1.49,1.46,1.47,601980,HPG,1.5411674068587586,1.5027512342946452,-0.03841617256411345,-0.03377181833123259,-0.004644354232880857,False,False,False,False,False,False,,
2013-07-09,1.45,1.48,1.45,1.47,102510,HPG,1.5358957470914432,1.4977125828646998,-0.038183164226743393,-0.034654087510334754,-0.00352907671640864,False,False,False,False,False,False,,
2013-07-10,1.47,1.48,1.47,1.47,220090,HPG,1.531014580640225,1.4934491085778228,-0.03756547206240235,-0.035236364420748276,-0.002329107641654074,False,False,False,False,False,False,,
2013-07-11,1.47,1.47,1.46,1.46,318480,HPG,1.5257542413335416,1.4883030918735423,-0.03745114945999939,-0.035679321428598504,-0.001771828031400885,False,False,False,False,False,False,,
2013-07-12,1.46,1.53,1.46,1.53,544110,HPG,1.5260687419755015,1.494718000816074,-0.031350741159427375,-0.03481360537476428,0.003462864215336904,False,False,False,False,False,False,,
2013-07-15,1.58,1.59,1.56,1.57,768550,HPG,1.5293229092365754,1.5062998468443702,-0.023023062392205196,-0.03245549677825246,0.009432434386047267,False,False,False,False,False,False,,
2013-07-16,1.57,1.59,1.56,1.56,443320,HPG,1.5315952863301625,1.5145614088683133,-0.017033877461849256,-0.02937117291497182,0.012337295453122565,False,False,False,False,False,False,,
2013-07-17,1.56,1.57,1.55,1.56,240380,HPG,1.533699339194595,1.5215519613501112,-0.012147377844483831,-0.025926413900874225,0.013779036056390394,False,False,False,False,False,False,,
2013-07-18,1.56,1.62,1.56,1.61,871380,HPG,1.5393512399949953,1.5351593519116324,-0.004191888083362905,-0.021579508737371963,0.017387620654009058,False,False,False,False,False,False,,
2013-07-19,1.61,1.63,1.61,1.63,596250,HPG,1.546065962958329,1.5497502208483045,0.0036842578899753953,-0.016526755411902492,0.020211013301877887,False,False,False,False,False,False,,
2013-07-22,1.65,1.65,1.61,1.63,660720,HPG,1.55228329903549,1.5620963407177961,0.009813041682306123,-0.01125879599306077,0.02107183767536689,False,False,False,False,False,False,,
2013-07-23,1.64,1.68,1.64,1.67,809760,HPG,1.5610030546624907,1.578696903684289,0.01769384902179838,-0.005468266990088939,0.02316211601188732,True,False,True,False,False,False,,
2013-07-24,1.67,1.67,1.62,1.64,954480,HPG,1.566854680243047,1.5881281492713215,0.02127346902827454,-0.00011991978641624334,0.021393388814690783,False,False,False,False,False,False,,
2013-07-25,1.64,1.65,1.61,1.61,542740,HPG,1.570050629854673,1.5914930493834258,0.02144241952875281,0.004192548076617567,0.017249871452135242,False,False,False,False,False,False,,
2013-07-26,1.61,1.62,1.6,1.61,530040,HPG,1.5730098424580305,1.5943402725552065,0.021330430097175945,0.0076201244807292436,0.013710305616446702,False,False,False,False,False,False,,
2013-07-29,1.6,1.61,1.57,1.57,351070,HPG,1.572786891164843,1.5905956152390208,0.017808724074177773,0.00965784439941895,0.008150879674758823,False,False,False,False,False,False,,
2013-07-30,1.56,1.62,1.56,1.62,220610,HPG,1.576284158485966,1.5951193667407098,0.01883520825474383,0.011493317170483925,0.007341891084259904,False,False,False,False,False,False,,
2013-07-31,1.62,1.62,1.6,1.61,246510,HPG,1.5787816282277463,1.5974086949344466,0.018627066706700335,0.012920067077727209,0.005706999628973126,False,False,False,False,False,False,,
2013-08-01,1.59,1.62,1.59,1.61,269390,HPG,1.581094100210876,1.5993458187906855,0.01825171857980945,0.013986397378143658,0.0042653212016657924,False,False,False,False,False,False,,
2013-08-02,1.62,1.63,1.61,1.62,240980,HPG,1.583976018713774,1.60252338513058,0.0185473664168061,0.014898591185876147,0.003648775230929952,False,False,False,False,False,False,,
2013-08-05,1.61,1.63,1.61,1.63,123730,HPG,1.5873852025127537,1.6067505566489522,0.019365354136198443,0.015791943775940606,0.0035734103602578365,False,False,False,False,False,False,,
2013-08-06,1.64,1.64,1.62,1.63,320980,HPG,1.5905418541784757,1.6103273940875749,0.019785539909099148,0.016590663002572316,0.003194876906526832,False,False,False,False,False,False,,
2013-08-07,1.64,1.7,1.63,1.67,649140,HPG,1.5964276427578479,1.6195077949971788,0.02308015223933091,0.017888560849924035,0.005191591389406874,False,False,False,False,False,False,,
2013-08-08,1.69,1.7,1.66,1.67,382810,HPG,1.6018774469980073,1.6272758265360743,0.025398379538067006,0.01939052458755263,0.0060078549505143755,True,False,True,False,False,False,,
2013-08-09,1.68,1.68,1.65,1.66,373340,HPG,1.6061828212944511,1.6323103147612936,0.02612749346684251,0.020737918363410608,0.0053895751034319025,False,False,False,False,False,False,,
2013-08-12,1.66,1.67,1.66,1.66,179720,HPG,1.6101692789763435,1.6365702663364792,0.02640098736013563,0.021870532162755613,0.004530455197380018,False,False,False,False,False,False,,
2013-08-13,1.66,1.69,1.65,1.67,187090,HPG,1.614601184237355,1.641713302284713,0.027112118047357914,0.022918849339676074,0.00419326870768184,False,False,False,False,False,False,,
2013-08-14,1.66,1.68,1.66,1.68,192280,HPG,1.619445540960514,1.6476035634716804,0.028158022511166392,0.023966683973974136,0.004191338537192255,False,False,False,False,False,False,,
2013-08-15,1.68,1.72,1.68,1.71,704010,HPG,1.6261532786671427,1.6572030152452681,0.031049736578125486,0.025383294494804406,0.00566644208332108,False,False,False,False,False,False,,
2013-08-16,1.7,1.74,1.7,1.73,704760,HPG,1.6338456283955025,1.6684025513613807,0.0345569229658782,0.027218020189019167,0.007338902776859033,False,False,False,False,False,False,,
2013-08-19,1.73,1.76,1.73,1.73,725870,HPG,1.64096817444028,1.6778790819211684,0.03691090748088843,0.029156597647393024,0.007754309833495409,True,False,True,False,False,True,,2013-07-23
2013-08-20,1.73,1.75,1.72,1.73,617830,HPG,1.6475631244817408,1.685897684702527,0.038334560220786296,0.03099219016207168,0.007342370058714617,False,False,False,False,False,False,,
2013-08-21,1.73,1.75,1.72,1.75,554460,HPG,1.655151041186797,1.6957595793636768,0.04060853817687993,0.03291545976503333,0.0076930784118465975,False,False,True,False,False,True,,2013-07-23
2013-08-22,1.75,1.75,1.71,1.71,725230,HPG,1.659213927024812,1.6979504133077263,0.03873648628291426,0.034079665068609516,0.004656821214304746,False,False,False,False,False,False,,
2013-08-23,1.71,1.72,1.67,1.7,919390,HPG,1.6622351176155667,1.6982657343373069,0.03603061672174013,0.03446985539923564,0.0015607613225044892,False,False,False,False,False,False,,
2013-08-26,1.7,1.7,1.67,1.7,359940,HPG,1.66503251631071,1.6985325444392596,0.033500028128549575,0.03427588994509843,-0.0007758618165488521,False,False,False,False,False,False,,
2013-08-27,1.7,1.71,1.69,1.7,185840,HPG,1.6676227002876947,1.6987583068332197,0.031135606545525052,0.03364783326518375,-0.0025122267196587,False,False,False,False,False,False,,
2013-08-28,1.67,1.68,1.62,1.64,685950,HPG,1.665576574340458,1.6897185673204167,0.02414199297995867,0.031746665208138736,-0.007604672228180065,False,False,False,False,False,False,,
2013-08-29,1.63,1.64,1.61,1.62,626420,HPG,1.6622005317967203,1.6789926338865064,0.0167921020897861,0.028755752584468212,-0.011963650494682114,False,True,False,True,False,False,,
2013-08-30,1.62,1.66,1.61,1.66,258620,HPG,1.6620375294414078,1.676070690211659,0.014033160770251296,0.02581123422162483,-0.011778073451373532,False,False,False,False,False,False,,
2013-09-03,1.69,1.69,1.67,1.68,214970,HPG,1.6633680828161184,1.6766751994098654,0.01330711659374706,0.023310410696049277,-0.010003294102302218,False,False,False,False,False,False,,
2013-09-04,1.68,1.68,1.64,1.64,287430,HPG,1.661637113718628,1.671032861039117,0.009395747320488868,0.020527478020937198,-0.01113173070044833,False,False,False,True,False,False,,
2013-09-05,1.63,1.67,1.63,1.67,152280,HPG,1.6622565867765076,1.670873959340791,0.00861737256428352,0.018145456929606462,-0.009528084365322941,False,False,False,False,False,False,,
2013-09-06,1.66,1.73,1.65,1.73,361760,HPG,1.6672746173856552,1.6799702732883617,0.012695655902706493,0.017055496724226467,-0.004359840821519974,False,False,False,False,False,False,,
2013-09-09,1.73,1.73,1.68,1.7,323910,HPG,1.6696987198015327,1.6830517697055367,0.013353049904003989,0.016315007360181974,-0.0029619574561779854,False,False,False,False,False,False,,
2013-09-10,1.7,1.75,1.7,1.74,518840,HPG,1.674906222038456,1.6918130359046848,0.01690681386622872,0.016433368661391324,0.00047344520483739647,False,False,False,False,False,False,,
2013-09-11,1.76,1.8,1.75,1.8,622940,HPG,1.6841724278133852,1.7084571842270408,0.024284756413655684,0.018003646211844197,0.006281110201811487,False,False,False,False,False,False,,
2013-09-12,1.8,1.83,1.8,1.82,411160,HPG,1.694233729456838,1.7256176174228808,0.031383887966042856,0.02067969456268393,0.010704193403358927,False,False,False,False,False,False,,
2013-09-13,1.82,1.82,1.79,1.8,319140,HPG,1.7020682680155907,1.7370610608962838,0.03499279288069301,0.02354231422628575,0.011450478654407265,False,False,False,False,False,False,,
2013-09-16,1.81,1.81,1.78,1.81,314880,HPG,1.710063211125547,1.7482824361430094,0.038219225017462444,0.02647769638452109,0.011741528632941353,True,False,True,False,False,False,,
2013-09-17,1.81,1.82,1.8,1.81,350430,HPG,1.7174659362273583,1.7577774459671618,0.040311509739803464,0.029244459055577567,0.011067050684225897,False,False,False,False,False,False,,
2013-09-18,1.81,1.82,1.8,1.8,383920,HPG,1.7235795705808874,1.7642732235106755,0.040693652929788104,0.03153429783041967,0.009159355099368431,False,False,False,False,False,False,,
2013-09-19,1.8,1.81,1.8,1.8,213200,HPG,1.7292403431304513,1.7697696506628793,0.040529307532428005,0.03333329977082134,0.007196007761606664,False,False,False,False,False,False,,
2013-09-20,1.81,1.81,1.79,1.81,645510,HPG,1.735222539935603,1.7759589351762826,0.040736395240679624,0.034813918864793,0.005922476375886623,False,False,False,False,False,False,,
2013-09-23,1.81,1.92,1.8,1.92,914880,HPG,1.7489097591996323,1.798119098995316,0.04920933979568365,0.03769300305097113,0.011516336744712516,False,False,False,False,False,False,,
2013-09-24,1.92,1.93,1.9,1.9,414120,HPG,1.7601016288885485,1.8137930837652674,0.05369145487671889,0.04089269341612069,0.012798761460598204,True,False,True,False,False,False,,
2013-09-25,1.88,1.92,1.87,1.87,357800,HPG,1.7682422489708782,1.822440301647534,0.05419805267665567,0.043553765268227684,0.010644287408427988,False,False,False,False,False,False,,
2013-09-26,1.87,1.92,1.85,1.91,1133560,HPG,1.7787428231211837,1.8359110244709902,0.05716820134980649,0.04627665248454345,0.010891548865263043,False,False,True,False,False,False,,
2013-09-27,1.92,1.93,1.91,1.92,758940,HPG,1.7892063177047997,1.8488477899369917,0.05964147223219207,0.048949616434073175,0.010691855798118897,False,False,False,False,False,False,,
2013-09-30,1.92,1.95,1.92,1.93,390270,HPG,1.799635479356296,1.8613327453313007,0.06169726597500458,0.05149914634225946,0.010198119632745119,False,False,False,False,False,False,,
2013-10-01,1.92,1.94,1.9,1.9,1341200,HPG,1.8070698882928666,1.8672815537418699,0.06021166544900325,0.05324165016360822,0.00697001528539503,False,False,False,False,False,False,,
2013-10-02,1.9,1.92,1.9,1.91,395190,HPG,1.8146943410119136,1.8738536223969668,0.05915928138505322,0.05442517640789722,0.004734104977155998,False,False,False,False,False,False,,
2013-10-03,1.9,1.91,1.89,1.9,451290,HPG,1.8210132787147346,1.8778761420282029,0.05686286331346824,0.05491271378901143,0.0019501495244568096,False,False,False,False,False,False,,
2013-10-04,1.89,1.94,1.88,1.93,643070,HPG,1.8290863691803099,1.885895197100787,0.056808827920477034,0.05529193661530455,0.0015168913051724839,False,False,False,False,False,False,,
2013-10-07,1.93,2.01,1.92,1.99,912680,HPG,1.8410058973891759,1.9019113206237428,0.060905423234566936,0.05641463393915703,0.004490789295409907,False,False,False,False,False,False,,
2013-10-08,1.99,2.01,1.98,2.0,544720,HPG,1.852783238323311,1.9170018866816285,0.06421864835831759,0.05797543682298914,0.006243211535328447,False,False,True,False,False,True,,2013-09-16
2013-10-09,1.98,2.0,1.98,1.98,665010,HPG,1.8622067021512139,1.9266939041152242,0.06448720196401037,0.059277789851193384,0.0052094121128169815,False,False,False,False,False,False,,
2013-10-10,1.98,1.99,1.95,1.96,675400,HPG,1.8694506501400128,1.9318179188667282,0.062367268726715386,0.05989568562629778,0.002471583100417604,False,False,False,False,False,False,,
2013-10-11,1.97,1.98,1.96,1.97,655820,HPG,1.8768987501296412,1.9376920851949238,0.060793335065282506,0.060075215514094726,0.0007181195511877791,False,False,False,False,False,False,,
2013-10-14,1.97,1.98,1.97,1.98,232430,HPG,1.8845358797496679,1.9442009951649353,0.05966511541526742,0.05999319549432927,-0.00032808007906184877,False,False,False,False,False,False,,
2013-10-15,1.98,2.0,1.98,1.99,342480,HPG,1.892348036805248,1.9512469959087915,0.05889895910354337,0.05977434821617209,-0.000875389112628723,False,False,False,False,False,False,,
2013-10-16,1.99,1.99,1.98,1.98,436110,HPG,1.8988407748196743,1.9556705349997467,0.056829760180072464,0.05918543060895217,-0.0023556704288797067,False,False,False,False,False,False,,
2013-10-17,1.98,2.0,1.98,1.98,238390,HPG,1.9048525692774763,1.9594135296151705,0.0545609603376942,0.05826053655470058,-0.003699576217006381,False,False,False,False,False,False,,
2013-10-18,1.98,1.98,1.97,1.98,303480,HPG,1.910419045627293,1.962580678905144,0.05216163327785117,0.0570407558993307,-0.004879122621479527,False,False,False,False,False,False,,
2013-10-21,1.98,1.99,1.98,1.98,360960,HPG,1.9155731903956417,1.965260574458199,0.04968738406255735,0.05557008153197603,-0.005882697469418684,False,False,False,False,False,False,,
2013-10-22,1.98,2.0,1.98,1.98,504730,HPG,1.9203455466626311,1.967528178387707,0.04718263172507586,0.053892591570596005,-0.0067099598455201415,False,True,False,True,False,False,,
2013-10-23,2.0,2.02,1.99,2.02,706360,HPG,1.9277273580209546,1.9756007663280597,0.04787340830710507,0.052688754917897825,-0.004815346610792755,False,False,False,False,False,False,,
2013-10-24,2.03,2.04,2.02,2.02,689960,HPG,1.934562368537921,1.9824314176622044,0.04786904912428347,0.051724813759174953,-0.0038557646348914842,False,False,False,False,False,False,,
2013-10-25,2.03,2.03,2.01,2.02,271160,HPG,1.9408910819795564,1.9882111995603267,0.04732011758077026,0.050843874523494016,-0.003523756942723756,False,False,False,False,False,False,,
2013-10-28,2.02,2.02,2.01,2.01,393840,HPG,1.946010261092182,1.9915633227048917,0.04555306161270978,0.04978571194133717,-0.004232650328627394,False,False,False,False,False,False,,
2013-10-29,1.99,2.01,1.97,2.01,363990,HPG,1.9507502417520202,1.9943997345964468,0.04364949284442665,0.048558468121955065,-0.004908975277528413,False,False,False,False,False,False,,
2013-10-30,2.01,2.02,2.0,2.01,250100,HPG,1.955139112733352,1.9967997754277627,0.04166066269441071,0.0471789070364462,-0.005518244342035489,False,True,False,True,False,False,,
2013-10-31,2.0,2.06,2.0,2.04,565000,HPG,1.9614251043827333,2.0034459638234914,0.04202085944075806,0.046147297517308575,-0.004126438076550512,False,False,False,False,False,False,,
2013-11-01,2.06,2.06,2.04,2.04,216530,HPG,1.9672454670210495,2.0090696616968007,0.04182419467575116,0.0452826769489971,-0.0034584822732459386,False,False,False,False,False,False,,
2013-11-04,2.04,2.05,2.03,2.05,180930,HPG,1.9733754324268977,2.01536663682037,0.04199120439347226,0.04462438243789213,-0.0026331780444198705,False,False,False,False,False,False,,
2013-11-05,2.05,2.06,2.03,2.05,186110,HPG,1.9790513263212017,2.020694846540313,0.04164352021911144,0.044028209994135994,-0.002384689775024554,False,False,False,False,False,False,,
2013-11-06,2.05,2.08,2.05,2.08,302020,HPG,1.9865290058529645,2.0298187163033417,0.043289710450377106,0.04388051008538422,-0.0005907996350071124,False,False,False,False,False,False,,
2013-11-07,2.08,2.09,2.08,2.09,458540,HPG,1.99419352393793,2.039077375333597,0.04488385139566686,0.04408117834744075,0.0008026730482261143,False,False,False,False,False,False,,
2013-11-08,2.09,2.1,2.08,2.09,188140,HPG,2.0012902999425277,2.0469116252822745,0.04562132533974683,0.044389207745901965,0.001232117593844867,False,False,False,False,False,False,,
2013-11-11,2.1,2.12,2.09,2.12,142520,HPG,2.010083611057896,2.058155990623463,0.04807237956556687,0.045125842109834946,0.0029465374557319235,False,False,True,False,False,False,,
2013-11-12,2.11,2.12,2.09,2.1,529400,HPG,2.016744084312867,2.064593530527546,0.04784944621467879,0.04567056293080372,0.0021788832838750757,False,False,False,False,False,False,,
2013-11-13,2.09,2.09,2.07,2.08,353190,HPG,2.021429707697099,2.066963756600231,0.04553404890313173,0.04564326012526932,-0.00010921122213759099,False,False,False,True,False,False,,
2013-11-14,2.09,2.19,2.08,2.19,296420,HPG,2.0339163960158326,2.0858924094309645,0.051976013415131916,0.04690981078324184,0.005066202631890074,False,False,False,False,False,False,,
2013-11-15,2.19,2.19,2.14,2.17,324770,HPG,2.043996662977623,2.098832038749278,0.05483537577165487,0.048494923780924445,0.006340451990730425,False,False,False,False,False,False,,
2013-11-18,2.18,2.19,2.15,2.18,260890,HPG,2.05407098423854,2.111319417403235,0.05724843316469519,0.050245625657678594,0.007002807507016595,True,False,True,False,False,False,,
2013-11-19,2.18,2.19,2.16,2.16,252450,HPG,2.061917577998648,2.118808737802737,0.05689115980408932,0.05157473248696074,0.005316427317128579,False,False,False,False,False,False,,
2013-11-20,2.18,2.2,2.16,2.2,705190,HPG,2.0721459055543034,2.1312997012177006,0.05915379566339718,0.053090545122248034,0.0060632505411491455,False,False,True,False,False,False,,
2013-11-21,2.18,2.19,2.17,2.17,457140,HPG,2.0793943569947255,2.137253593338054,0.05785923634332857,0.05404428336646415,0.003814952976864419,False,False,False,False,False,False,,
2013-11-22,2.18,2.18,2.16,2.17,202890,HPG,2.0861058861062274,2.1422915020552766,0.05618561594904925,0.05447254988298117,0.0017130660660680808,False,False,False,False,False,False,,
2013-11-25,2.17,2.2,2.17,2.18,512110,HPG,2.0930610056539143,2.148092809431388,0.05503180377747352,0.05458440066187964,0.0004474031155938807,False,False,False,False,False,False,,
2013-11-26,2.18,2.22,2.18,2.22,541610,HPG,2.1024638941239946,2.1591554541342513,0.05669156001025666,0.05500583253155505,0.001685727478701611,False,False,True,False,False,False,,
2013-11-27,2.2,2.24,2.2,2.21,145420,HPG,2.1104295315962913,2.166977691959751,0.056548160363459665,0.05531429809793598,0.0012338622655236886,False,False,False,False,False,False,,
2013-11-28,2.21,2.21,2.17,2.21,106490,HPG,2.117805121848418,2.1735965085813276,0.0557913867329094,0.055409715824930664,0.0003816709079787345,False,False,False,False,False,False,,
2013-11-29,2.22,2.22,2.21,2.21,257760,HPG,2.124634372081869,2.179197045722662,0.05456267364079315,0.05524030738810316,-0.0006776337473100164,False,False,False,False,False,False,,
2013-12-02,2.22,2.23,2.21,2.21,80150,HPG,2.1309577519276566,2.183935961765329,0.05297820983767254,0.05478788787801704,-0.0018096780403445006,False,False,False,False,False,False,,
2013-12-03,2.2,2.22,2.2,2.22,157730,HPG,2.1375534740070896,2.189484275339894,0.05193080133280459,0.05421647056897455,-0.0022856692361699626,False,False,False,False,False,False,,
2013-12-04,2.21,2.22,2.21,2.21,215820,HPG,2.1429198833398977,2.192640540672218,0.04972065733232034,0.053317307921643714,-0.0035966505893233747,False,False,False,False,False,False,,
2013-12-05,2.2,2.21,2.18,2.19,251970,HPG,2.146407299388794,2.192234303645723,0.04582700425692865,0.05181924718870071,-0.005992242931772057,False,False,False,False,False,False,,
2013-12-06,2.19,2.2,2.18,2.19,186550,HPG,2.1496363883229574,2.191890564623304,0.04225417630034656,0.04990623301102988,-0.007652056710683322,False,False,False,False,False,False,,
2013-12-09,2.17,2.18,2.14,2.15,515150,HPG,2.149663322521257,2.185445862373565,0.03578253985230795,0.0470814943792855,-0.011298954526977552,False,False,False,False,False,False,,
2013-12-10,2.16,2.16,2.14,2.15,374740,HPG,2.1496882615937567,2.179992652777632,0.03030439118387518,0.04372607374020344,-0.013421682556328259,False,False,False,False,False,False,,
2013-12-11,2.14,2.16,2.13,2.14,225190,HPG,2.1489706125868118,2.1738399369656887,0.0248693243788769,0.039954723867938136,-0.015085399489061235,False,False,False,False,False,False,,
2013-12-12,2.12,2.15,2.12,2.13,219390,HPG,2.1475653820248257,2.1670953312786594,0.019529949253833667,0.035869768945117245,-0.016339819691283577,False,False,False,False,False,False,,
2013-12-13,2.13,2.13,2.09,2.09,404220,HPG,2.1433012796526163,2.1552345110819426,0.01193323142932634,0.031082461441959065,-0.019149230012632724,False,False,False,False,False,False,,
2013-12-16,2.09,2.2,2.09,2.1,566450,HPG,2.1400937774561264,2.146736893992413,0.006643116536286797,0.026194592460824614,-0.019551475924537817,False,True,False,True,False,False,,
2013-12-17,2.1,2.15,2.1,2.14,50370,HPG,2.140086830977895,2.145700448762811,0.005613617784915981,0.022078397525642886,-0.016464779740726906,False,False,False,False,False,False,,
2013-12-18,2.13,2.15,2.13,2.14,196470,HPG,2.140080399053607,2.144823456645456,0.004743057591849009,0.01861132953888411,-0.013868271947035101,False,False,False,False,False,False,,
2013-12-19,2.16,2.17,2.14,2.16,212920,HPG,2.141555925049636,2.1471583094692317,0.005602384419595818,0.01600954051502645,-0.010407156095430633,False,False,False,False,False,False,,
2013-12-20,2.17,2.17,2.13,2.14,2182440,HPG,2.1414406713422554,2.14605703108935,0.004616359747094734,0.013730904361440107,-0.009114544614345374,False,False,False,False,False,False,,
2013-12-23,2.14,2.19,2.14,2.19,305860,HPG,2.1450376586502364,2.152817487844835,0.00777982919459852,0.012540689328071791,-0.004760860133473271,False,False,False,False,False,False,,
2013-12-24,2.2,2.2,2.17,2.19,137460,HPG,2.1483682024539226,2.158537874330245,0.01016967187632245,0.012066485837721925,-0.0018968139613994746,False,False,False,False,False,False,,
2013-12-25,2.19,2.19,2.18,2.19,307630,HPG,2.1514520393091874,2.163378201356361,0.011926162047173783,0.012038421079612296,-0.00011225903243851365,False,False,False,False,False,False,,
2013-12-26,2.19,2.24,2.19,2.22,1290990,HPG,2.1565296660270254,2.1720892473015363,0.015559581274510847,0.012742653118592007,0.00281692815591884,False,False,False,False,False,False,,
2013-12-27,2.22,2.27,2.22,2.25,894520,HPG,2.163453394469468,2.1840755169474537,0.020622122477985894,0.014318546990470787,0.006303575487515107,False,False,False,False,False,False,,
2013-12-30,2.25,2.29,2.25,2.25,436570,HPG,2.169864254138396,2.194217745109384,0.024353490970987934,0.016325535786574218,0.008027955184413717,False,False,False,False,False,False,,
2013-12-31,2.25,2.29,2.25,2.26,425630,HPG,2.17654097605407,2.204338092015633,0.027797115961562646,0.018619851821571904,0.009177264139990742,False,False,False,False,False,False,,
2014-01-02,2.28,2.28,2.25,2.26,276250,HPG,2.1827231259759907,2.212901462474766,0.030178336498775327,0.02093154875701259,0.009246787741762737,False,False,False,False,False,False,,
2014-01-03,2.26,2.29,2.25,2.29,476880,HPG,2.1906695610888804,2.2247627759401865,0.03409321485130601,0.023563881975871274,0.010529332875434734,False,False,False,False,False,False,,
2014-01-06,2.31,2.33,2.28,2.32,452830,HPG,2.2002495936008155,2.2394146565647732,0.03916506296395772,0.026684118173488564,0.012480944790469156,False,False,False,False,False,False,,
2014-01-07,2.33,2.35,2.32,2.32,282230,HPG,2.2091199940748294,2.251812401708654,0.04269240763382465,0.02988577606555578,0.012806631568268868,False,False,True,False,False,False,,
2014-01-08,2.31,2.34,2.31,2.33,357660,HPG,2.218074068587805,2.2638412629842457,0.045767194396440836,0.03306205973173279,0.012705134664708045,False,False,False,False,False,False,,
2014-01-09,2.33,2.37,2.33,2.37,600950,HPG,2.2293278412850044,2.280173376371285,0.050845535086280425,0.03661875480264232,0.014226780283638107,False,False,True,False,False,False,,
2014-01-10,2.37,2.42,2.37,2.37,296570,HPG,2.239748001189819,2.293992856929549,0.054244855739729925,0.04014397499005984,0.014100880749670086,False,False,False,False,False,False,,
2014-01-13,2.38,2.39,2.37,2.38,161650,HPG,2.250137038138721,2.3072247250942337,0.057087686955512584,0.04353271738315039,0.013554969572362192,False,False,False,False,False,False,,
2014-01-14,2.38,2.48,2.37,2.47,851610,HPG,2.2664231834617787,2.332267075079736,0.06584389161795734,0.047994952230111784,0.017848939387845555,False,False,False,False,False,False,,
2014-01-15,2.47,2.54,2.47,2.53,510520,HPG,2.2859473920942395,2.362687525067469,0.07674013297322935,0.0537439883787353,0.022996144594494047,False,False,False,False,False,False,,
2014-01-16,2.55,2.61,2.54,2.61,640840,HPG,2.3099512889761478,2.400735598134012,0.0907843091578644,0.061152052534561116,0.02963225662330328,False,False,False,False,False,False,,
2014-01-17,2.64,2.77,2.63,2.77,1331750,HPG,2.344028971274211,2.457545506113395,0.11351653483918378,0.07162494899548566,0.04189158584369812,False,False,False,False,False,False,,
2014-01-20,2.83,2.97,2.8,2.86,1169800,HPG,2.3822490474761215,2.5194615820959494,0.13721253461982785,0.0847424661203541,0.05247006849947375,False,False,False,False,False,False,,
2014-01-21,2.88,2.97,2.74,2.97,703410,HPG,2.425786155070483,2.5887751848504186,0.16298902977993546,0.10039177885227038,0.06259725092766508,True,False,True,False,False,False,,
2014-01-22,2.91,2.91,2.77,2.77,790880,HPG,2.451283476917114,2.616655925642662,0.1653724487255479,0.1133879128269259,0.05198453589862201,False,False,False,False,False,False,,
2014-01-23,2.64,2.69,2.59,2.59,829490,HPG,2.4615587749232537,2.6125550140053293,0.1509962390820756,0.12090957807795585,0.030086661004119747,False,False,False,False,False,False,,
2014-01-24,2.59,2.59,2.53,2.55,979630,HPG,2.46810997678079,2.602931165696817,0.1348211889160269,0.12369190024557007,0.01112928867045683,False,False,False,False,False,False,,
2014-01-27,2.53,2.55,2.48,2.51,694630,HPG,2.4712129414636945,2.5886340632819222,0.11742112181822772,0.1224377445601016,-0.00501662274187388,False,False,False,False,False,False,,
2014-02-06,2.48,2.68,2.48,2.66,641460,HPG,2.4851971680219394,2.5996134381616267,0.11441627013968736,0.12083344967601876,-0.006417179536331405,False,False,False,False,False,False,,
2014-02-07,2.69,2.69,2.6,2.62,780700,HPG,2.495182562983277,2.6027498322906073,0.10756726930733018,0.11818021360228105,-0.010612944294950868,False,False,False,False,False,False,,
2014-02-10,2.63,2.65,2.6,2.63,405900,HPG,2.5051690397993305,2.60694216578436,0.10177312598502963,0.11489879607883077,-0.01312567009380114,False,False,False,False,False,False,,
2014-02-11,2.64,2.74,2.62,2.62,811110,HPG,2.513675036851232,2.608951063355997,0.09527602650476519,0.11097424216401766,-0.015698215659252474,False,True,False,True,False,False,,
2014-02-12,2.63,2.7,2.62,2.69,559150,HPG,2.526736145232622,2.6214201305319977,0.09468398529937572,0.10771619079108927,-0.01303220549171355,False,False,False,False,False,False,,
2014-02-13,2.69,2.71,2.68,2.7,395480,HPG,2.539570504845021,2.6335093412193826,0.09393883637436184,0.10496071990774379,-0.011021883533381946,False,False,False,False,False,False,,
2014-02-14,2.7,2.71,2.65,2.67,290910,HPG,2.549231948930575,2.639123288724093,0.08989133979351838,0.10194684388489872,-0.012055504091380342,False,False,False,False,False,False,,
2014-02-17,2.66,2.66,2.63,2.64,464120,HPG,2.555955508269051,2.639258167381925,0.08330265911287427,0.09821800693049385,-0.014915347817619579,False,False,False,False,False,False,,
2014-02-18,2.64,2.68,2.63,2.66,366290,HPG,2.5636625076565283,2.6424492185539368,0.07878671089740852,0.09433174772387679,-0.015545036826468267,False,False,False,False,False,False,,
2014-02-19,2.68,2.69,2.65,2.65,293100,HPG,2.5700578774597482,2.6436108772379465,0.07355299977819829,0.09017599813474109,-0.016622998356542795,False,False,False,False,False,False,,
2014-02-20,2.65,2.65,2.55,2.58,580100,HPG,2.5707943309812484,2.6338245884321085,0.0630302574508601,0.08474684999796489,-0.021716592547104785,False,False,False,False,False,False,,
2014-02-21,2.6,2.64,2.53,2.61,317840,HPG,2.573698454612267,2.6301592671348613,0.05646081252259405,0.07908964250289073,-0.02262882998029668,False,True,False,True,False,False,,
2014-02-24,2.61,2.68,2.61,2.67,450940,HPG,2.580831902418766,2.636288610652575,0.055456708233809326,0.07436305564907446,-0.018906347415265132,False,False,False,False,False,False,,
2014-02-25,2.68,2.86,2.67,2.86,1308480,HPG,2.6015110207581165,2.670705747475256,0.06919472671713933,0.07332938986268744,-0.004134663145548112,False,False,False,False,False,False,,
2014-02-26,2.86,2.86,2.77,2.8,444670,HPG,2.616213908109367,2.6905971709406007,0.07438326283123375,0.0735401644563967,0.0008430983748370507,True,False,True,False,False,False,,
2014-02-27,2.77,2.83,2.69,2.72,439900,HPG,2.6239017667679323,2.6951206831035854,0.07121891633565314,0.073075914832248,-0.001856998496594861,False,False,False,False,False,False,,
2014-02-28,2.72,2.72,2.66,2.66,1159820,HPG,2.6265757099703078,2.689717501087649,0.0631417911173413,0.07108909008926666,-0.007947298971925351,False,False,False,False,False,False,,
2014-03-03,2.66,2.7,2.66,2.66,430330,HPG,2.6290515833058405,2.6851455778433952,0.0560939945375547,0.06809007097892426,-0.01199607644136956,False,False,False,False,False,False,,
2014-03-04,2.61,2.66,2.61,2.63,475820,HPG,2.629121836394297,2.676661642790565,0.04753980639626798,0.06398001806239301,-0.016440211666125026,False,False,False,False,False,False,,
2014-03-05,2.69,2.69,2.66,2.66,380290,HPG,2.6314091077724973,2.674098313130478,0.0426892053579806,0.05972185552151053,-0.017032650163529936,False,True,False,True,False,False,,
2014-03-06,2.67,2.7,2.66,2.69,429330,HPG,2.6357491738634238,2.67654472649502,0.04079555263159618,0.055936594943527665,-0.015141042311931488,False,False,False,False,False,False,,
2014-03-07,2.71,2.71,2.67,2.67,200000,HPG,2.6382862720957627,2.6755378454957857,0.03725157340002294,0.05219959063482672,-0.014948017234803782,False,False,False,False,False,False,,
2014-03-10,2.68,2.69,2.66,2.68,247070,HPG,2.6413761778664466,2.6762243308041263,0.03484815293767962,0.04872930309539731,-0.013881150157717688,False,False,False,False,False,False,,
2014-03-11,2.69,2.75,2.68,2.74,579600,HPG,2.6486816461726357,2.686035972218876,0.03735432604624034,0.046454307685565924,-0.009099981639325586,False,False,False,False,False,False,,
2014-03-12,2.75,2.91,2.75,2.83,1049760,HPG,2.662112635345033,2.7081842841852026,0.046071648840169566,0.046377775916486653,-0.00030612707631708785,False,False,False,False,False,False,,
2014-03-13,2.83,2.86,2.77,2.8,318840,HPG,2.672326514208364,2.7223097789259407,0.04998326471757686,0.0470988736767047,0.00288439104087216,False,False,True,False,False,False,,
2014-03-14,2.8,2.8,2.75,2.75,528450,HPG,2.678080105748485,2.726569812937335,0.04848970718884971,0.0473770403791337,0.0011126668097160078,False,False,False,False,False,False,,
2014-03-17,2.65,2.7,2.65,2.69,754600,HPG,2.6789630608782273,2.7209436878700526,0.041980626991825254,0.046297757701672014,-0.00431713070984676,False,False,False,False,False,False,,
2014-03-18,2.72,2.75,2.69,2.74,997020,HPG,2.683484315627988,2.723875428197737,0.0403911125697487,0.045116428675287354,-0.0047253161055386544,False,False,False,True,False,False,,
2014-03-19,2.73,2.88,2.73,2.88,1845240,HPG,2.698041032988878,2.7478945930903924,0.049853560101514205,0.046063854960532724,0.003789705140981481,False,False,False,False,False,False,,
2014-03-20,2.88,2.88,2.83,2.86,1087390,HPG,2.710037993508221,2.7651415787687936,0.055103585260572796,0.04787180102054074,0.007231784240032055,False,False,False,False,False,False,,
2014-03-21,2.83,2.91,2.83,2.86,4092890,HPG,2.7211462902853896,2.779735182035133,0.058588891749743244,0.05001521916638125,0.008573672583361995,False,False,False,False,False,False,,
2014-03-24,2.91,2.94,2.88,2.91,1574040,HPG,2.735135453967953,2.799775923260497,0.06464046929254375,0.05294026919161375,0.011700200100929994,True,False,True,False,False,False,,
2014-03-25,2.91,2.91,2.8,2.83,1402690,HPG,2.7421624573777343,2.80442578122042,0.062263323842685736,0.05480488012182815,0.007458443720857584,False,False,False,False,False,False,,
2014-03-26,2.83,2.88,2.77,2.83,1372940,HPG,2.7486689420164208,2.8083602764172784,0.05969133440085761,0.05578217097763405,0.003909163423223561,False,False,False,False,False,False,,
2014-03-27,2.8,2.88,2.77,2.88,849750,HPG,2.758397168533723,2.8193817723530814,0.06098460381935844,0.05682265754597893,0.004161946273379513,False,False,False,False,False,False,,
2014-03-28,2.86,2.99,2.86,2.91,1812210,HPG,2.769627007901595,2.833323038144915,0.0636960302433196,0.05819733208544707,0.005498698157872531,False,False,False,False,False,False,,
2014-03-31,2.94,2.94,2.86,2.91,935960,HPG,2.7800250073162918,2.845119493814928,0.06509448649863625,0.05957676296808491,0.005517723530551341,False,False,True,False,False,False,,
2014-04-01,2.91,2.91,2.83,2.86,551680,HPG,2.7859490808484186,2.8474088024587854,0.061459721610366724,0.059953354696541276,0.001506366913825448,False,False,False,False,False,False,,
2014-04-02,2.86,2.88,2.8,2.86,962490,HPG,2.791434334118906,2.8493459097728184,0.05791157565391236,0.059544998888015496,-0.0016334232341031346,False,False,False,False,False,False,,
2014-04-03,2.88,2.91,2.83,2.88,280760,HPG,2.797994753813802,2.8540619236539233,0.05606716984012117,0.05884943307843663,-0.0027822632383154647,False,True,False,True,False,False,,
2014-04-04,2.91,3.05,2.88,3.05,2110670,HPG,2.816661809086854,2.884206243091781,0.06754443400492738,0.06058843326373479,0.00695600074119259,False,False,False,False,False,False,,
2014-04-07,3.02,3.13,2.99,3.13,1562970,HPG,2.839872045450791,2.922020667231507,0.08214862178071636,0.0649004709671311,0.01724815081358526,False,False,False,False,False,False,,
2014-04-08,3.08,3.13,3.08,3.1,437330,HPG,2.8591407828248068,2.9494021030420448,0.09026132021723798,0.06997264081715249,0.020288679400085496,False,False,False,False,False,False,,
2014-04-10,3.1,3.13,3.08,3.13,572920,HPG,2.8792044285414877,2.97718639488173,0.09798196634024237,0.07557450592177047,0.0224074604184719,True,False,True,False,False,False,,
2014-04-11,3.1,3.13,3.08,3.08,554560,HPG,2.8940781745754514,2.9930038725922334,0.09892569801678208,0.08024474434077279,0.01868095367600929,False,False,False,False,False,False,,
2014-04-14,3.13,3.16,3.08,3.13,717290,HPG,2.9115538653476403,3.0140801998857363,0.10252633453809601,0.08470106238023745,0.017825272157858563,False,False,False,False,False,False,,
2014-04-15,3.1,3.13,2.94,2.99,1157870,HPG,2.9173646901367043,3.010375553749469,0.0930108636127649,0.08636302262674293,0.006647840986021961,False,False,False,False,False,False,,
2014-04-16,2.94,2.99,2.83,2.97,1123200,HPG,2.92126360197843,3.0041639300957046,0.08290032811727466,0.08567048372484928,-0.002770155607574626,False,False,False,False,False,False,,
2014-04-17,2.99,3.02,2.94,2.97,436260,HPG,2.9248737055355836,2.9989079408502115,0.07403423531462794,0.08334323404280503,-0.009308998728177087,False,False,False,False,False,False,,
2014-04-18,2.97,2.99,2.83,2.86,785140,HPG,2.920068245866281,2.977537488411717,0.05746924254543595,0.07816843574333121,-0.02069919319789526,False,False,False,False,False,False,,
2014-04-21,2.86,2.91,2.8,2.86,314180,HPG,2.9156187461724827,2.9594547978868375,0.043836051714354785,0.07130195893753592,-0.027465907223181138,False,True,False,True,False,False,,
2014-04-22,2.88,3.05,2.88,3.05,766020,HPG,2.9255729131226693,2.97338482898117,0.047811915858500864,0.06660395032172892,-0.018792034463228052,False,False,False,False,False,False,,
2014-04-23,3.05,3.08,2.99,3.05,592480,HPG,2.934789734372842,2.9851717783686826,0.050382043995840675,0.06335956905655127,-0.012977525060710593,False,False,False,False,False,False,,
2014-04-24,3.12,3.12,3.08,3.08,356790,HPG,2.9455460503452238,2.999760735542732,0.05421468519750805,0.06153059228474263,-0.007315907087234577,False,False,False,False,False,False,,
2014-04-25,3.09,3.22,3.08,3.22,737120,HPG,2.9658759725418737,3.0336436993053884,0.06776772676351461,0.06277801918049702,0.0049897075830175885,False,False,False,False,False,False,,
2014-04-28,3.22,3.23,3.18,3.2,355500,HPG,2.9832184930943275,3.0592369763353284,0.07601848324100091,0.0654261119925978,0.010592371248403107,False,False,False,False,False,False,,
2014-04-29,3.18,3.23,3.16,3.23,245180,HPG,3.0014986047169696,3.085508210745278,0.08400960602830843,0.06914281079973994,0.014866795228568486,True,False,True,False,False,False,,
2014-05-05,3.21,3.23,3.1,3.14,441510,HPG,3.0117579673305275,3.093891562938312,0.08213359560778466,0.07174096776134889,0.01039262784643577,False,False,False,False,False,False,,
2014-05-06,3.13,3.13,2.95,3.11,486060,HPG,3.0190351549356738,3.0963697840247253,0.07733462908905153,0.07285970002688942,0.004474929062162111,False,False,False,False,False,False,,
2014-05-07,3.09,3.12,3.03,3.07,309820,HPG,3.0228103286441423,3.0923128941747677,0.0695025655306254,0.07218827312763662,-0.0026857075970112276,False,False,False,False,False,False,,
2014-05-08,2.99,2.99,2.86,2.86,2286010,HPG,3.010750304300132,3.056572448917111,0.04582214461697909,0.06691504742550512,-0.021092902808526034,False,False,False,False,False,False,,
2014-05-09,2.86,3.03,2.8,3.0,1666890,HPG,3.0099539854630852,3.0478689952375557,0.03791500977447049,0.0611150398952982,-0.023200030120827712,False,False,False,False,False,False,,
2014-05-12,2.95,2.95,2.83,2.86,618170,HPG,2.9988462828361904,3.018966072893316,0.02011979005712572,0.052915989927663706,-0.03279619987053799,False,False,False,False,False,False,,
2014-05-13,2.86,2.91,2.82,2.88,383770,HPG,2.990042854477954,2.997586677063575,0.0075438225856210295,0.04384155645925517,-0.03629773387363414,False,True,False,True,False,False,,
2014-05-14,2.88,3.08,2.88,3.05,895160,HPG,2.994484124516624,3.0056502652076404,0.011166140691016402,0.03730647330560742,-0.02614033261459102,False,False,False,False,False,False,,
2014-05-15,3.05,3.1,2.89,3.04,842280,HPG,2.997855670848726,3.0109348397910805,0.013079168942354613,0.03246101243295686,-0.01938184349060225,False,False,False,False,False,False,,
2014-05-16,3.05,3.06,2.97,3.06,274940,HPG,3.002458954489561,3.0184833259770683,0.01602437148750724,0.02917368424386694,-0.0131493127563597,False,False,False,False,False,False,,
2014-05-19,3.06,3.19,3.05,3.19,661770,HPG,3.0163508837866306,3.0448705065959807,0.028519622809350054,0.029042871956963565,-0.0005232491476135116,False,False,False,False,False,False,,
2014-05-20,3.18,3.19,3.15,3.16,377140,HPG,3.026991559061695,3.0625827363504454,0.0355911772887505,0.030352533023320954,0.0052386442654295436,False,False,False,False,False,False,,
2014-05-21,3.16,3.18,3.12,3.15,597610,HPG,3.0361032954274956,3.076031546142685,0.03992825071518924,0.03226767656169461,0.00766057415349463,False,False,False,False,False,False,,
2014-05-22,3.15,3.21,3.12,3.18,814870,HPG,3.0467623105810144,3.0920266928899642,0.0452643823089498,0.03486701771114565,0.010397364597804153,False,False,False,False,False,False,,
2014-05-23,3.25,3.34,3.23,3.31,656450,HPG,3.0662613986861245,3.12556104782997,0.059299649143845556,0.03975354399768563,0.019546105146159926,False,False,False,False,False,False,,
2014-05-26,3.28,3.34,3.25,3.31,292950,HPG,3.0843161098945595,3.153936271240744,0.06962016134618443,0.04572686746738539,0.023893293878799036,False,False,False,False,False,False,,
2014-05-27,3.31,3.34,3.21,3.31,501200,HPG,3.101033435087555,3.177946075665245,0.0769126405776901,0.05196402208944634,0.024948618488243757,False,False,False,False,False,False,,
2014-05-28,3.31,3.41,3.31,3.38,798780,HPG,3.1216976250810697,3.209031294793669,0.08733366971259926,0.059037951614076926,0.028295718098522334,True,False,True,False,False,False,,
2014-05-29,3.34,3.34,3.23,3.31,542370,HPG,3.1356459491491386,3.2245649417484894,0.08891899259935077,0.06501415981113169,0.023904832788219074,False,False,False,False,False,False,,
2014-05-30,3.28,3.38,3.28,3.31,592110,HPG,3.14856106402698,3.2377087968641067,0.08914773283712663,0.06984087441633069,0.019306858420795936,False,False,False,False,False,False,,
2014-06-02,3.28,3.34,3.28,3.31,272060,HPG,3.1605195037286853,3.248830520423475,0.08831101669478958,0.07353490287202247,0.014776113822767112,False,False,False,False,False,False,,
2014-06-03,3.31,3.34,3.25,3.31,139470,HPG,3.171592133082116,3.258241209589094,0.08664907650697806,0.07615773759901359,0.01049133890796447,False,False,False,False,False,False,,
2014-06-04,3.31,3.31,3.18,3.18,221680,HPG,3.172214938038996,3.2462041004215414,0.07398916238254527,0.07572402255571993,-0.00173486017317466,False,False,False,False,False,False,,
2014-06-05,3.18,3.24,3.16,3.16,124100,HPG,3.1713101278138853,3.2329419311259198,0.06163180331203444,0.07290557870698283,-0.011273775394948393,False,False,False,False,False,False,,
2014-06-06,3.16,3.25,3.16,3.25,89070,HPG,3.177139007235079,3.23556624941424,0.05842724217916073,0.07000991140141842,-0.011582669222257688,False,False,False,True,False,False,,
2014-06-09,3.25,3.31,3.24,3.31,241090,HPG,3.186980562254703,3.2470175956582032,0.060037033403500306,0.0680153358018348,-0.007978302398334497,False,False,False,False,False,False,,
2014-06-10,3.31,3.31,3.25,3.25,174660,HPG,3.191648668754355,3.247476427095403,0.05582775834104803,0.06557782030967745,-0.009750061968629417,False,False,False,False,False,False,,
2014-06-11,3.19,3.28,3.19,3.25,272760,HPG,3.195970989587366,3.2478646690807254,0.051893679493359546,0.06284099214641387,-0.01094731265305432,False,False,False,False,False,False,,
2014-06-12,3.25,3.25,3.21,3.24,338460,HPG,3.199232397766079,3.2466547199913833,0.04742232222530429,0.059757258162191955,-0.012334935936887663,False,True,False,True,False,False,,
2014-06-13,3.22,3.44,3.22,3.38,1721510,HPG,3.2126225905241474,3.2671693784542475,0.05454678793010004,0.05871516411577357,-0.0041683761856735335,False,False,False,False,False,False,,
2014-06-16,3.38,3.38,3.34,3.34,405150,HPG,3.2220579541890255,3.2783740894612867,0.0563161352722612,0.0582353583470711,-0.001919223074809899,False,False,False,False,False,False,,
2014-06-17,3.31,3.44,3.31,3.41,790000,HPG,3.2359795872120607,3.2986242295441657,0.06264464233210498,0.059117215144077875,0.0035274271880271074,False,False,False,False,False,False,,
2014-06-18,3.38,3.41,3.38,3.41,342110,HPG,3.2488699881593157,3.315758963460448,0.06688897530113236,0.06067156717548878,0.0062174081256435795,False,False,False,False,False,False,,
2014-06-19,3.38,3.41,3.31,3.41,409260,HPG,3.260805544591959,3.330257584466533,0.06945203987457393,0.06242766171530582,0.007024378159268117,False,False,True,False,False,False,,
2014-06-20,3.47,3.6,3.34,3.34,2649320,HPG,3.26667180054811,3.3317564176255274,0.0650846170774173,0.06295905278772812,0.0021255642896891858,False,False,False,False,False,False,,
2014-06-23,3.44,3.47,3.41,3.47,455000,HPG,3.2817331486556576,3.353024661067754,0.0712915124120963,0.06462554471260176,0.0066659676994945405,False,False,False,False,False,False,,
2014-06-24,3.47,3.51,3.38,3.47,399170,HPG,3.295678841347831,3.3710208670573305,0.07534202570949944,0.06676884091198129,0.008573184797518146,False,False,False,False,False,False,,
2014-06-25,3.44,3.51,3.44,3.47,563530,HPG,3.30859151976651,3.386248425971587,0.07765690620507693,0.06894645397060042,0.008710452234476501,True,False,True,False,False,False,,
2014-06-26,3.47,3.54,3.44,3.47,717080,HPG,3.3205477034875095,3.39913328351442,0.0785855800269104,0.07087427918186243,0.00771130084504798,False,False,False,False,False,False,,
2014-06-27,3.47,3.51,3.44,3.47,358260,HPG,3.331618243969916,3.410035855281432,0.07841761131151603,0.07238294560779315,0.00603466570372288,False,False,False,False,False,False,,
2014-06-30,3.44,3.51,3.44,3.51,658700,HPG,3.3448317073795515,3.425414954468904,0.08058324708935238,0.074023005904105,0.006560241185247381,False,False,True,False,False,False,,
2014-07-01,3.51,3.54,3.47,3.51,662690,HPG,3.3570663957218065,3.438428038396765,0.08136164267495838,0.07549073325827568,0.005870909416682696,False,False,False,False,False,False,,
2014-07-02,3.47,3.51,3.44,3.47,380940,HPG,3.3654318478905614,3.443285263258801,0.07785341536823953,0.07596326968026845,0.0018901456879710787,False,False,False,False,False,False,,
2014-07-03,3.51,3.57,3.47,3.57,2431870,HPG,3.3805850443431122,3.462779838142062,0.08219479379894956,0.07720957450400467,0.004985219294944887,False,False,False,False,False,False,,
2014-07-04,3.57,3.64,3.54,3.6,1912660,HPG,3.3968380040214003,3.4838906322740524,0.08705262825265203,0.07917818525373414,0.007874442998917888,True,False,True,False,False,False,,
2014-07-07,3.57,3.6,3.54,3.57,918740,HPG,3.409664818538334,3.497138227308813,0.08747340877047938,0.0808372299570832,0.006636178813396176,False,False,False,False,False,False,,
2014-07-08,3.54,3.57,3.51,3.57,675470,HPG,3.4215414986466053,3.5083477307997653,0.08680623215315997,0.08203103039629857,0.0047752017568614,False,False,False,False,False,False,,
2014-07-09,3.57,3.64,3.54,3.6,993560,HPG,3.434760646895005,3.5224480799074938,0.08768743301248882,0.08316231091953662,0.004525122092952208,False,False,False,False,False,False,,
2014-07-10,3.57,3.6,3.51,3.57,820540,HPG,3.444778376754634,3.5297637599217255,0.08498538316709148,0.0835269253690476,0.0014584577980438773,False,False,False,False,False,False,,
2014-07-11,3.51,3.57,3.51,3.57,757710,HPG,3.454054052550587,3.5359539507029982,0.08189989815241105,0.0832015199257203,-0.001301621773309239,False,True,False,True,False,False,,
2014-07-14,3.57,3.67,3.57,3.64,1460240,HPG,3.4678278264357285,3.5519610352102293,0.08413320877450081,0.0833878576954764,0.0007453510790244172,False,False,False,False,False,False,,
2014-07-15,3.64,3.7,3.64,3.7,724190,HPG,3.4850257652182672,3.574736260562502,0.0897104953442347,0.08465238522522807,0.0050581101190066285,False,False,False,False,False,False,,
2014-07-16,3.77,3.8,3.67,3.73,2845830,HPG,3.503172004831729,3.5986229897067323,0.09545098487500336,0.08681210515518314,0.00863887971982022,False,False,False,False,False,False,,
2014-07-17,3.7,3.77,3.7,3.77,725780,HPG,3.52293704151086,3.6249886835980045,0.10205164208714468,0.08986001254157547,0.01219162954556921,False,False,False,False,False,False,,
2014-07-18,3.73,3.77,3.7,3.77,955820,HPG,3.541238001398944,3.647298116890619,0.10606011549167516,0.09310003313159541,0.012960082360079742,True,False,True,False,False,False,,
2014-07-21,3.73,3.8,3.73,3.73,1102450,HPG,3.5552203716656887,3.660021483522832,0.10480111185714325,0.09544024887670499,0.009360862980438256,False,False,False,False,False,False,,
2014-07-22,3.7,3.77,3.67,3.7,616180,HPG,3.5659447885793414,3.6661720245193195,0.10022723593997807,0.09639764628935961,0.0038295896506184562,False,False,False,False,False,False,,
2014-07-23,3.7,3.7,3.64,3.67,814880,HPG,3.573652582017909,3.66676094382404,0.0931083618061308,0.09573978939271385,-0.0026314275865830516,False,False,False,False,False,False,,
2014-07-24,3.64,3.73,3.64,3.73,571810,HPG,3.585233872238805,3.676490029389572,0.09125615715076707,0.09484306294432451,-0.0035869057935574433,False,False,False,False,False,False,,
2014-07-25,3.73,3.73,3.64,3.67,709010,HPG,3.5915128446655604,3.6754915633296377,0.08397871866407725,0.09267019408827507,-0.00869147542419782,False,False,False,False,False,False,,
2014-07-28,3.64,3.67,3.57,3.57,1013310,HPG,3.5899193006162595,3.659262092048155,0.06934279143189537,0.08800471355699913,-0.018661922125103758,False,False,False,False,False,False,,
2014-07-29,3.57,3.6,3.54,3.57,469280,HPG,3.588443796866907,3.645529462502285,0.0570856656353782,0.08182090397267494,-0.02473523833729674,False,False,False,False,False,False,,
2014-07-30,3.6,3.6,3.57,3.57,386880,HPG,3.5870775896915807,3.633909545194241,0.04683195550266017,0.07482311427867198,-0.027991158776011812,False,True,False,True,False,False,,
2014-07-31,3.6,3.73,3.6,3.73,1168010,HPG,3.597664434899612,3.648692692087435,0.05102825718782311,0.07006414286050221,-0.019035885672679095,False,False,False,False,False,False,,
2014-08-01,3.7,3.73,3.64,3.67,317120,HPG,3.603022624907048,3.6519707394585987,0.04894811455155068,0.0658409371987119,-0.016892822647161215,False,False,False,False,False,False,,
2014-08-04,3.64,3.67,3.6,3.64,485240,HPG,3.605761689728748,3.650129087234199,0.044367397505451045,0.061546229260059725,-0.01717883175460868,False,False,False,True,False,False,,
2014-08-05,3.64,3.73,3.64,3.7,1542240,HPG,3.6127423053043963,3.657801535352015,0.04505923004761847,0.05824882941757148,-0.013189599369953009,False,False,False,False,False,False,,
2014-08-06,3.7,3.73,3.67,3.7,220780,HPG,3.6192058382448113,3.6642936068363205,0.0450877685915092,0.05561661725235902,-0.01052884866084982,False,False,False,False,False,False,,
2014-08-07,3.67,3.7,3.64,3.67,627150,HPG,3.622968368745196,3.6651715134768867,0.042203144731690845,0.05293392274822539,-0.010730778016534548,False,False,False,False,False,False,,
2014-08-08,3.67,3.67,3.6,3.64,634450,HPG,3.6242299710603665,3.661298972941981,0.03706900188161466,0.049760938574903255,-0.012691936693288594,False,False,False,False,False,False,,
2014-08-11,3.6,3.67,3.6,3.64,425530,HPG,3.625398121352191,3.658022207873984,0.03262408652179305,0.04633356816428122,-0.01370948164248817,False,False,False,False,False,False,,
2014-08-12,3.64,3.67,3.6,3.6,379740,HPG,3.6235167790298064,3.6490957143549094,0.025578935325103025,0.04218264159644558,-0.016603706271342555,False,True,False,True,False,False,,
2014-08-13,3.6,3.7,3.57,3.7,1147610,HPG,3.629182202805376,3.6569271429156927,0.027744940110316474,0.03929510129921976,-0.011550161188903285,False,False,False,False,False,False,,
2014-08-14,3.7,3.73,3.67,3.7,593010,HPG,3.6344279655605334,3.6635537363132786,0.02912577075274525,0.03726123518992486,-0.008135464437179607,False,False,False,False,False,False,,
2014-08-15,3.7,3.7,3.67,3.7,277720,HPG,3.63928515329679,3.6691608538035436,0.02987570050675359,0.0357841282532906,-0.005908427746537014,False,False,False,False,False,False,,
2014-08-18,3.7,3.7,3.67,3.67,561160,HPG,3.6415603271266574,3.6692899532183834,0.027729626091725912,0.03417322782097766,-0.0064436017292517495,False,False,False,True,False,False,,
2014-08-19,3.67,3.77,3.67,3.73,1572760,HPG,3.648111414006164,3.678629960415555,0.03051854640939089,0.03344229153866031,-0.00292374512926942,False,False,False,False,False,False,,
2014-08-20,3.73,3.77,3.7,3.73,595440,HPG,3.6541772351908928,3.686533043428547,0.03235580823765405,0.03322499487845906,-0.0008691866408050142,False,False,False,False,False,False,,
2014-08-21,3.7,3.8,3.7,3.8,1209960,HPG,3.6649789214730486,3.7039894982856936,0.03901057681264497,0.03438211126529625,0.00462846554734872,False,False,False,False,False,False,,
2014-08-22,3.8,3.9,3.8,3.86,1727570,HPG,3.67942492728986,3.7279911139340483,0.048566186644188214,0.03721892634107465,0.011347260303113567,False,False,False,False,False,False,,
2014-08-25,3.86,3.93,3.83,3.9,1722740,HPG,3.695763821564685,3.7544540194826563,0.058690197917971254,0.04151318065645397,0.017177017261517283,False,False,False,False,False,False,,
2014-08-26,3.9,3.96,3.86,3.96,1316250,HPG,3.715336871819153,3.7860764780237863,0.07073960620463327,0.04735846576608983,0.023381140438543432,True,False,True,False,False,False,,
2014-08-27,3.96,3.99,3.86,3.9,1007110,HPG,3.729015622054771,3.8036031737124345,0.07458755165766329,0.05280428294440453,0.02178326871325876,False,False,False,False,False,False,,
2014-08-28,3.86,3.86,3.8,3.8,1431960,HPG,3.7342737241247885,3.803048839295137,0.0687751151703484,0.05599844938959331,0.012776665780755092,False,False,False,False,False,False,,
2014-08-29,3.83,3.86,3.77,3.77,989270,HPG,3.7369201149303595,3.7979644024805004,0.06104428755014091,0.05700761702170283,0.004036670528438077,False,False,False,False,False,False,,
2014-09-03,3.8,3.86,3.8,3.86,1087640,HPG,3.7460371434540365,3.8075083405604238,0.061471197106387265,0.05790033303863972,0.0035708640677475437,False,False,False,False,False,False,,
2014-09-04,3.86,4.03,3.86,3.96,1783140,HPG,3.761886243938923,3.8309685958588204,0.06908235191989753,0.06013673681489128,0.00894561510500625,False,False,False,False,False,False,,
2014-09-05,3.93,3.96,3.9,3.96,471490,HPG,3.7765613369804845,3.8508195811113097,0.07425824413082527,0.06296103827807809,0.011297205852747183,False,False,False,False,False,False,,
2014-09-08,3.96,3.99,3.93,3.96,912510,HPG,3.790149386093041,3.8676165686326467,0.0774671825396056,0.0658622671303836,0.01160491540922201,False,False,True,False,False,False,,
2014-09-09,3.9,3.93,3.77,3.83,1615550,HPG,3.7931012834194826,3.861829404227624,0.06872812080814139,0.06643543786593516,0.002292682942206234,False,False,False,False,False,False,,
2014-09-10,3.8,3.83,3.73,3.83,496070,HPG,3.7958345216847063,3.856932572807989,0.061098051123282815,0.06536796051740469,-0.004269909394121876,False,False,False,False,False,False,,
2014-09-11,3.83,3.83,3.73,3.73,637720,HPG,3.790957890448802,3.837404484683683,0.046446594234880845,0.061583687260899925,-0.01513709302601908,False,False,False,False,False,False,,
2014-09-12,3.73,3.77,3.73,3.77,581170,HPG,3.7894054541192608,3.827034563963116,0.03762910984385526,0.056792771777490994,-0.019163661933635737,False,False,False,False,False,False,,
2014-09-15,3.77,3.83,3.77,3.77,669190,HPG,3.7879680130733893,3.818260015661098,0.03029200258770892,0.051492617939534586,-0.021200615351825665,False,False,False,False,False,False,,
2014-09-16,3.77,3.8,3.7,3.73,996270,HPG,3.7836740861790643,3.8046815517132373,0.021007465534172987,0.04539558745846227,-0.024388121924289283,False,False,False,True,False,False,,
2014-09-17,3.73,3.8,3.7,3.8,1078400,HPG,3.784883413128763,3.803961312988124,0.019077899859361036,0.04013204993864202,-0.021054150079280985,False,False,False,False,False,False,,
2014-09-18,3.8,3.8,3.73,3.77,807390,HPG,3.7837809380821876,3.7987364956053358,0.014955557523148144,0.035096751455543244,-0.0201411939323951,False,False,False,False,False,False,,
2014-09-19,3.7,3.77,3.64,3.64,1950450,HPG,3.7731304982242477,3.774315496281438,0.0011849980571900787,0.028314400775872613,-0.027129402718682534,False,False,False,False,False,False,,
2014-09-22,3.67,3.73,3.67,3.67,1018950,HPG,3.7654912020594886,3.758266958391986,-0.007224243667502517,0.02120667188719759,-0.028430915554700106,False,True,False,True,False,False,,
2014-09-23,3.64,3.77,3.64,3.73,713690,HPG,3.7628622241291563,3.7539181955624494,-0.008944028566706841,0.015176531796416705,-0.024120560363123544,False,False,False,False,False,False,,
2014-09-24,3.73,3.8,3.7,3.8,842670,HPG,3.765613170489959,3.7610077039374574,-0.0046054665525017136,0.011220132126633022,-0.015825598679134738,False,False,False,False,False,False,,
2014-09-25,3.77,3.8,3.7,3.8,535230,HPG,3.768160343046258,3.76700651871631,-0.0011538243299478168,0.008745340835316856,-0.009899165165264673,False,False,False,False,False,False,,
2014-09-26,3.77,3.8,3.77,3.77,240460,HPG,3.7682966139317204,3.7674670542984163,-0.0008295596333041111,0.006830360741592663,-0.007659920374896774,False,False,False,False,False,False,,
2014-09-29,3.77,3.8,3.73,3.77,216250,HPG,3.7684227906775187,3.7678567382525063,-0.0005660524250123977,0.005351078108271651,-0.0059171305332840485,False,False,False,False,False,False,,
2014-09-30,3.73,3.8,3.73,3.73,640320,HPG,3.7655766580347394,3.7620326246751974,-0.0035440333595420093,0.003572055814708919,-0.007116089174250929,False,False,False,True,False,False,,
2014-10-01,3.77,3.8,3.73,3.77,563620,HPG,3.765904312995129,3.763258374725167,-0.002645938269961956,0.0023284569977747444,-0.0049743952677367,False,False,False,False,False,False,,
2014-10-02,3.8,3.83,3.77,3.83,445580,HPG,3.7706521416621563,3.7735263170751407,0.0028741754129844033,0.0024376006808166763,0.00043657473216772696,False,False,False,False,False,False,,
2014-10-03,3.86,3.86,3.83,3.83,414030,HPG,3.7750482793168114,3.7822145759866572,0.007166296669845806,0.003383339878622503,0.0037829567912233035,True,False,True,False,False,False,,
2014-10-06,3.8,3.83,3.73,3.73,838220,HPG,3.771711369737788,3.774181564296402,0.0024701945586138585,0.0032007108146207743,-0.0007305162560069158,False,False,False,False,False,False,,
2014-10-07,3.77,3.77,3.73,3.73,485590,HPG,3.7686216386461,3.7673844005584938,-0.0012372380876062294,0.0023131210341753735,-0.003550359121781603,False,False,False,True,False,False,,
2014-10-08,3.73,3.83,3.73,3.83,907940,HPG,3.773168183931574,3.7770175697033412,0.0038493857717671887,0.0026203739816937363,0.0012290117900734523,False,False,False,False,False,False,,
2014-10-09,3.83,3.86,3.8,3.8,799150,HPG,3.775155725862569,3.7805533282105195,0.005397602347950503,0.0031758196549450893,0.0022217826930054137,False,False,False,False,False,False,,
2014-10-10,3.77,3.86,3.77,3.8,437640,HPG,3.776996042465342,3.78354512387044,0.006549081405097912,0.003850472004975654,0.0026986094001222576,False,False,False,False,False,False,,
2014-10-13,3.8,3.8,3.73,3.8,805500,HPG,3.7787000393197614,3.7860766432749875,0.007376603955226102,0.004555698395025744,0.0028209055602003577,True,False,True,False,False,False,,
2014-10-14,3.8,3.8,3.67,3.67,1027190,HPG,3.770648184555335,3.7682186981557586,-0.0024294863995764082,0.003158661436105314,-0.005588147835681722,False,False,False,False,False,False,,
2014-10-15,3.67,3.7,3.57,3.6,802020,HPG,3.7580075782919766,3.7423388984394883,-0.01566867985248832,-0.0006068068216134133,-0.015061873030874907,False,False,False,False,False,False,,
2014-10-16,3.6,3.6,3.41,3.44,1505530,HPG,3.7344514613814597,3.69582522175649,-0.03862623962496947,-0.008210693382284626,-0.030415546242684846,False,False,False,False,False,False,,
2014-10-17,3.47,3.51,3.34,3.47,1463780,HPG,3.7148624642420924,3.6610828799477995,-0.05377958429429297,-0.017324471564686295,-0.03645511272960668,False,True,False,True,False,False,,
2014-10-20,3.47,3.57,3.47,3.57,878530,HPG,3.7041319113352706,3.6470701291865995,-0.05706178214867119,-0.025271933681483276,-0.031789848467187916,False,False,False,False,False,False,,
2014-10-21,3.54,3.6,3.54,3.57,290660,HPG,3.6941962141993248,3.6352131862348145,-0.05898302796451027,-0.032014152538088675,-0.026968875426421596,False,False,False,False,False,False,,
2014-10-22,3.57,3.64,3.57,3.64,743530,HPG,3.6901816798141893,3.635949619121766,-0.05423206069242337,-0.03645773416895562,-0.01777432652346775,False,False,False,False,False,False,,
2014-10-23,3.6,3.67,3.54,3.54,564550,HPG,3.6790571109390644,3.621188139256879,-0.05786897168218541,-0.04073998167160158,-0.01712899001058383,False,False,False,False,False,False,,
2014-10-24,3.57,3.57,3.47,3.54,332940,HPG,3.6687565842028373,3.6086976562942823,-0.06005892790855505,-0.04460377091899228,-0.01545515698956277,False,False,False,False,False,False,,
2014-10-27,3.51,3.54,3.44,3.44,352360,HPG,3.6518116520396644,3.5827441707105465,-0.06906748132911789,-0.04949651300101741,-0.01957096832810048,False,False,False,True,False,False,,
2014-10-28,3.41,3.51,3.41,3.51,464930,HPG,3.641307085221911,3.571552759832001,-0.06975432538991022,-0.053548075478795976,-0.016206249911114246,False,False,False,False,False,False,,
2014-10-29,3.54,3.57,3.51,3.54,324890,HPG,3.633802856686955,3.5666984890886164,-0.06710436759833849,-0.05625933390270448,-0.010845033695634006,False,False,False,False,False,False,,
2014-10-30,3.51,3.54,3.51,3.54,382610,HPG,3.6268544969323657,3.5625910292288294,-0.0642634677035363,-0.05786016066287085,-0.006403307040665454,False,False,False,False,False,False,,
2014-10-31,3.54,3.57,3.51,3.57,706290,HPG,3.6226430527151536,3.5637308708859328,-0.05891218182922087,-0.058070564896140854,-0.0008416169330800125,False,False,False,False,False,False,,
2014-11-03,3.64,3.7,3.64,3.67,759020,HPG,3.6261509747362535,3.5800799676727126,-0.046071007063540836,-0.05567065332962086,0.009599646266080022,False,False,False,False,False,False,,
2014-11-04,3.67,3.7,3.6,3.64,264000,HPG,3.627176828459494,3.589298434184603,-0.037878394274891036,-0.0521122015186749,0.014233807243783862,False,False,False,False,False,False,,
2014-11-05,3.64,3.67,3.57,3.6,278880,HPG,3.6251637300550867,3.5909448289254335,-0.0342189011296532,-0.04853354144087056,0.014314640311217361,False,False,True,False,False,False,,
2014-11-06,3.67,3.67,3.57,3.57,145210,HPG,3.621077527828784,3.58772254755229,-0.03335498027649386,-0.04549782920799522,0.01214284893150136,False,False,False,False,False,False,,
2014-11-07,3.57,3.67,3.57,3.67,374310,HPG,3.6247014146562817,3.60038061715963,-0.024320797496651725,-0.041262422865726525,0.0169416253690748,False,False,False,False,False,False,,
2014-11-10,3.64,3.67,3.64,3.67,481250,HPG,3.6280568654224834,3.6110912914427638,-0.01696557397971965,-0.03640305308852515,0.0194374791088055,False,False,False,False,False,False,,
2014-11-11,3.67,3.77,3.64,3.73,750900,HPG,3.6356082087245216,3.629384938913108,-0.006223269811413523,-0.030367096433102824,0.0241438266216893,False,False,False,False,False,False,,
2014-11-12,3.73,3.77,3.7,3.73,182330,HPG,3.642600193263446,3.6448641790803222,0.0022639858168762572,-0.023840879983107008,0.026104865799983265,False,False,False,False,False,False,,
2014-11-13,3.7,3.77,3.7,3.73,280040,HPG,3.649074253021709,3.6579619976833495,0.00888774466164044,-0.017295155054157522,0.02618289971579796,True,False,True,False,False,False,,
2014-11-14,3.73,3.73,3.64,3.7,367940,HPG,3.6528465305756566,3.664429382655142,0.011582852079485395,-0.011519553627428939,0.023102405706914332,False,False,False,False,False,False,,
2014-11-17,3.7,3.73,3.67,3.7,209400,HPG,3.656339380162645,3.669901785323582,0.013562405160937097,-0.006503161869755732,0.02006556703069283,False,False,False,False,False,False,,
2014-11-18,3.67,3.7,3.64,3.7,213320,HPG,3.6595735001505973,3.674532279889185,0.014958779738587502,-0.0022107735480870853,0.017169553286674587,False,False,False,False,False,False,,
2014-11-19,3.67,3.67,3.57,3.6,809030,HPG,3.6551606482875902,3.663065775290849,0.007905127003258627,-0.0001875934378179427,0.00809272044107657,False,False,False,False,False,False,,
2014-11-20,3.64,3.67,3.6,3.67,586140,HPG,3.6562598595255467,3.6641325790922568,0.007872719566710096,0.0014244691630876652,0.006448250403622431,False,False,False,False,False,False,,
2014-11-21,3.67,3.67,3.6,3.6,276110,HPG,3.652092462523654,3.654266028462679,0.0021735659390249573,0.0015742885182751238,0.0005992774207498335,False,False,False,False,False,False,,
2014-11-24,3.57,3.6,3.54,3.57,200420,HPG,3.6460115393737538,3.6413020240838057,-0.0047095152899481185,0.00031752775663047546,-0.0050270430465785935,False,False,False,False,False,False,,
2014-11-25,3.57,3.6,3.54,3.57,464830,HPG,3.640381054975698,3.6303324819170664,-0.010048573058631494,-0.0017556924064219184,-0.008292880652209575,False,False,False,False,False,False,,
2014-11-26,3.57,3.6,3.44,3.47,703040,HPG,3.627760236088609,3.605665946237518,-0.022094289851091187,-0.005823411895355772,-0.016270877955735414,False,False,False,True,False,False,,
2014-11-27,3.47,3.54,3.44,3.54,876480,HPG,3.6212594778598235,3.5955634929702076,-0.025695984889615886,-0.009797926494207795,-0.01589805839540809,False,False,False,False,False,False,,
2014-11-28,3.54,3.54,3.44,3.47,390620,HPG,3.610055072092429,3.576246032513253,-0.03380903957917614,-0.014600149111201464,-0.019208890467974672,False,True,False,True,False,False,,
2014-12-01,3.51,3.57,3.51,3.51,603620,HPG,3.6026435852707674,3.5660543352035217,-0.03658925006724578,-0.01899796930241033,-0.017591280764835453,False,False,False,False,False,False,,
2014-12-02,3.54,3.54,3.47,3.51,168670,HPG,3.5957810974729325,3.5574305913260567,-0.03835050614687585,-0.022868476671303435,-0.015482029475572416,False,False,False,False,False,False,,
2014-12-03,3.54,3.57,3.51,3.57,481290,HPG,3.5938713865490115,3.559364346506663,-0.03450704004234861,-0.02519618934551247,-0.009310850696836143,False,False,False,False,False,False,,
2014-12-04,3.57,3.6,3.54,3.57,341620,HPG,3.592103135693529,3.561000600890253,-0.031102534803276072,-0.026377458437065193,-0.004725076366210879,False,False,False,False,False,False,,
2014-12-05,3.6,3.64,3.57,3.6,697150,HPG,3.5926880886051196,3.5670005084455987,-0.025687580159520884,-0.026239482781556335,0.0005519026220354509,True,False,True,False,False,False,,
2014-12-08,3.6,3.6,3.51,3.54,421550,HPG,3.588785267226963,3.562846584069353,-0.025938683157610054,-0.02617932285676708,0.00024063969915702477,False,False,False,False,False,False,,
2014-12-09,3.51,3.54,3.34,3.38,945890,HPG,3.5733196918768177,3.5347163403663755,-0.03860335151044225,-0.028664128587502113,-0.009939222922940139,False,False,False,False,False,False,,
2014-12-10,3.41,3.47,3.31,3.44,542440,HPG,3.5634441591452015,3.5201445956946253,-0.04329956345057617,-0.03159121556011693,-0.011708347890459242,False,False,False,False,False,False,,
2014-12-11,3.41,3.44,3.38,3.41,157820,HPG,3.552077925134446,3.503199273280068,-0.04887865185437823,-0.03504870281896919,-0.013829949035409038,False,False,False,True,False,False,,
2014-12-12,3.34,3.44,3.34,3.44,82360,HPG,3.5437758566059685,3.4934763081600577,-0.05029954844591078,-0.03809887194435751,-0.012200676501553272,False,False,False,False,False,False,,
2014-12-15,3.44,3.44,3.38,3.38,84760,HPG,3.531644311672193,3.4760184145969717,-0.05562589707522125,-0.04160427697053026,-0.01402162010469099,False,False,False,False,False,False,,
2014-12-16,3.38,3.38,3.21,3.23,651220,HPG,3.5093002885853637,3.4381694277358994,-0.0711308608494643,-0.04750959374631707,-0.02362126710314722,False,False,False,False,False,False,,
2014-12-17,3.21,3.25,3.01,3.1,1517960,HPG,3.4789817486901518,3.3861433619303765,-0.0928383867597753,-0.05657535234900872,-0.03626303441076657,False,False,False,False,False,False,,
2014-12-18,3.12,3.18,3.12,3.14,538720,HPG,3.453871989527918,3.348275152402626,-0.105596837125292,-0.06637964930426538,-0.03921718782102662,False,True,False,True,False,False,,
2014-12-19,3.14,3.18,3.13,3.14,555400,HPG,3.4306222125258503,3.3162328212637604,-0.11438939126208991,-0.07598159769583028,-0.03840779356625963,False,False,False,False,False,False,,
2014-12-22,3.16,3.34,3.16,3.34,398810,HPG,3.423909456042454,3.3198893103001046,-0.10402014574234952,-0.08158930730513414,-0.022430838437215384,False,False,False,False,False,False,,
2014-12-23,3.38,3.41,3.31,3.34,464800,HPG,3.41769394078005,3.3229832625616273,-0.09471067821842283,-0.08421358148779187,-0.010497096730630956,False,False,False,False,False,False,,
2014-12-24,3.38,3.38,3.34,3.34,187190,HPG,3.411938834055602,3.3256012221675304,-0.08633761188807165,-0.08463838756784783,-0.0016992243202238189,False,False,False,False,False,False,,
2014-12-25,3.31,3.34,3.28,3.31,188070,HPG,3.4043878093107427,3.3232010341417566,-0.08118677516898609,-0.0839480650880755,0.002761289919089402,False,False,True,False,False,False,,
2014-12-26,3.31,3.31,3.23,3.25,273800,HPG,3.392951675287725,3.3119393365814864,-0.08101233870623847,-0.0833609198117081,0.0023485811054696215,False,False,False,False,False,False,,
2014-12-29,3.25,3.41,3.25,3.34,414450,HPG,3.3890293289701154,3.316256361722796,-0.07277296724731963,-0.08124332929883041,0.008470362051510777,False,False,False,False,False,False,,
2014-12-30,3.34,3.41,3.31,3.41,385200,HPG,3.3905827120093663,3.3306784599192887,-0.05990425209007766,-0.07697551385707987,0.017071261767002216,False,False,False,False,False,False,,
2014-12-31,3.41,3.44,3.41,3.44,685640,HPG,3.3942432518605243,3.3474971583932445,-0.04674609346727987,-0.07092962977911987,0.024183536311840004,False,False,False,False,False,False,,
2015-01-05,3.44,3.51,3.41,3.44,207020,HPG,3.3976326406115964,3.361728364794284,-0.03590427581731248,-0.0639245589867584,0.028020283169445923,False,False,False,False,False,False,,
2015-01-06,3.38,3.47,3.38,3.47,260380,HPG,3.402993185751478,3.378385539441317,-0.02460764631016099,-0.05606117645143892,0.03145353014127793,True,False,True,False,False,False,,
2015-01-07,3.47,3.51,3.44,3.44,232770,HPG,3.4057344312513687,3.3878646872195763,-0.017869744031792312,-0.0484228899675096,0.030553145935717285,False,False,False,False,False,False,,
2015-01-08,3.44,3.47,3.41,3.44,107380,HPG,3.408272621529045,3.395885504570411,-0.012387116958633815,-0.04121573536573444,0.028828618407100624,False,False,False,False,False,False,,
2015-01-09,3.44,3.51,3.41,3.51,409230,HPG,3.4158079828972636,3.413441580790348,-0.0023664021069156327,-0.033445868713970685,0.031079466607055052,False,False,False,False,False,False,,
2015-01-12,3.47,3.57,3.47,3.51,695280,HPG,3.422785169349318,3.4282967222072176,0.005511552857899726,-0.025654384399596605,0.03116593725749633,False,False,True,False,False,False,,
2015-01-13,3.47,3.51,3.47,3.51,77750,HPG,3.429245527175294,3.440866457252261,0.011620930076967184,-0.018199321504283848,0.029820251581251032,False,False,False,False,False,False,,
2015-01-14,3.47,3.51,3.41,3.51,229360,HPG,3.435227339977124,3.4515023869057595,0.01627504692863546,-0.011304447817699986,0.027579494746335448,False,False,False,False,False,False,,
2015-01-15,3.47,3.54,3.47,3.51,199440,HPG,3.440766055534374,3.4605020196894887,0.019735964155114694,-0.005096365423137051,0.024832329578251745,False,False,False,False,False,False,,
2015-01-16,3.47,3.47,3.44,3.44,220730,HPG,3.440709310679976,3.4573478628141827,0.01663855213420673,-0.0007493819116682942,0.017387934045875023,False,False,False,False,False,False,,
2015-01-19,3.44,3.47,3.41,3.41,293800,HPG,3.4384345469259037,3.4500635762273855,0.011629029301481797,0.0017263003309617242,0.009902728970520074,False,False,False,False,False,False,,
2015-01-20,3.41,3.44,3.38,3.44,146590,HPG,3.4385505064128736,3.4485153337308647,0.009964827317991087,0.0033740057283675974,0.00659082158962349,False,False,False,False,False,False,,
2015-01-21,3.44,3.47,3.41,3.47,628920,HPG,3.4408800985304384,3.451820667003039,0.01094056847260072,0.004887318277214222,0.006053250195386498,False,False,False,False,False,False,,
2015-01-22,3.47,3.47,3.41,3.44,258970,HPG,3.440814906046702,3.4500021028487255,0.0091871968020234,0.005747293982176058,0.0034399028198473427,False,False,False,False,False,False,,
2015-01-23,3.44,3.44,3.31,3.34,1294880,HPG,3.433347135228428,3.4330787024104596,-0.00026843281796828933,0.004544148622147189,-0.004812581440115479,False,False,False,False,False,False,,
2015-01-26,3.34,3.34,3.23,3.23,1167630,HPG,3.418284384470766,3.401835825116543,-0.016448559354223402,0.000345607026873071,-0.016794166381096473,False,False,False,False,False,False,,
2015-01-27,3.28,3.31,3.24,3.28,1091760,HPG,3.408041096732191,3.38309185202169,-0.024949244710501084,-0.00471336332060176,-0.020235881389899325,False,False,False,False,False,False,,
2015-01-28,3.31,3.31,3.23,3.28,187910,HPG,3.398556571048325,3.367231567095276,-0.03132500395304927,-0.010035691447091263,-0.021289312505958006,False,False,False,False,False,False,,
2015-01-29,3.28,3.28,3.19,3.21,305240,HPG,3.384589417637338,3.3430420952344644,-0.04154732240287373,-0.016338017638247757,-0.025209304764625975,False,False,False,False,False,False,,
2015-01-30,3.21,3.21,3.1,3.1,790190,HPG,3.363508720034572,3.3056510036599316,-0.05785771637464032,-0.02464195738552627,-0.03321575898911405,False,False,False,False,False,False,,
2015-02-02,3.1,3.17,3.08,3.08,193890,HPG,3.342508074106085,3.270935464635327,-0.07157260947075805,-0.03402808780257263,-0.03754452166818542,False,False,False,False,False,False,,
2015-02-03,3.08,3.12,3.03,3.03,456170,HPG,3.3193593278760045,3.233868470076046,-0.08549085779995869,-0.04432064180204985,-0.041170215997908835,False,False,False,False,False,False,,
2015-02-04,3.01,3.06,2.93,2.93,603690,HPG,3.2905178961814854,3.187119474679731,-0.10339842150175427,-0.05613619774199073,-0.047262223759763536,False,False,False,False,False,False,,
2015-02-05,2.92,2.93,2.86,2.92,972680,HPG,3.263072126093968,3.1460241708828494,-0.11704795521111855,-0.06831854923581629,-0.04872940597530226,False,True,False,True,False,False,,
2015-02-06,2.98,3.03,2.97,2.99,202240,HPG,3.2428445611981185,3.1220204522854877,-0.12082410891263073,-0.07881966117117918,-0.04200444774145155,False,False,False,False,False,False,,
2015-02-09,2.99,3.02,2.91,2.91,368440,HPG,3.218189408516776,3.0894019211646433,-0.12878748735213286,-0.08881322640736992,-0.03997426094476293,False,False,False,False,False,False,,
2015-02-10,2.92,3.02,2.86,3.01,700570,HPG,3.2027679708488668,3.0771862409854673,-0.12558172986339944,-0.09616692709857584,-0.029414802764823597,False,False,False,False,False,False,,
2015-02-11,3.01,3.14,3.01,3.14,382460,HPG,3.1981184915267287,3.0868498962184723,-0.11126859530825639,-0.09918726074051196,-0.012081334567744434,False,False,False,False,False,False,,
2015-02-12,3.15,3.21,3.12,3.17,328920,HPG,3.1960356403025267,3.0996422198771687,-0.09639342042535803,-0.09862849267748118,0.0022350722521231464,False,False,False,False,False,False,,
2015-02-13,3.17,3.22,3.15,3.19,337680,HPG,3.195588555835673,3.1135434168191427,-0.08204513901653021,-0.09531182194529099,0.013266682928760778,False,False,False,False,False,False,,
2015-02-24,3.2,3.2,3.15,3.2,416880,HPG,3.195915329477475,3.1268444296161975,-0.06907089986127746,-0.0900636375284883,0.02099273766721084,False,False,False,False,False,False,,
2015-02-25,3.16,3.19,3.14,3.14,487940,HPG,3.1917734532198843,3.1288683635213976,-0.06290508969848663,-0.08463192796248797,0.021726838264001347,True,False,True,False,False,False,,
2015-02-26,3.14,3.17,3.08,3.11,645750,HPG,3.1857161603887816,3.1259655383642597,-0.05975062202452186,-0.07965566677489475,0.019905044750372886,False,False,False,False,False,False,,
2015-02-27,3.1,3.1,3.03,3.06,1111170,HPG,3.1764038522118345,3.115816994000528,-0.060586858211306716,-0.07584190506217714,0.015255046850870424,False,False,False,False,False,False,,
2015-03-02,3.03,3.06,2.99,3.0,635450,HPG,3.163336900196143,3.0979989949235236,-0.06533790527261951,-0.07374110510426563,0.008403199831646113,False,False,False,False,False,False,,
2015-03-03,3.01,3.07,3.01,3.06,670000,HPG,3.1556823149964286,3.09215299570452,-0.06352931929190841,-0.07169874794179418,0.008169428649885763,False,False,False,False,False,False,,
2015-03-04,3.06,3.08,3.05,3.06,324080,HPG,3.148594736107804,3.0872063809807475,-0.06138835512705665,-0.06963666937884667,0.008248314251790026,False,False,False,False,False,False,,
2015-03-05,3.06,3.1,3.06,3.07,752710,HPG,3.142772903803522,3.0845592454452477,-0.05821365835827441,-0.06735206717473223,0.009138408816457819,False,False,False,False,False,False,,
2015-03-06,3.07,3.07,3.05,3.06,296850,HPG,3.136641577595854,3.080780899992133,-0.05586067760372071,-0.06505378926052993,0.009193111656809222,False,False,False,False,False,False,,
2015-03-09,3.08,3.18,3.08,3.16,1110350,HPG,3.138371831107272,3.0929684538394975,-0.04540337726777466,-0.061123706861978884,0.015720329594204226,False,False,False,False,False,False,,
2015-03-10,3.16,3.18,3.11,3.12,924780,HPG,3.137010954728956,3.0971271532488056,-0.03988380148015036,-0.05687572578561319,0.016991924305462827,True,False,True,False,False,False,,
2015-03-11,3.1,3.16,3.08,3.08,485870,HPG,3.1327879210453293,3.0944922065951435,-0.03829571445018587,-0.05315972351852773,0.014864009068341857,False,False,False,False,False,False,,
2015-03-12,3.06,3.08,3.03,3.04,750130,HPG,3.1259147417086384,3.0861087901958904,-0.03980595151274802,-0.05048896911737179,0.01068301760462377,False,False,False,False,False,False,,
2015-03-13,3.04,3.06,3.01,3.02,472400,HPG,3.118069205285776,3.0759382070888304,-0.04213099819694577,-0.04881737493328659,0.0066863767363408225,False,False,False,False,False,False,,
2015-03-16,3.02,3.02,2.92,2.93,1037700,HPG,3.1041381530423853,3.0534861752290103,-0.05065197781337494,-0.04918429550930427,-0.0014676823040706694,False,False,False,False,False,False,,
2015-03-17,2.93,2.98,2.92,2.92,640370,HPG,3.0904982898540605,3.0329498405783935,-0.057548449275667046,-0.05085712626257683,-0.006691323013090215,False,False,False,False,False,False,,
2015-03-18,2.94,2.95,2.88,2.9,1092640,HPG,3.0763873054204263,3.0124960189509484,-0.06389128646947784,-0.05346395830395704,-0.010427328165520798,False,False,False,False,False,False,,
2015-03-19,2.89,2.91,2.82,2.86,1270400,HPG,3.0603586161300242,2.9890350929584946,-0.07132352317152968,-0.05703587127747157,-0.01428765189405811,False,True,False,True,False,False,,
2015-03-20,2.86,3.01,2.84,3.01,2188020,HPG,3.056628348268541,2.9922604632725722,-0.0643678849959688,-0.058502274021171016,-0.0058656109747977775,False,False,False,False,False,False,,
2015-03-23,3.01,3.01,2.92,2.92,1140180,HPG,3.046507729878279,2.9811434689229457,-0.0653642609553331,-0.05987467140800344,-0.005489589547329657,False,False,False,False,False,False,,
2015-03-24,2.89,2.91,2.86,2.88,804400,HPG,3.0341738239613694,2.9655829352424923,-0.06859088871887709,-0.061617914870178175,-0.00697297384869891,False,False,False,False,False,False,,
2015-03-25,2.86,2.89,2.85,2.86,765950,HPG,3.0212720592234903,2.9493394067436474,-0.07193265247984293,-0.06368086239211113,-0.008251790087731803,False,False,False,False,False,False,,
2015-03-26,2.85,2.89,2.84,2.85,498620,HPG,3.0085852400217505,2.9340564210907787,-0.07452881893097185,-0.06585045369988328,-0.008678365231088572,False,False,False,True,False,False,,
2015-03-27,2.85,2.88,2.84,2.85,253180,HPG,2.9968381852053247,2.92112466399989,-0.07571352120543473,-0.06782306720099357,-0.00789045400444116,False,False,False,False,False,False,,
2015-03-30,2.86,2.88,2.84,2.86,685590,HPG,2.986702023338264,2.9117208695383683,-0.07498115379989567,-0.06925468452077399,-0.005726469279121682,False,False,False,False,False,False,,
2015-03-31,2.86,2.88,2.86,2.86,668940,HPG,2.9773166882761704,2.9037638126863117,-0.07355287558985868,-0.07011432273459094,-0.003438552855267743,False,False,False,False,False,False,,
2015-04-01,2.86,2.9,2.85,2.86,573070,HPG,2.9686265632186766,2.897030918426879,-0.07159564479179759,-0.07041058714603227,-0.0011850576457653195,False,False,False,False,False,False,,
2015-04-02,2.86,2.87,2.84,2.86,450390,HPG,2.9605801511284042,2.8913338540535127,-0.0692462970748915,-0.07017772913180412,0.0009314320569126233,False,False,False,False,False,False,,
2015-04-03,2.87,2.93,2.86,2.92,1033520,HPG,2.9575742140077814,2.8957440303529722,-0.06183018365480919,-0.06850822003640514,0.006678036381595948,False,False,False,False,False,False,,
2015-04-06,2.91,2.92,2.88,2.88,271760,HPG,2.951827975933131,2.8933218718371303,-0.058506104096000655,-0.06650779684832425,0.008001692752323597,False,False,False,False,False,False,,
2015-04-07,2.87,2.91,2.87,2.88,469470,HPG,2.9465073851232693,2.891272353092956,-0.055235032030313214,-0.06425324388472205,0.009018211854408834,False,False,False,False,False,False,,
2015-04-08,2.9,2.9,2.87,2.87,334680,HPG,2.9408401714104344,2.8879996833863477,-0.052840488024086696,-0.061970692712594984,0.009130204688508288,False,False,False,False,False,False,,
2015-04-09,2.87,2.9,2.87,2.87,397900,HPG,2.935592751305958,2.8852305013269097,-0.05036224997904837,-0.059649004165885665,0.009286754186837297,False,False,False,False,False,False,,
2015-04-10,2.88,2.89,2.87,2.87,388880,HPG,2.9307340289869983,2.882887347276616,-0.0478466817103822,-0.05728853967478498,0.009441857964402778,False,False,False,False,False,False,,
2015-04-13,2.9,2.9,2.87,2.87,201090,HPG,2.9262352120249986,2.880904678464829,-0.045330533560169695,-0.05489693845186193,0.009566404891692235,False,False,False,False,False,False,,
2015-04-14,2.87,2.89,2.87,2.88,422120,HPG,2.9228103815046285,2.8807654971625474,-0.04204488434208109,-0.052326527629905764,0.010281643287824674,False,False,False,False,False,False,,
2015-04-15,2.88,2.95,2.88,2.92,1231840,HPG,2.922602205096878,2.8868015745221554,-0.035800630574722714,-0.04902134821886916,0.013220717644146444,False,False,False,False,False,False,,
2015-04-16,2.93,2.96,2.92,2.92,725910,HPG,2.922409449163776,2.89190902459567,-0.030500424568105977,-0.045317163488716526,0.014816738920610549,False,False,False,False,False,False,,
2015-04-17,2.9,3.02,2.9,2.96,982040,HPG,2.9251939344109035,2.902384559273259,-0.022809375137644583,-0.04081560581850214,0.018006230680857556,True,False,True,False,False,False,,
2015-04-20,2.95,2.96,2.92,2.93,375410,HPG,2.925549939269355,2.906633088615834,-0.01891685065352089,-0.03643585478550589,0.017519004131985004,False,False,False,False,False,False,,
2015-04-21,2.93,2.93,2.92,2.93,424870,HPG,2.925879573397551,2.9102279980595522,-0.015651575337998658,-0.03227899889600445,0.01662742355800579,False,False,False,False,False,False,,
2015-04-22,2.93,2.99,2.93,2.93,639770,HPG,2.9261847901829174,2.9132698445119285,-0.012914945670988942,-0.028406188251001347,0.015491242580012405,False,False,False,False,False,False,,
2015-04-23,2.93,2.95,2.88,2.89,485650,HPG,2.923504435354553,2.9096898684331705,-0.01381456692138272,-0.025487863985077623,0.011673297063694903,False,False,False,False,False,False,,
2015-04-24,2.9,2.9,2.89,2.89,371010,HPG,2.92102262532829,2.9066606579049905,-0.014361967423299316,-0.02326268467272196,0.008900717249422645,False,False,False,False,False,False,,
2015-04-27,2.92,2.95,2.86,2.86,394780,HPG,2.9165024308595275,2.8994820951503764,-0.01702033570915118,-0.022014214880007803,0.004993879170856624,False,False,False,False,False,False,,
2015-05-04,2.9,2.9,2.79,2.81,1045680,HPG,2.9086133619069696,2.8857156189733955,-0.02289774293357416,-0.022190920490721074,-0.0007068224428530868,False,False,False,True,False,False,,
2015-05-05,2.81,2.9,2.8,2.87,767180,HPG,2.9057531128768237,2.883297831439027,-0.022455281437796515,-0.022243792680136164,-0.00021148875766035038,False,False,False,False,False,False,,
2015-05-06,2.88,2.89,2.82,2.82,993740,HPG,2.899401030441503,2.8735597035253306,-0.02584132691617258,-0.022963299527343446,-0.002878027388829134,False,False,False,False,False,False,,
2015-05-07,2.82,2.86,2.82,2.84,540380,HPG,2.8950009541125032,2.8683966722137413,-0.02660428189876196,-0.02369149600162715,-0.002912785897134812,False,False,False,False,False,False,,
2015-05-08,2.87,2.94,2.81,2.81,565420,HPG,2.8887045871412065,2.8594125687962424,-0.029292018344964088,-0.02481160047029454,-0.004480417874669549,False,False,False,False,False,False,,
2015-05-11,2.8,2.83,2.75,2.76,405070,HPG,2.8791709140196358,2.8441183274429744,-0.035052586576661326,-0.026859797691567898,-0.008192788885093429,False,False,False,False,False,False,,
2015-05-12,2.8,2.8,2.68,2.68,684210,HPG,2.864417512981144,2.818869353990209,-0.04554815899093523,-0.030597469951441365,-0.014950689039493863,False,False,False,False,False,False,,
2015-05-13,2.66,2.68,2.59,2.62,1291880,HPG,2.846312512019578,2.7882740687609457,-0.05803844325863228,-0.03608566461287955,-0.021952778645752728,False,False,False,True,False,False,,
2015-05-14,2.6,2.67,2.59,2.67,734690,HPG,2.8332523259440534,2.7700780581823388,-0.06317426776171464,-0.04150338524264657,-0.02167088251906807,False,False,False,False,False,False,,
2015-05-15,2.67,2.67,2.6,2.6,554930,HPG,2.8159743758741236,2.7439122030773633,-0.0720621727967603,-0.04761514275346932,-0.024447030043290983,False,False,False,False,False,False,,
2015-05-18,2.55,2.59,2.47,2.47,1773500,HPG,2.7903466443278924,2.7017718641423842,-0.08857478018550813,-0.05580707023987709,-0.03276770994563104,False,False,False,False,False,False,,
2015-05-19,2.45,2.51,2.45,2.49,859380,HPG,2.7680987447480483,2.6691915773512482,-0.09890716739680006,-0.06442708967126168,-0.03448007772553838,False,True,False,True,False,False,,
2015-05-20,2.49,2.66,2.49,2.66,904140,HPG,2.760091430322267,2.6677774885279795,-0.09231394179428731,-0.0700044600958668,-0.022309481698420508,False,False,False,False,False,False,,
2015-05-21,2.66,2.68,2.62,2.66,580790,HPG,2.752677250298395,2.6665809518313672,-0.08609629846702793,-0.07322282777009903,-0.012873470696928901,False,False,False,False,False,False,,
2015-05-22,2.64,2.68,2.63,2.68,500280,HPG,2.7472937502762917,2.6686454207803876,-0.07864832949590417,-0.07430792811526006,-0.004340401380644107,False,False,False,False,False,False,,
2015-05-25,2.68,2.71,2.63,2.66,202540,HPG,2.7408275465521217,2.667315356044943,-0.0735121905071785,-0.07414878059364376,0.0006365900864652579,False,False,False,False,False,False,,
2015-05-26,2.68,2.72,2.65,2.71,681280,HPG,2.738544024585298,2.673882224345721,-0.0646618002395769,-0.07225138452283039,0.0075895842832534866,False,False,False,False,False,False,,
2015-05-27,2.7,2.71,2.66,2.67,414100,HPG,2.733466689430831,2.673284959061764,-0.060181730369067044,-0.06983745369207772,0.009655723323010679,False,False,False,False,False,False,,
2015-05-28,2.64,2.7,2.64,2.67,423170,HPG,2.7287654531766954,2.672779580744569,-0.05598587243212627,-0.06706713744008744,0.011081265007961166,True,False,True,False,False,False,,
2015-05-29,2.67,2.69,2.64,2.65,559300,HPG,2.7229309751636066,2.6692750298607892,-0.053655945302817365,-0.06438489901263342,0.010728953709816053,False,False,False,False,False,False,,
2015-06-01,2.65,2.66,2.63,2.63,543570,HPG,2.7160471992255615,2.663232717574514,-0.05281448165104763,-0.062070815540316265,0.009256333889268636,False,False,False,False,False,False,,
2015-06-02,2.61,2.64,2.61,2.62,948500,HPG,2.70893259187552,2.656581530255358,-0.05235106162016212,-0.06012686475628544,0.007775803136123319,False,False,False,False,False,False,,
2015-06-03,2.6,2.63,2.55,2.55,1464690,HPG,2.697159807292148,2.6401843717545335,-0.056975435537614416,-0.05949657891255124,0.002521143374936821,False,False,False,False,False,False,,
2015-06-04,2.55,2.58,2.55,2.56,1077090,HPG,2.6869998215668036,2.6278483145615286,-0.05915150700527505,-0.059427564531096,0.00027605752582095244,False,False,False,False,False,False,,
2015-06-05,2.57,2.57,2.5,2.52,1935780,HPG,2.674629464413707,2.611256266167447,-0.06337319824625975,-0.06021669127412876,-0.003156506972130997,False,True,False,True,False,False,,
2015-06-08,2.54,2.6,2.54,2.59,917010,HPG,2.668360615197877,2.6079860713724554,-0.06037454382542151,-0.06024826178438731,-0.0001262820410342022,False,False,False,False,False,False,,
2015-06-09,2.59,2.77,2.58,2.69,2789760,HPG,2.669963532590627,2.620603598853616,-0.04935993373701075,-0.058070596174912004,0.008710662437901251,False,False,False,False,False,False,,
2015-06-10,2.74,2.83,2.74,2.82,3194220,HPG,2.681077344991321,2.651279968260752,-0.029797376730568814,-0.052415952286043364,0.02261857555547455,False,False,False,False,False,False,,
2015-06-11,2.88,2.91,2.84,2.87,1445080,HPG,2.695071615732705,2.684929203912944,-0.01014241181976061,-0.04396124419278682,0.03381883237302621,False,False,False,False,False,False,,
2015-06-12,2.87,2.9,2.83,2.85,1333800,HPG,2.706547792345097,2.7103247110032607,0.0037769186581635417,-0.03441361162259674,0.03819053028076028,False,False,False,False,False,False,,
2015-06-15,2.85,2.87,2.83,2.86,1672040,HPG,2.7179146225417568,2.7333516785412204,0.015437055999463656,-0.024443478098184663,0.039880534097648315,False,False,False,False,False,False,,
2015-06-16,2.87,2.94,2.85,2.88,1806050,HPG,2.729920946797923,2.7559129587656477,0.025992011967724604,-0.014356380085002812,0.040348392052727416,True,False,True,False,False,False,,
2015-06-17,2.86,2.87,2.82,2.83,1581070,HPG,2.7373342099980773,2.767310965109394,0.02997675511131659,-0.005489753045738933,0.03546650815705552,False,False,False,False,False,False,,
2015-06-18,2.86,2.86,2.8,2.82,887580,HPG,2.7434576018500714,2.7754169704771794,0.03195936862710802,0.0020000712888304578,0.02995929733827756,False,False,False,False,False,False,,
2015-06-19,2.81,2.82,2.74,2.74,2592640,HPG,2.7432014831945106,2.7699682057883828,0.02676672259387214,0.006953401549838795,0.019813321044033345,False,False,False,False,False,False,,
2015-06-22,2.78,2.78,2.75,2.77,524900,HPG,2.745186558513436,2.769973097205555,0.02478653869211911,0.010520028978294859,0.01426650971382425,False,False,False,False,False,False,,
2015-06-23,2.76,2.84,2.76,2.81,801860,HPG,2.749987554179107,2.776131082250854,0.026143528071747024,0.013644728796985292,0.012498799274761732,False,False,False,False,False,False,,
2015-06-24,2.78,2.81,2.77,2.78,1042290,HPG,2.752210698313988,2.776726300366107,0.024515602052119334,0.015818903448012102,0.008696698604107232,False,False,False,False,False,False,,
2015-06-25,2.76,2.78,2.73,2.73,898180,HPG,2.7505654614018407,2.7695376387713213,0.018972177369480647,0.01644955823230581,0.0025226191371748377,False,False,False,False,False,False,,
2015-06-26,2.73,2.79,2.71,2.72,726400,HPG,2.7483013531498526,2.7619164635757336,0.013615110425881038,0.015882668671020856,-0.0022675582451398175,False,True,False,True,False,False,,
2015-06-29,2.72,2.79,2.72,2.79,1060110,HPG,2.7513901418054187,2.7662370076410054,0.014846865835586698,0.015675508103934026,-0.000828642268347328,False,False,False,False,False,False,,
2015-06-30,2.78,2.88,2.77,2.88,3428620,HPG,2.7609167979679805,2.783739006465466,0.02282220849748562,0.017104848182644343,0.005717360314841276,False,False,True,False,False,False,,
2015-07-01,2.88,2.89,2.79,2.81,1078850,HPG,2.764552590711093,2.787779159316933,0.023226568605839937,0.018329192267283464,0.004897376338556473,False,False,False,False,False,False,,
2015-07-02,2.81,2.86,2.79,2.85,925320,HPG,2.7708820284361972,2.7973515963450972,0.026469567908899982,0.01995726739560677,0.006512300513293212,False,False,False,False,False,False,,
2015-07-03,2.86,2.89,2.85,2.86,1073110,HPG,2.7774833596631456,2.8069898122920054,0.02950645262885976,0.021867104442257368,0.0076393481866023905,False,False,False,False,False,False,,
2015-07-06,2.86,2.94,2.86,2.93,1864540,HPG,2.7887808885769867,2.8259144565547736,0.037133567977786885,0.024920397149363276,0.01221317082842361,False,False,False,False,False,False,,
2015-07-07,2.93,3.06,2.89,3.0,2857450,HPG,2.804426748682395,2.8526968478540393,0.048270099171644265,0.029590337553819478,0.018679761617824787,False,False,False,False,False,False,,
2015-07-08,3.0,3.04,2.95,2.97,1753620,HPG,2.8166914339651807,2.8707434866457255,0.054052052680544804,0.034482680579164544,0.01956937210138026,True,False,True,False,False,False,,
2015-07-09,2.95,2.96,2.9,2.91,1809260,HPG,2.8236031795973897,2.876782950238691,0.05317977064130108,0.038222098591591855,0.014957672049709228,False,False,False,False,False,False,,
2015-07-10,2.94,2.94,2.88,2.88,1348180,HPG,2.827780721849435,2.8772778809712,0.04949715912176478,0.04047711069762644,0.009020048424138338,False,False,False,False,False,False,,
2015-07-13,2.89,2.93,2.85,2.86,1169610,HPG,2.8301673350457732,2.874619745437169,0.04445241039139569,0.04127217063638029,0.003180239755015399,False,False,False,False,False,False,,
2015-07-14,2.86,2.96,2.81,2.91,2295100,HPG,2.8360808657831234,2.8800628615237582,0.04398199574063488,0.041814135657231216,0.0021678600834036665,False,False,False,False,False,False,,
2015-07-15,2.92,2.93,2.85,2.85,931880,HPG,2.8371119127621514,2.8754378059047188,0.0383258931425674,0.041116487154298456,-0.002790594011731054,False,True,False,True,False,False,,
2015-07-16,2.84,2.96,2.82,2.95,1582160,HPG,2.845473993298288,2.8869089126886083,0.04143491939032007,0.04118017360150278,0.00025474578881728993,False,False,False,False,False,False,,
2015-07-17,3.02,3.08,3.0,3.01,2675200,HPG,2.8576611049058225,2.905846003044207,0.04818489813838456,0.04258111850887914,0.005603779629505416,False,False,False,False,False,False,,
2015-07-20,3.0,3.04,2.95,3.04,1390780,HPG,2.8711676897276135,2.9264850794989443,0.05531738977133083,0.04512837276136948,0.010189017009961346,False,False,False,False,False,False,,
2015-07-21,3.04,3.13,3.04,3.13,2696070,HPG,2.8903404534514943,2.9577950672683375,0.06745461381684326,0.04959362097246424,0.017860992844379017,False,False,False,False,False,False,,
2015-07-22,3.14,3.34,3.14,3.34,5105670,HPG,2.9236485680106425,3.016595826150132,0.09294725813948945,0.05826434840586929,0.03468290973362016,False,False,False,False,False,False,,
2015-07-23,3.37,3.4,3.29,3.3,1600250,HPG,2.951526451861706,3.0601964682808807,0.10867001641917451,0.06834548200853033,0.04032453441064418,False,False,False,False,False,False,,
2015-07-24,3.3,3.48,3.3,3.45,3303290,HPG,2.9884504183904688,3.120166242391514,0.13171582400104542,0.08101955040703335,0.050696273594012076,False,False,False,False,False,False,,
2015-07-27,3.49,3.58,3.49,3.55,2415310,HPG,3.0300466836948785,3.18629451279282,0.15624782909794144,0.09606520614521498,0.06018262295272646,True,False,True,False,False,False,,
2015-07-28,3.55,3.58,3.42,3.42,2009060,HPG,3.058932114532295,3.222249203132386,0.16331708860009098,0.10951558263619018,0.05380150596390079,False,False,False,False,False,False,,
2015-07-29,3.39,3.45,3.33,3.33,3073500,HPG,3.0790112171595325,3.238826248804327,0.15981503164479438,0.11957547243791103,0.04023955920688335,False,False,False,False,False,False,,
2015-07-30,3.32,3.4,3.31,3.35,1363300,HPG,3.0990844603329,3.2559299028344304,0.1568454425015302,0.12702946645063487,0.029815976050895338,False,False,False,False,False,False,,
2015-07-31,3.34,3.36,3.24,3.24,2290540,HPG,3.109522648456389,3.25347914855221,0.14395650009582095,0.1304148731796721,0.013541626916148852,False,False,False,False,False,False,,
2015-08-03,3.19,3.28,3.14,3.24,2856040,HPG,3.1191876374596195,3.2514054333903317,0.13221779593071226,0.13077545772988014,0.0014423382008321162,False,False,False,False,False,False,,
2015-08-04,3.24,3.32,3.22,3.25,996510,HPG,3.1288774420922403,3.2511892128687423,0.12231177077650202,0.12908272033920454,-0.006770949562702522,False,False,False,True,False,False,,
2015-08-05,3.29,3.37,3.28,3.35,1060620,HPG,3.1452568908261482,3.2663908724273973,0.12113398160124911,0.12749297259161346,-0.006358990990364355,False,False,False,False,False,False,,
2015-08-06,3.36,3.36,3.3,3.31,998530,HPG,3.1574600840982856,3.2730999689770286,0.115639884878743,0.12512235504903937,-0.009482470170296381,False,False,False,True,False,False,,
2015-08-07,3.33,3.42,3.31,3.4,2700970,HPG,3.175426003794709,3.29262305067287,0.11719704687816135,0.12353729341486377,-0.006340246536702426,False,False,False,False,False,False,,
2015-08-10,3.43,3.51,3.43,3.47,2228850,HPG,3.1972462998099154,3.3199118121078133,0.1226655122978979,0.12336293719147061,-0.000697424893572704,False,False,False,False,False,False,,
2015-08-11,3.49,3.49,3.42,3.44,1979760,HPG,3.2152280553795514,3.3383869179373806,0.12315886255782926,0.12332212226474235,-0.00016325970691308256,False,False,False,False,False,False,,
2015-08-12,3.42,3.42,3.3,3.32,2887340,HPG,3.222988940166251,3.3355581613316296,0.1125692211653786,0.1211715420448696,-0.008602320879491004,False,False,False,False,False,False,,
2015-08-13,3.3,3.32,3.2,3.26,2493440,HPG,3.2257305001539365,3.3239338288190714,0.09820332866513493,0.11657789936892267,-0.018374570703787743,False,False,False,False,False,False,,
2015-08-14,3.25,3.32,3.19,3.25,1829940,HPG,3.2275282408832746,3.3125593936161373,0.08503115273286266,0.11026855004171067,-0.02523739730884801,False,False,False,False,False,False,,
2015-08-17,3.27,3.27,3.16,3.16,1433820,HPG,3.222526148965995,3.289088717675193,0.06656256870919819,0.10152735377520819,-0.03496478506601,False,False,False,False,False,False,,
2015-08-18,3.16,3.21,3.13,3.2,1422730,HPG,3.220857545338884,3.2753827611097788,0.054525215770894864,0.09212692617434554,-0.03760171040345067,False,False,False,False,False,False,,
2015-08-19,3.18,3.19,3.11,3.17,1641650,HPG,3.217090319758226,3.259170028631351,0.04207970887312529,0.08211748271410149,-0.040037773840976204,False,False,False,False,False,False,,
2015-08-20,3.17,3.19,3.08,3.1,1210690,HPG,3.208416962739098,3.234682331918836,0.026265369179737874,0.07094706000722877,-0.04468169082749089,False,False,False,False,False,False,,
2015-08-21,3.04,3.04,2.93,3.01,2521210,HPG,3.1937194099436095,3.200115819315938,0.006396409372328549,0.05803692988024872,-0.05164052050792017,False,False,False,False,False,False,,
2015-08-24,2.95,2.95,2.8,2.8,4405860,HPG,3.164555009207046,3.1385595394211787,-0.025995469785867087,0.041230449947025564,-0.06722591973289266,False,True,False,True,False,False,,
2015-08-25,2.75,2.99,2.75,2.99,2794310,HPG,3.1516250085250426,3.115704225664074,-0.03592078286096845,0.025800203385426764,-0.061720986246395215,False,False,False,False,False,False,,
2015-08-26,3.03,3.17,3.03,3.14,1892880,HPG,3.150763896782447,3.11944203710037,-0.03132185968207679,0.014375790771926054,-0.04569765045400284,False,False,False,False,False,False,,
2015-08-27,3.14,3.18,3.1,3.12,2252900,HPG,3.148485089613377,3.119527877546467,-0.028957212066909932,0.005709190204158857,-0.03466640227106879,False,False,False,False,False,False,,
2015-08-28,3.12,3.19,3.11,3.15,2353430,HPG,3.1485973051975713,3.1242158963854725,-0.024381408812098826,-0.0003089295990926803,-0.024072479213006145,False,False,False,False,False,False,,
2015-08-31,3.14,3.14,3.09,3.1,1019870,HPG,3.144997504812566,3.1204903738646306,-0.02450713094793544,-0.0051485698688612325,-0.01935856107907421,False,False,False,False,False,False,,
2015-09-01,3.1,3.15,3.09,3.1,1450450,HPG,3.141664356307931,3.1173380086546874,-0.02432634765324382,-0.00898412542573775,-0.015342222227506069,False,False,False,False,False,False,,
2015-09-03,3.09,3.09,2.97,3.0,1419780,HPG,3.1311707002851215,3.099286007323197,-0.03188469296192453,-0.013564238932975106,-0.018320454028949426,False,False,False,False,False,False,,
2015-09-04,3.0,3.03,2.94,2.96,830070,HPG,3.11849138915289,3.0778573908119355,-0.04063399834095449,-0.018978190814570986,-0.021655807526383505,False,False,False,False,False,False,,
2015-09-07,2.93,2.97,2.9,2.91,895920,HPG,3.1030475825489723,3.0520331768408684,-0.051014405708103894,-0.025385433793277568,-0.025628971914826326,False,True,False,True,False,False,,
2015-09-08,2.92,3.01,2.91,3.01,815360,HPG,3.0961551690268263,3.0455665342499656,-0.05058863477686071,-0.0304260739899942,-0.02016256078686651,False,False,False,False,False,False,,
2015-09-09,3.05,3.07,3.02,3.06,1426770,HPG,3.0934770083581724,3.047787067442279,-0.04568994091589351,-0.033478847375174065,-0.012211093540719448,False,False,False,False,False,False,,
2015-09-10,3.02,3.06,2.99,3.03,697840,HPG,3.0887750077390486,3.0450505955280818,-0.04372441221096679,-0.03552796034233261,-0.008196451868634179,False,False,False,False,False,False,,
2015-09-11,3.02,3.03,2.96,2.96,880950,HPG,3.0792361182768966,3.0319658885237613,-0.04727022975313533,-0.03787641422449316,-0.009393815528642172,False,False,False,False,False,False,,
2015-09-14,2.96,2.98,2.9,2.92,594000,HPG,3.0674408502563857,3.0147403672124136,-0.052700483043972124,-0.040841227988388955,-0.011859255055583169,False,False,False,False,False,False,,
2015-09-15,2.91,2.93,2.9,2.91,480030,HPG,3.055778565052209,2.99862646456435,-0.057152100487859236,-0.04410340248828302,-0.013048697999576218,False,False,False,True,False,False,,
2015-09-16,2.92,2.96,2.91,2.96,356310,HPG,3.048683856529823,2.9926839315544496,-0.05599992497537354,-0.046482706985701124,-0.009517217989672415,False,False,False,False,False,False,,
2015-09-17,2.97,3.03,2.97,2.99,608370,HPG,3.0443369041942807,2.992271019007611,-0.05206588518666955,-0.04759934262589481,-0.004466542560774736,False,False,False,False,False,False,,
2015-09-18,3.04,3.08,3.03,3.07,1592720,HPG,3.0462378742539635,3.0042293237756708,-0.04200855047829277,-0.04648118419637441,0.0044726337180816395,False,False,False,False,False,False,,
2015-09-21,3.06,3.22,3.03,3.16,2153670,HPG,3.0546646983832995,3.0281940431947985,-0.026470655188501002,-0.04247907839479974,0.016008423206298736,False,False,False,False,False,False,,
2015-09-22,3.16,3.19,3.14,3.17,786300,HPG,3.0632080540586104,3.0500103442417523,-0.013197709816858083,-0.036622804679211404,0.02342509486235332,False,False,False,False,False,False,,
2015-09-23,3.14,3.17,3.12,3.15,1064130,HPG,3.069637087091306,3.0653933682045595,-0.0042437188867463504,-0.030146987520718396,0.025903268633972045,True,False,True,False,False,False,,
2015-09-24,3.16,3.16,3.12,3.13,1011600,HPG,3.0741084139734314,3.075332850019243,0.0012244360458115722,-0.023872702807412403,0.025097138853223976,False,False,False,False,False,False,,
2015-09-25,3.11,3.13,3.09,3.1,506830,HPG,3.076026309234659,3.0791277961701287,0.003101486935469744,-0.018477864858835975,0.02157935179430572,False,False,False,False,False,False,,
2015-09-28,3.09,3.11,3.01,3.01,1005260,HPG,3.071135471513573,3.0684927506054933,-0.00264272090807971,-0.015310836068684722,0.012668115160605013,False,False,False,False,False,False,,
2015-09-29,2.99,3.0,2.96,3.0,1006020,HPG,3.0658661773273828,3.0579554043584944,-0.007910772968888313,-0.013830823448725441,0.005920050479837128,False,False,False,False,False,False,,
2015-09-30,3.01,3.06,3.01,3.03,554080,HPG,3.0632094234512803,3.0536545729187257,-0.00955485053255467,-0.01297562886549129,0.0034207783329366186,False,False,False,False,False,False,,
2015-10-01,3.03,3.06,3.03,3.06,304040,HPG,3.062971688380815,3.054630792469691,-0.008340895911123969,-0.012048682274617827,0.0037077863634938577,False,False,False,False,False,False,,
2015-10-02,3.06,3.12,3.06,3.09,795710,HPG,3.0649737855377914,3.0600722090128154,-0.004901576524976026,-0.010619261124689467,0.005717684599713441,False,False,False,False,False,False,,
2015-10-05,3.08,3.13,3.07,3.13,1300420,HPG,3.069790542164622,3.0708303307031515,0.0010397885385295957,-0.008287451192045653,0.009327239730575249,False,False,False,False,False,False,,
2015-10-06,3.16,3.2,3.14,3.19,3208050,HPG,3.078694946448724,3.0891641259795897,0.010469179530865791,-0.004536125047463365,0.015005304578329156,False,False,True,False,False,False,,
2015-10-07,3.2,3.2,3.13,3.14,1510940,HPG,3.083236061526596,3.096985029675037,0.013748968148441065,-0.0008791064082824787,0.014628074556723544,False,False,False,False,False,False,,
2015-10-08,3.15,3.22,3.13,3.21,1920520,HPG,3.0926259828949965,3.11437194818657,0.021745965291573466,0.003645907931688711,0.018100057359884757,False,False,False,False,False,False,,
2015-10-09,3.23,3.27,3.2,3.23,1589230,HPG,3.1028018360138856,3.13216087923479,0.029359043220904546,0.008788534989531877,0.02057050823137267,False,False,False,False,False,False,,
2015-10-12,3.24,3.29,3.23,3.27,2015180,HPG,3.1151868851980424,3.153366897814053,0.03818001261601056,0.014666830514827615,0.023513182101182944,True,False,True,False,False,True,,2015-09-23
2015-10-13,3.25,3.26,3.23,3.23,903340,HPG,3.1236915603685578,3.16515660584266,0.04146504547410235,0.02002647350668256,0.021438571967419787,False,False,False,False,False,False,,
2015-10-14,3.23,3.25,3.22,3.22,1203260,HPG,3.130825518859776,3.1735940510976355,0.0427685322378597,0.02457488525291799,0.018193646984941712,False,False,False,False,False,False,,
2015-10-15,3.23,3.32,3.22,3.22,2543820,HPG,3.137431035981274,3.180733427851845,0.04330239187057128,0.02832038657644865,0.014982005294122629,False,False,False,False,False,False,,
2015-10-16,3.24,3.27,3.18,3.19,2343410,HPG,3.141325033315994,3.1821590543361764,0.0408340210201823,0.03082311346519538,0.010010907554986917,False,False,False,False,False,False,,
2015-10-19,3.21,3.21,3.17,3.19,1717090,HPG,3.144930586403698,3.183365353669072,0.03843476726537398,0.0323454442252311,0.006089323040142883,False,False,False,False,False,False,,
2015-10-20,3.19,3.19,3.12,3.13,1727880,HPG,3.1438246170404613,3.1751552992584458,0.03133068221798441,0.03214249182378176,-0.0008118096057973534,False,False,False,False,False,False,,
2015-10-21,3.13,3.17,3.1,3.11,1133870,HPG,3.1413190898522787,3.1651314070648384,0.02381231721255972,0.030476456901537354,-0.006664139688977635,False,False,False,False,False,False,,
2015-10-22,3.1,3.14,3.1,3.13,881840,HPG,3.14048063875211,3.1597265752087096,0.019245936456599555,0.0282303528125498,-0.008984416355950244,False,True,False,True,False,False,,
2015-10-23,3.19,3.19,3.15,3.17,1050300,HPG,3.1426672581038058,3.1613071020996775,0.018639843995871708,0.026312251049214183,-0.007672407053342475,False,False,False,False,False,False,,
2015-10-26,3.18,3.23,3.18,3.18,1371800,HPG,3.145432646392413,3.1641829325458812,0.0187502861534683,0.024799858070065007,-0.006049571916596708,False,False,False,False,False,False,,
2015-10-27,3.18,3.19,3.15,3.16,837210,HPG,3.1465117096226045,3.1635394044618996,0.017027694839295116,0.02324542542391103,-0.006217730584615916,False,False,False,False,False,False,,
2015-10-28,3.16,3.17,3.13,3.13,986700,HPG,3.1452886200209305,3.158379496083146,0.013090876062215706,0.021214515551571965,-0.008123639489356259,False,False,False,False,False,False,,
2015-10-29,3.14,3.17,3.13,3.14,1479150,HPG,3.1448968703897506,3.1555518813011236,0.010655010911372997,0.01910261462353217,-0.008447603712159173,False,False,False,True,False,False,,
2015-10-30,3.14,3.16,3.13,3.14,1046520,HPG,3.144534139249769,3.1531592841778737,0.008625144928104511,0.01700712068444664,-0.008381975756342128,False,False,False,False,False,False,,
2015-11-02,3.14,3.14,3.09,3.11,1201140,HPG,3.1419760548608977,3.146519394304355,0.004543339443457306,0.014514364436248773,-0.009971024992791467,False,False,False,True,False,False,,
2015-11-03,3.11,3.14,3.08,3.14,934900,HPG,3.141829680426757,3.1455164105652234,0.00368673013846621,0.012348837576692261,-0.008662107438226051,False,False,False,False,False,False,,
2015-11-04,3.15,3.15,3.08,3.1,1137210,HPG,3.1387311855803306,3.1385138858628814,-0.00021729971744921528,0.009835610117863967,-0.010052909835313182,False,False,False,False,False,False,,
2015-11-05,3.1,3.12,3.09,3.09,651500,HPG,3.1351214681299355,3.131050211114746,-0.004071257015189733,0.007054236691253227,-0.01112549370644296,False,False,False,False,False,False,,
2015-11-06,3.09,3.12,3.07,3.09,925860,HPG,3.1317791371573476,3.1247347940201693,-0.007044343137178277,0.004234520725566926,-0.011278863862745203,False,False,False,False,False,False,,
2015-11-09,3.07,3.1,3.06,3.06,555820,HPG,3.126462164034581,3.114775594940143,-0.011686569094437882,0.0010503027615659647,-0.012736871856003846,False,False,False,False,False,False,,
2015-11-10,3.06,3.07,3.03,3.04,674010,HPG,3.1200575592912787,3.1032716572570442,-0.016785902034234468,-0.002516938197594122,-0.014268963836640346,False,False,False,False,False,False,,
2015-11-11,3.04,3.05,3.02,3.02,730200,HPG,3.1126458882326653,3.090460633063653,-0.022185255169012486,-0.006450601591877795,-0.01573465357713469,False,False,False,False,False,False,,
2015-11-12,3.02,3.03,2.97,3.0,1406120,HPG,3.104301748363579,3.076543612592322,-0.027758135771257297,-0.010712108427753695,-0.017046027343503602,False,False,False,True,False,False,,
2015-11-13,3.0,3.01,2.98,3.0,1306930,HPG,3.09657569292924,3.0647676721935033,-0.03180802073573652,-0.014931290889350262,-0.01687672984638626,False,False,False,False,False,False,,
2015-11-16,3.01,3.01,2.95,2.95,1217400,HPG,3.0857182341937404,3.047111107240657,-0.03860712695308344,-0.019666458102096898,-0.01894066885098654,False,True,False,True,False,False,,
2015-11-17,2.95,3.04,2.95,3.01,2014180,HPG,3.0801094761053154,3.0414017061267096,-0.03870776997860581,-0.023474720477398684,-0.015233049501207126,False,False,False,False,False,False,,
2015-11-18,3.02,3.03,2.99,3.0,596730,HPG,3.074175440838255,3.035032212876447,-0.03914322796180825,-0.0266084219742806,-0.012534805987527646,False,False,False,False,False,False,,
2015-11-19,3.0,3.0,2.97,2.97,436500,HPG,3.066458741516903,3.025027257049301,-0.04143148446760181,-0.02957303447294484,-0.011858449994656968,False,False,False,False,False,False,,
2015-11-20,2.96,3.0,2.95,2.98,812890,HPG,3.0600543902934287,3.0180999867340237,-0.04195440355940505,-0.03204930829023688,-0.00990509526916817,False,False,False,False,False,False,,
2015-11-23,2.99,3.02,2.99,3.01,966110,HPG,3.056346657679101,3.016853834928789,-0.03949282275031196,-0.0335380111822519,-0.005954811568060062,False,False,False,False,False,False,,
2015-11-24,3.01,3.03,3.0,3.0,1097160,HPG,3.052172831184353,3.014260937247437,-0.03791189393691585,-0.034412787733184694,-0.0034991062037311588,False,False,False,False,False,False,,
2015-11-25,3.0,3.1,2.98,3.1,2194230,HPG,3.055715584429956,3.027451562286293,-0.02826402214366297,-0.03318303461528035,0.0049190124716173775,False,False,False,False,False,False,,
2015-11-26,3.13,3.19,3.11,3.16,2819750,HPG,3.0634403559536634,3.047843629626864,-0.015596726326799537,-0.029665772957584186,0.014069046630784648,False,False,False,False,False,False,,
2015-11-27,3.17,3.2,3.12,3.12,3387410,HPG,3.067629959216355,3.058944609684269,-0.008685349532085773,-0.025469688272484504,0.01678433874039873,True,False,True,False,False,False,,
2015-11-30,3.09,3.09,3.03,3.04,1147460,HPG,3.065583295570699,3.0560300543482275,-0.009553241222471698,-0.022286398862481942,0.012733157640010245,False,False,False,False,False,False,,
2015-12-01,3.05,3.06,3.02,3.02,1041490,HPG,3.062206755158055,3.050486969063885,-0.011719786094170015,-0.02017307630881956,0.008453290214649543,False,False,False,False,False,False,,
2015-12-02,3.02,3.06,3.02,3.05,1342220,HPG,3.061302551072273,3.050412050746364,-0.010890500325908992,-0.018316561112237447,0.007426060786328455,False,False,False,False,False,False,,
2015-12-03,3.05,3.08,3.04,3.05,658700,HPG,3.0604653250669194,3.0503486583238466,-0.010116666743072766,-0.01667658223840451,0.006559915495331744,False,False,False,False,False,False,,
2015-12-04,3.05,3.05,3.0,3.02,817290,HPG,3.057467893580481,3.0456796339663317,-0.011788259614149421,-0.015698917713553494,0.003910658099404073,False,False,False,False,False,False,,
2015-12-07,3.0,3.02,2.97,2.98,691540,HPG,3.0517295310930384,3.035575074894588,-0.01615445619845035,-0.015790025410532867,-0.00036443078791748365,False,False,False,True,False,False,,
2015-12-08,2.96,3.03,2.95,3.02,776960,HPG,3.0493791954565173,3.03317890952619,-0.016200285930327407,-0.015872077514491774,-0.00032820841583563326,False,False,False,False,False,False,,
2015-12-09,3.02,3.03,2.97,2.97,530540,HPG,3.043499255052331,3.0234590772913914,-0.02004017776093958,-0.016705697563781336,-0.0033344801971582454,False,False,False,False,False,False,,
2015-12-10,2.96,2.99,2.93,2.93,1068970,HPG,3.0350919028262324,3.0090807577081007,-0.02601114511813174,-0.018566787074651418,-0.007444358043480322,False,True,False,True,False,False,,
2015-12-11,2.94,2.98,2.93,2.97,849510,HPG,3.0302702803946597,3.003068333445316,-0.027201946949343636,-0.020293819049589865,-0.0069081278997537715,False,False,False,False,False,False,,
2015-12-14,3.09,3.09,3.05,3.05,1578990,HPG,3.0317317411061664,3.0102885898383445,-0.021443151267821925,-0.020523685493236278,-0.0009194657745856469,False,False,False,False,False,False,,
2015-12-15,3.04,3.07,3.04,3.05,1399890,HPG,3.0330849454686724,3.0163980375555224,-0.016686907913149973,-0.019756329977219017,0.003069422064069044,False,False,False,False,False,False,,
2015-12-16,3.06,3.06,3.04,3.04,754300,HPG,3.033597171730252,3.0200291087008266,-0.013568063029425481,-0.01851867658766031,0.004950613558234829,False,False,False,False,False,False,,
2015-12-17,3.04,3.05,3.02,3.03,644820,HPG,3.0333307145650483,3.0215630919776224,-0.011767622587425919,-0.017168465787613434,0.005400843200187515,False,False,False,False,False,False,,
2015-12-18,3.03,3.06,3.01,3.03,9525010,HPG,3.033083994967637,3.022861077827219,-0.010222917140418009,-0.01577935605817435,0.00555643891775634,True,False,True,False,False,False,,
2015-12-21,3.01,3.01,2.97,2.99,881460,HPG,3.0298925879329976,3.0178055273922624,-0.012087060540735273,-0.015040896954686534,0.0029538364139512618,False,False,False,False,False,False,,
2015-12-22,2.98,2.98,2.95,2.96,435510,HPG,3.02471535919722,3.008912369331914,-0.01580298986530604,-0.015193315536810435,-0.0006096743284956033,False,False,False,False,False,False,,
2015-12-23,2.97,2.97,2.93,2.94,664920,HPG,3.0184401474048332,2.9983104663577733,-0.020129681047059922,-0.016180588638860332,-0.00394909240819959,False,False,False,False,False,False,,
2015-12-24,2.94,2.97,2.94,2.94,230640,HPG,3.012629766115586,2.9893396253796545,-0.023290140735931608,-0.017602499058274587,-0.005687641677657021,False,False,False,False,False,False,,
2015-12-25,2.94,2.96,2.93,2.94,403760,HPG,3.0072497834403573,2.9817489137827846,-0.0255008696575727,-0.019182173178134213,-0.0063186964794384876,False,False,False,False,False,False,,
2015-12-28,2.94,2.95,2.88,2.88,1002190,HPG,2.9978238735558866,2.9660952347392793,-0.03172863881660737,-0.021691466305828844,-0.010037172510778524,False,False,False,False,False,False,,
2015-12-29,2.89,2.9,2.86,2.88,466130,HPG,2.9890961792184134,2.9528498140101593,-0.03624636520825408,-0.024602446086313894,-0.01164391912194019,False,True,False,True,False,False,,
2015-12-30,2.91,2.94,2.89,2.92,652720,HPG,2.983977943720753,2.947795996470135,-0.03618194725061796,-0.02691834631917471,-0.009263600931443253,False,False,False,False,False,False,,
2015-12-31,2.92,2.92,2.88,2.91,390410,HPG,2.9784980960377343,2.941981227782422,-0.03651686825531231,-0.028838050706402232,-0.007678817548910075,False,False,False,False,False,False,,
2016-01-04,2.9,2.92,2.87,2.87,404530,HPG,2.970461200034939,2.9309071927389727,-0.039554007295966365,-0.030981242024315063,-0.008572765271651302,False,False,False,False,False,False,,
2016-01-05,2.86,2.88,2.84,2.84,628760,HPG,2.9607974074397587,2.9169214707791307,-0.043875936660628057,-0.03356018095157766,-0.010315755709050398,False,False,False,True,False,False,,
2016-01-06,2.84,2.89,2.84,2.89,658730,HPG,2.9555531550368137,2.91277970604388,-0.04277344899293389,-0.035402834559848904,-0.007370614433084989,False,False,False,False,False,False,,
2016-01-07,2.85,2.86,2.8,2.81,1030130,HPG,2.9447714398489016,2.8969674435755906,-0.047803996273311,-0.037883066902541326,-0.009920929370769674,False,False,False,False,False,False,,
2016-01-08,2.76,2.8,2.74,2.76,864290,HPG,2.9310846665267607,2.875895529179346,-0.05518913734741471,-0.041344280991516005,-0.013844856355898702,False,False,False,False,False,False,,
2016-01-11,2.78,2.78,2.75,2.76,488320,HPG,2.9184117282655193,2.858065447767139,-0.06034628049838053,-0.045144680892888915,-0.015201599605491618,False,False,False,True,False,False,,
2016-01-12,2.75,2.8,2.75,2.79,343540,HPG,2.908899748393999,2.847593840418348,-0.06130590797565105,-0.04837692630944135,-0.012928981666209705,False,False,False,False,False,False,,
2016-01-13,2.8,2.8,2.74,2.74,685150,HPG,2.8963886559203695,2.8310409418924483,-0.06534771402792128,-0.051771083853137334,-0.013576630174783944,False,False,False,False,False,False,,
2016-01-14,2.73,2.73,2.63,2.64,1479820,HPG,2.877396903629972,2.801650027755149,-0.07574687587482298,-0.05656624225747447,-0.019180633617348515,False,False,False,False,False,False,,
2016-01-15,2.64,2.65,2.52,2.54,2199370,HPG,2.8524045403981217,2.76139617733128,-0.0910083630668419,-0.06345466641934797,-0.027553696647493936,False,False,False,False,False,False,,
2016-01-18,2.4,2.48,2.38,2.47,2898070,HPG,2.824078278146409,2.7165659962033906,-0.10751228194301854,-0.07226618952408209,-0.03524609241893645,False,True,False,True,False,False,,
2016-01-19,2.48,2.54,2.47,2.51,2466700,HPG,2.800813220505934,2.6847866121721,-0.11602660833383416,-0.0810182732860325,-0.03500833504780165,False,False,False,False,False,False,,
2016-01-20,2.5,2.54,2.46,2.51,1989300,HPG,2.7792715004684574,2.657896364145623,-0.12137513632283436,-0.08908964589339288,-0.03228549042944148,False,False,False,False,False,False,,
2016-01-21,2.47,2.54,2.47,2.54,2017340,HPG,2.761547685618942,2.6397584619693735,-0.12178922364956835,-0.09562956144462799,-0.026159662204940357,False,False,False,False,False,False,,
2016-01-22,2.55,2.58,2.52,2.55,2755250,HPG,2.745877486684205,2.625949467820239,-0.1199280188639662,-0.10048925292849564,-0.01943876593547056,False,False,False,False,False,False,,
2016-01-25,2.59,2.72,2.59,2.71,1238860,HPG,2.7432198950779676,2.6388803189248176,-0.10433957615315004,-0.10125931757342652,-0.0030802585797235216,False,False,False,False,False,False,,
2016-01-26,2.64,2.7,2.62,2.63,1299900,HPG,2.734833236183303,2.6375141160133073,-0.09731912016999589,-0.1004712780927404,0.0031521579227445085,False,False,False,False,False,False,,
2016-01-27,2.66,2.69,2.65,2.67,1218350,HPG,2.730030774243799,2.6425119443189526,-0.08751882992484639,-0.0978807884591616,0.010361958534315208,False,False,False,False,False,False,,
2016-01-28,2.68,2.71,2.64,2.64,778140,HPG,2.7233618280035174,2.6421254913468064,-0.08123633665671104,-0.0945518980986715,0.013315561441960458,False,False,False,False,False,False,,
2016-01-29,2.66,2.74,2.64,2.74,860030,HPG,2.724594285188442,2.657183108062682,-0.06741117712575972,-0.08912375390408915,0.021712576778329426,False,False,True,False,False,False,,
2016-02-01,2.74,2.79,2.66,2.66,855840,HPG,2.719809523322631,2.6576164760530387,-0.062193047269592405,-0.08373761257718981,0.021544565307597408,False,False,False,False,False,False,,
2016-02-02,2.64,2.68,2.63,2.67,289590,HPG,2.7161199290024363,2.6595216335833403,-0.056598295419096,-0.07830974914557105,0.021711453726475052,False,False,True,False,False,False,,
2016-02-03,2.63,2.68,2.62,2.67,1232420,HPG,2.7127036379652187,2.6611336899551343,-0.05156994801008441,-0.07296178891847374,0.02139184090838933,False,False,False,False,False,False,,
2016-02-04,2.68,2.7,2.68,2.69,177320,HPG,2.711021887004832,2.665574660731268,-0.04544722627356412,-0.06745887638949181,0.02201165011592769,True,False,True,False,False,False,,
2016-02-05,2.69,2.71,2.67,2.69,155980,HPG,2.7094647101896596,2.6693324052341496,-0.04013230495551001,-0.06199356210269546,0.021861257147185446,False,False,False,False,False,False,,
2016-02-15,2.69,2.69,2.59,2.63,1033620,HPG,2.703578435360796,2.6632812659673575,-0.04029716939343864,-0.057654283560844094,0.017357114167405457,False,False,False,False,False,False,,
2016-02-16,2.63,2.67,2.63,2.66,489920,HPG,2.700350403111848,2.662776455818533,-0.03757394729331498,-0.053638216307338275,0.016064269014023295,False,False,False,False,False,False,,
2016-02-17,2.64,2.67,2.64,2.66,605330,HPG,2.697361484362822,2.662349308769528,-0.03501217559329417,-0.049913008164529454,0.014900832571235284,False,False,False,False,False,False,,
2016-02-18,2.67,2.7,2.67,2.67,502930,HPG,2.6953347077433536,2.663526338189601,-0.03180836955375277,-0.04629208044237412,0.014483710888621354,False,False,False,False,False,False,,
2016-02-19,2.67,2.7,2.67,2.69,704540,HPG,2.694939544206809,2.6675992092373546,-0.02734033496945454,-0.04250173134779021,0.015161396378335669,False,False,False,False,False,False,,
2016-02-22,2.68,2.76,2.68,2.71,1091060,HPG,2.6960551335248235,2.674122407816223,-0.021932725708600387,-0.038387930219952245,0.016455204511351858,False,False,False,False,False,False,,
2016-02-23,2.78,2.78,2.71,2.71,807300,HPG,2.697088086597059,2.679642037382958,-0.017446049214100867,-0.03419955401878197,0.016753504804681102,False,False,True,False,False,True,,2016-02-04
2016-02-24,2.71,2.72,2.67,2.71,669660,HPG,2.6980445246269062,2.684312493170195,-0.013732031456711091,-0.030106049506367794,0.016374018049656703,False,False,False,False,False,False,,
2016-02-25,2.72,2.78,2.71,2.72,941770,HPG,2.6996708561360245,2.689802878836319,-0.009867977299705455,-0.026058435065035326,0.01619045776532987,False,False,False,False,False,False,,
2016-02-26,2.73,2.83,2.72,2.83,1862030,HPG,2.709324866792615,2.7113716667076546,0.002046799915039532,-0.020437388069020356,0.02248418798405989,True,False,True,False,False,False,,
2016-02-29,2.87,2.87,2.78,2.78,941320,HPG,2.714560061845014,2.7219298718295537,0.0073698099845396214,-0.014875948458308363,0.022245758442847985,False,False,False,False,False,False,,
2016-03-01,2.78,2.78,2.72,2.73,964040,HPG,2.715703760967606,2.7231714300096224,0.007467669042016567,-0.010407224958243378,0.017874894000259947,False,False,False,False,False,False,,
2016-03-02,2.74,2.75,2.67,2.71,1616220,HPG,2.715281260155191,2.7211450561619883,0.005863796006797539,-0.007153020765235196,0.013016816772032735,False,False,False,False,False,False,,
2016-03-03,2.73,2.74,2.69,2.69,737360,HPG,2.7134085742177696,2.716353509060144,0.002944934842374458,-0.005133429643713265,0.008078364486087723,False,False,False,False,False,False,,
2016-03-04,2.7,2.76,2.68,2.74,758830,HPG,2.7153783094608976,2.7199914307431987,0.004613121282301069,-0.003184119458510399,0.007797240740811468,False,False,False,False,False,False,,
2016-03-07,2.75,2.8,2.74,2.77,2201530,HPG,2.719424360611942,2.7276850567827067,0.008260696170764525,-0.0008951563326554141,0.00915585250341994,False,False,False,False,False,False,,
2016-03-08,2.81,2.92,2.81,2.88,6767430,HPG,2.731318852418465,2.7511181249699823,0.019799272551517255,0.0032437294441791196,0.016555543107338137,False,False,False,False,False,False,,
2016-03-09,2.89,2.94,2.84,2.84,2672170,HPG,2.7393693077948753,2.764792259589985,0.025422951795109672,0.0076795739143652305,0.01774337788074444,False,False,False,False,False,False,,
2016-03-10,2.85,2.86,2.83,2.85,1245540,HPG,2.747564173884144,2.7779011427299873,0.03033696884584325,0.012211052900660834,0.018125915945182414,False,False,False,False,False,False,,
2016-03-11,2.86,2.9,2.84,2.87,2144310,HPG,2.7566334943371706,2.792070197694605,0.03543670335743432,0.01685618299201553,0.01858052036541879,False,False,False,False,False,False,,
2016-03-14,2.89,3.01,2.89,2.99,3870560,HPG,2.773919902164047,2.8225209365108195,0.048601034346772654,0.023205153262966956,0.025395881083805697,False,False,False,False,False,False,,
2016-03-15,3.01,3.04,2.96,2.99,2696450,HPG,2.7899258353370806,2.8482869462783857,0.05836111094130514,0.030236344798634594,0.028124766142670544,True,False,True,False,False,False,,
2016-03-16,3.01,3.01,2.97,2.98,1634300,HPG,2.8040054030898895,2.868550493004788,0.06454508991489849,0.037098093821887376,0.027446996093011114,False,False,False,False,False,False,,
2016-03-17,3.01,3.03,2.98,2.99,2100490,HPG,2.8177827806387867,2.8872350325425127,0.06945225190372595,0.04356892543825509,0.025883326465470854,False,False,False,False,False,False,,
2016-03-18,3.0,3.0,2.96,2.96,2584200,HPG,2.828317389480358,2.8984296429205876,0.07011225344022964,0.048877591038650005,0.02123466240157964,False,False,False,False,False,False,,
2016-03-21,2.98,3.02,2.97,2.97,1512420,HPG,2.8388123976669983,2.909440467086651,0.07062806941965283,0.05322768671485058,0.01740038270480225,False,False,False,False,False,False,,
2016-03-22,2.98,2.98,2.94,2.94,1602960,HPG,2.846307775617591,2.914141933688705,0.06783415807111393,0.05614898098610325,0.011685177085010677,False,False,False,False,False,False,,
2016-03-23,2.92,2.96,2.9,2.92,1576220,HPG,2.8517664589051765,2.915043174659673,0.06327671575449667,0.05757452793978193,0.005702187814714738,False,False,False,False,False,False,,
2016-03-24,2.91,2.95,2.87,2.87,1758820,HPG,2.8531170915788673,2.908113455481262,0.05499636390239493,0.057058895132304534,-0.0020625312299096046,False,False,False,False,False,False,,
2016-03-25,2.87,2.91,2.86,2.89,1704310,HPG,2.855849158869322,2.9053267700226066,0.04947761115328486,0.0555426383365006,-0.006065027183215735,False,False,False,True,False,False,,
2016-03-28,2.9,2.98,2.9,2.98,1174990,HPG,2.8650455174715943,2.9168149592498978,0.05176944177830345,0.05478799902486117,-0.0030185572465577237,False,False,False,False,False,False,,
2016-03-29,2.99,3.03,2.97,2.97,2044410,HPG,2.8728199235848098,2.924997273211452,0.05217734962664222,0.05426586914521739,-0.002088519518575166,False,False,False,False,False,False,,
2016-03-30,2.96,2.98,2.94,2.94,1579390,HPG,2.8777962255414904,2.9273053850250745,0.04950915948358414,0.05331452721289075,-0.003805367729306605,False,False,False,False,False,False,,
2016-03-31,2.94,3.01,2.93,2.94,2460570,HPG,2.882403912538417,2.9292584027135247,0.04685449017510779,0.05202251980533416,-0.005168029630226369,False,False,False,False,False,False,,
2016-04-01,2.94,2.95,2.87,2.89,1523320,HPG,2.8829665856837194,2.9232186484499056,0.0402520627661862,0.04966842839750457,-0.009416365631318369,False,False,False,False,False,False,,
2016-04-04,2.89,2.94,2.88,2.91,986480,HPG,2.8849690608182588,2.9211850102268433,0.036215949408584525,0.046977932599720565,-0.01076198319113604,False,False,False,False,False,False,,
2016-04-05,2.91,2.93,2.9,2.92,536800,HPG,2.8875639452020914,2.921002700961175,0.033438755759083616,0.044270097231593177,-0.01083134147250956,False,True,False,True,False,False,,
2016-04-06,2.92,3.01,2.92,3.01,1954970,HPG,2.896633282594529,2.934694593120994,0.03806131052646489,0.04302833989056752,-0.004967029364102635,False,False,False,False,False,False,,
2016-04-07,3.03,3.06,3.0,3.0,2701300,HPG,2.904290076476416,2.9447415787946873,0.04045150231827144,0.04251297237610831,-0.00206147005783687,False,False,False,False,False,False,,
2016-04-08,3.0,3.1,2.99,3.07,7079970,HPG,2.916564885626311,2.9640121051339663,0.04744721950765518,0.04349982180241768,0.003947397705237499,False,False,False,False,False,False,,
2016-04-11,3.1,3.16,3.1,3.14,5057970,HPG,2.933115634839177,2.9910871658825866,0.05797153104340946,0.046394163650616035,0.011577367392793428,False,False,False,False,False,False,,
2016-04-12,3.14,3.17,3.13,3.16,2850420,HPG,2.949921884110349,3.017073755746804,0.06715187163645497,0.050545705247783825,0.01660616638867115,True,False,True,False,False,False,,
2016-04-13,3.16,3.16,3.08,3.1,3106110,HPG,2.9610387815836567,3.029831639478065,0.06879285789440814,0.05419513577710869,0.014597722117299455,False,False,False,False,False,False,,
2016-04-14,3.1,3.17,3.1,3.13,2142460,HPG,2.973554427392275,3.04524215648144,0.07168772908916488,0.05769365443951993,0.013994074649644944,False,False,False,False,False,False,,
2016-04-15,3.15,3.18,3.12,3.12,2734540,HPG,2.98440224758544,3.056743363176603,0.07234111559116307,0.06062314666984856,0.011717968921314513,False,False,False,False,False,False,,
2016-04-19,3.13,3.13,3.08,3.08,3047720,HPG,2.991483562579111,3.06032130730328,0.06883774472416881,0.062266066280712615,0.0065716784434562,False,False,False,False,False,False,,
2016-04-20,3.11,3.14,3.07,3.11,2813360,HPG,3.0002625579436213,3.0679641831027755,0.06770162515915423,0.06335317805640094,0.004348447102753297,False,False,False,False,False,False,,
2016-04-21,3.13,3.19,3.13,3.14,3670790,HPG,3.0106134795774273,3.079046616471579,0.06843313689415176,0.0643691698239511,0.0040639670702006525,False,False,False,False,False,False,,
2016-04-22,3.15,3.27,3.14,3.26,4327260,HPG,3.0290865551642847,3.106885598552875,0.07779904338859023,0.06705514453687893,0.0107438988517113,False,False,False,False,False,False,,
2016-04-25,3.29,3.34,3.28,3.29,3046090,HPG,3.0484134770039675,3.135057044929356,0.08664356792538852,0.07097282921458084,0.01567073871080768,False,False,False,False,False,False,,
2016-04-26,3.27,3.33,3.24,3.29,3019430,HPG,3.0663087750036735,3.1588944226325317,0.09258564762885824,0.07529539289743632,0.017290254731421914,False,False,True,False,False,False,,
2016-04-27,3.29,3.29,3.23,3.26,2321780,HPG,3.0806562731515497,3.1744491268429114,0.0937928536913617,0.0789948850562214,0.014797968635140296,False,False,False,False,False,False,,
2016-04-28,3.25,3.27,3.21,3.24,1669040,HPG,3.092459512177361,3.184533876559387,0.0920743643820261,0.08161078092138235,0.010463583460643744,False,False,False,False,False,False,,
2016-04-29,3.23,3.34,3.23,3.34,3455190,HPG,3.1107958446086674,3.2084517417040965,0.0976558970954291,0.0848198041561917,0.012836092939237403,False,False,False,False,False,False,,
2016-05-04,3.38,3.53,3.37,3.49,6404100,HPG,3.1388850413043214,3.251766858365005,0.11288181706068334,0.09043220673709003,0.022449610323593314,False,False,False,False,False,False,,
2016-05-05,3.5,3.67,3.44,3.49,7908200,HPG,3.1648935567632606,3.2884181109242347,0.12352455416097419,0.09705067622186686,0.026473877939107326,True,False,True,False,False,False,,
2016-05-06,3.45,3.48,3.38,3.39,4098640,HPG,3.1815681081141305,3.304046093858968,0.1224779857448377,0.10213613812646104,0.020341847618376666,False,False,False,False,False,False,,
2016-05-09,3.43,3.46,3.38,3.38,3455700,HPG,3.196266766772343,3.3157313101883577,0.11946454341601465,0.10560181918437177,0.013862724231642878,False,False,False,False,False,False,,
2016-05-10,3.34,3.39,3.32,3.34,4939730,HPG,3.2069136729373544,3.319464954774764,0.1125512818374097,0.10699171171497936,0.005559570122430343,False,False,False,False,False,False,,
2016-05-11,3.39,3.44,3.38,3.44,2497620,HPG,3.2241793267938466,3.338008807886339,0.11382948109249247,0.10835926559048198,0.005470215502010489,False,False,False,False,False,False,,
2016-05-12,3.45,3.46,3.39,3.39,1742800,HPG,3.236462339623932,3.3460074528269024,0.10954511320297033,0.10859643511297966,0.000948678089990676,False,False,False,False,False,False,,
2016-05-13,3.37,3.38,3.3,3.32,3860220,HPG,3.2426503144666037,3.342006306238148,0.09935599177154453,0.10674834644469264,-0.0073923546731481105,False,False,False,False,False,False,,
2016-05-16,3.31,3.32,3.28,3.31,2259110,HPG,3.24763918006167,3.3370822591245872,0.08944307906291726,0.10328729296833757,-0.013844213905420302,False,False,False,False,False,False,,
2016-05-17,3.32,3.37,3.32,3.35,1339920,HPG,3.2552214630200647,3.3390696038746506,0.08384814085458592,0.09939946254558724,-0.015551321691001319,False,False,False,False,False,False,,
2016-05-18,3.36,3.36,3.3,3.3,1773380,HPG,3.2585383916852453,3.333058895586243,0.07452050390099751,0.0944236708166693,-0.01990316691567179,False,False,False,False,False,False,,
2016-05-19,3.3,3.35,3.29,3.31,1726020,HPG,3.2623503626715236,3.3295113731883594,0.06716101051683587,0.08897113875670262,-0.02181012823986675,False,False,False,False,False,False,,
2016-05-20,3.31,3.32,3.29,3.31,1426750,HPG,3.265879965436596,3.3265096234670737,0.06062965803047771,0.08330284261145764,-0.02267318458097993,False,True,False,True,False,False,,
2016-05-23,3.31,3.38,3.3,3.36,1149830,HPG,3.2728518198486998,3.331661989087524,0.058810169238824095,0.07840430793693093,-0.019594138698106833,False,False,False,False,False,False,,
2016-05-24,3.35,3.4,3.34,3.36,1526440,HPG,3.2793072406006476,3.3360216830740588,0.056714442473411175,0.07406633484422698,-0.017351892370815802,False,False,False,False,False,False,,
2016-05-25,3.37,3.41,3.35,3.36,1842560,HPG,3.2852844820376363,3.339710654908819,0.054426172871182565,0.0701383024496181,-0.01571212957843554,False,False,False,False,False,False,,
2016-05-26,3.35,3.37,3.31,3.31,1851110,HPG,3.2871152611459595,3.335139784922847,0.048024523776887484,0.06571554671507199,-0.017691022938184503,False,False,False,False,False,False,,
2016-05-27,3.3,3.34,3.29,3.32,1594940,HPG,3.2895511677277405,3.3328105872424088,0.043259419514668274,0.06122432127499125,-0.017964901760322977,False,False,False,True,False,False,,
2016-05-30,3.33,3.39,3.33,3.37,3173180,HPG,3.2955103404886485,3.338532035358961,0.04302169487031238,0.057583795994055484,-0.014562101123743107,False,False,False,False,False,False,,
2016-05-31,3.39,3.41,3.36,3.37,3495250,HPG,3.3010280930450446,3.3433732606883515,0.04234516764330687,0.05453607032390576,-0.012190902680598893,False,False,False,False,False,False,,
2016-06-01,3.37,3.48,3.35,3.43,5684250,HPG,3.3105815676343004,3.356700451351682,0.046118883717381376,0.05285263300260089,-0.006733749285219512,False,False,False,False,False,False,,
2016-06-02,3.43,3.52,3.41,3.51,5218950,HPG,3.325353303365093,3.380284997297577,0.054931693932484205,0.053268445188577554,0.0016632487439066507,False,False,False,False,False,False,,
2016-06-03,3.55,3.58,3.52,3.55,6462490,HPG,3.341993799412123,3.4063949977133348,0.0644011983012116,0.05549499581110437,0.008906202490107235,False,False,False,False,False,False,,
2016-06-06,3.57,3.66,3.52,3.53,7411920,HPG,3.355920184640855,3.425411151911283,0.06949096727042825,0.05829419010296914,0.011196777167459107,False,False,False,False,False,False,,
2016-06-07,3.54,3.62,3.54,3.62,3047640,HPG,3.375481652445236,3.4553478977710856,0.07986624532584985,0.0626086011475453,0.017257644178304554,False,False,False,False,False,False,,
2016-06-08,3.66,3.73,3.64,3.68,3724890,HPG,3.398038567078922,3.4899097596524573,0.09187119257353515,0.06846111943274327,0.02341007314079188,False,False,False,False,False,False,,
2016-06-09,3.71,3.71,3.64,3.66,2965630,HPG,3.4174431176656688,3.5160774889366944,0.09863437127102559,0.07449576980039974,0.024138601470625853,False,False,False,False,False,False,,
2016-06-10,3.67,3.74,3.66,3.69,2439340,HPG,3.437632516357101,3.542834798331049,0.10520228197394799,0.0806370722351094,0.024565209738838592,False,False,True,False,False,False,,
2016-06-13,3.68,3.68,3.62,3.64,2928110,HPG,3.452622700330649,3.557783290895503,0.10516059056485405,0.08554177590105834,0.01961881466379571,False,False,False,False,False,False,,
2016-06-14,3.63,3.78,3.61,3.78,3443200,HPG,3.4768728706765266,3.5919704769115794,0.11509760623505283,0.09145294196785723,0.023644664267195595,False,False,False,False,False,False,,
2016-06-15,3.78,3.86,3.75,3.79,2129160,HPG,3.5000674728486354,3.622436557386721,0.12236908453808581,0.09763617048190296,0.02473291405618286,True,False,True,False,False,False,,
2016-06-16,3.79,3.86,3.79,3.8,2814140,HPG,3.5222846970820694,3.6497540100964567,0.12746931301438735,0.10360279898839984,0.02386651402598751,False,False,False,False,False,False,,
2016-06-17,3.78,3.82,3.73,3.73,5659440,HPG,3.537671015816731,3.6620995470046944,0.12442853118796338,0.10776794542831256,0.01666058575965082,False,False,False,False,False,False,,
2016-06-20,3.79,3.83,3.76,3.83,1648120,HPG,3.5593250146451214,3.687930385927049,0.12860537128192773,0.1119354305990356,0.016669940682892126,False,False,False,False,False,False,,
2016-06-21,3.87,3.96,3.87,3.91,3610830,HPG,3.585300939486223,3.7220949419382725,0.1367940024520493,0.11690714496963836,0.019886857482410952,False,False,False,False,False,False,,
2016-06-22,3.91,3.98,3.89,3.95,2285990,HPG,3.612315684709466,3.757157258563154,0.14484157385368768,0.12249403074644823,0.02234754310723945,False,False,False,False,False,False,,
2016-06-23,3.94,4.02,3.94,4.0,4020040,HPG,3.641033041397654,3.794517680322669,0.15348463892501485,0.12869215238216156,0.024792486542853293,True,False,True,False,False,False,,
2016-06-24,3.98,3.99,3.72,3.87,12178690,HPG,3.6579935568496795,3.806130344888412,0.14813678803873254,0.13258107951347575,0.015555708525256784,False,False,False,False,False,False,,
2016-06-27,3.82,3.89,3.76,3.89,3206680,HPG,3.675179219305259,3.8190333687517333,0.14385414944647446,0.1348356935000755,0.009018455946398968,False,False,False,False,False,False,,
2016-06-28,3.85,3.92,3.84,3.86,1830580,HPG,3.6888696475048692,3.8253359274053125,0.13646627990044324,0.13516181078014905,0.0013044691202941938,False,False,False,False,False,False,,
2016-06-29,3.87,3.96,3.86,3.92,4457030,HPG,3.7059904143563602,3.839899630881418,0.13390921652505794,0.13491129192913084,-0.0010020754040729052,False,False,False,False,False,False,,
2016-06-30,3.97,4.02,3.94,3.95,3438530,HPG,3.7240651984781117,3.856838149207354,0.1327729507292421,0.13448362368915312,-0.0017106729599110082,False,False,False,False,False,False,,
2016-07-01,3.97,4.03,3.96,3.97,5658560,HPG,3.7422825911834368,3.8742476647139146,0.13196507353047782,0.13397991365741807,-0.002014840126940254,False,False,False,False,False,False,,
2016-07-04,3.99,4.01,3.96,3.98,4158970,HPG,3.759891288132812,3.8905172547579276,0.13062596662511572,0.13330912425095762,-0.0026831576258418977,False,True,False,True,False,False,,
2016-07-05,4.02,4.07,4.0,4.01,4927570,HPG,3.778417859382233,3.9088992155644,0.13048135618216694,0.1327435706371995,-0.002262214455032552,False,False,False,False,False,False,,
2016-07-06,4.0,4.09,3.97,4.09,4957280,HPG,3.8014980179465123,3.9367608747083382,0.13526285676182592,0.1332474278621248,0.0020154288997011327,False,False,False,False,False,False,,
2016-07-07,4.18,4.29,4.14,4.27,3680720,HPG,3.8362018684689927,3.9880284324455166,0.15182656397652394,0.13696325508500462,0.014863308891519322,False,False,False,False,False,False,,
2016-07-08,4.29,4.31,4.18,4.26,5754320,HPG,3.867594322656475,4.029870212069283,0.16227588941280802,0.1420257819505653,0.020250107462242706,True,False,True,False,False,False,,
2016-07-11,4.26,4.28,4.04,4.04,5163140,HPG,3.88036511357081,4.031428640981701,0.15106352741089069,0.1438333310426304,0.007230196368260278,False,False,False,False,False,False,,
2016-07-12,4.07,4.13,4.01,4.1,5547040,HPG,3.896634364417417,4.04197808083067,0.14534371641325272,0.14413540811675488,0.0012083082964978453,False,False,False,False,False,False,,
2016-07-13,4.14,4.19,4.14,4.15,3746150,HPG,3.915402189275386,4.058596837625951,0.1431946483505655,0.143947256163517,-0.0007526078129515001,False,False,False,False,False,False,,
2016-07-14,4.16,4.17,4.01,4.01,5141750,HPG,3.922409434514246,4.051120401068113,0.12871096655386705,0.14089999824158703,-0.012189031687719981,False,False,False,False,False,False,,
2016-07-15,4.0,4.06,3.92,4.05,3726150,HPG,3.9318605875131905,4.050948031673019,0.11908744415982842,0.1365374874252353,-0.01745004326540689,False,False,False,True,False,False,,
2016-07-18,4.05,4.27,4.04,4.22,5985260,HPG,3.953204247697398,4.0769560268002465,0.1237517791028484,0.13398034576075793,-0.010228566657909527,False,False,False,False,False,False,,
2016-07-19,4.29,4.29,4.09,4.19,4442630,HPG,3.970744673793887,4.094347407292516,0.12360273349862894,0.13190482330833214,-0.008302089809703206,False,False,False,False,False,False,,
2016-07-20,4.18,4.21,4.1,4.1,2728420,HPG,3.9803191424017474,4.095217036939822,0.11489789453807431,0.1285034375542806,-0.013605543016206284,False,False,False,False,False,False,,
2016-07-21,4.11,4.17,4.09,4.11,2884960,HPG,3.98992513185347,4.09749133894908,0.10756620709561027,0.12431599146254654,-0.016749784366936277,False,False,False,False,False,False,,
2016-07-22,4.09,4.09,3.89,4.01,5190610,HPG,3.991412159123583,4.084031132956914,0.09261897383333118,0.11797658793670349,-0.02535761410337231,False,False,False,False,False,False,,
2016-07-25,4.05,4.12,4.0,4.08,3766690,HPG,3.9979742214107254,4.0834109586558505,0.08543673724512502,0.11146861779838779,-0.026031880553262776,False,True,False,True,False,False,,
2016-07-26,4.08,4.22,4.06,4.22,4989480,HPG,4.014420575380301,4.104424657324182,0.09000408194388054,0.10717571062748635,-0.017171628683605805,False,False,False,False,False,False,,
2016-07-27,4.29,4.33,4.23,4.31,7309600,HPG,4.0363153475743525,4.136051633120461,0.09973628554610858,0.10568782561121079,-0.005951540065102207,False,False,False,False,False,False,,
2016-07-28,4.32,4.47,4.32,4.45,5902350,HPG,4.066958655161438,4.184351381871159,0.11739272670972145,0.10802880583091293,0.009363920878808524,False,False,False,False,False,False,,
2016-07-29,4.46,4.47,4.39,4.44,6189170,HPG,4.0945913473717015,4.223681938506365,0.1290905911346636,0.11224116289166307,0.016849428243000522,False,False,False,False,False,False,,
2016-08-01,4.45,4.45,4.34,4.4,4652710,HPG,4.117214210529353,4.25080779412077,0.13359358359141726,0.11651164703161392,0.01708193655980335,True,False,True,False,False,False,,
2016-08-02,4.35,4.37,4.26,4.26,6370060,HPG,4.127790935675327,4.252221979640652,0.12443104396532512,0.11809552641835616,0.006335517546968955,False,False,False,False,False,False,,
2016-08-03,4.24,4.31,4.23,4.31,3050500,HPG,4.1412879034030805,4.261110905849782,0.11982300244670174,0.11844102162402528,0.0013819808226764596,False,False,False,False,False,False,,
2016-08-04,4.35,4.36,4.25,4.25,3081510,HPG,4.149340651299148,4.2594015357190464,0.11006088441989803,0.11676499418319984,-0.00670410976330181,False,False,False,False,False,False,,
2016-08-05,4.24,4.3,4.21,4.3,4794470,HPG,4.160500603054767,4.265647453300732,0.10514685024596471,0.11444136539575282,-0.009294515149788116,False,False,False,False,False,False,,
2016-08-08,4.31,4.34,4.26,4.27,1978940,HPG,4.168611669495155,4.26631707586985,0.09770540637469516,0.11109417359154129,-0.013388767216846134,False,True,False,True,False,False,,
2016-08-09,4.26,4.32,4.26,4.32,2351520,HPG,4.179825619902921,4.274575987274488,0.09475036737156728,0.1078254123475465,-0.013075044975979222,False,False,False,False,False,False,,
2016-08-10,4.34,4.59,4.34,4.52,5703740,HPG,4.205023722132334,4.312333527693798,0.10730980556146363,0.10772229099032994,-0.0004124854288663077,False,False,False,False,False,False,,
2016-08-11,4.52,4.61,4.52,4.59,3931110,HPG,4.233540483455865,4.355051446510137,0.12151096305427167,0.1104800254031183,0.011030937651153372,False,False,False,False,False,False,,
2016-08-12,4.68,4.7,4.56,4.57,4563390,HPG,4.258463410607283,4.388120454739346,0.12965704413206325,0.1143154291489073,0.015341614983155949,False,False,False,False,False,False,,
2016-08-15,4.57,4.62,4.55,4.62,4573000,HPG,4.285243898710448,4.423794230933293,0.13855033222284519,0.11916240976369488,0.019387922459150303,False,False,False,False,False,False,,
2016-08-16,4.65,4.74,4.64,4.68,3597400,HPG,4.314485091398563,4.463210503097402,0.14872541169883924,0.12507501015072375,0.023650401548115485,False,False,False,False,False,False,,
2016-08-17,4.69,4.88,4.69,4.84,4700970,HPG,4.353412121665336,4.521178118005494,0.1677659963401581,0.13361320738861063,0.03415278895154747,False,False,False,False,False,False,,
2016-08-18,4.89,4.95,4.84,4.86,4116040,HPG,4.390937149690126,4.573304561389264,0.18236741169913806,0.14336404825071614,0.039003363448421924,True,False,True,False,False,False,,
2016-08-19,4.87,4.9,4.8,4.8,3656710,HPG,4.421238101564931,4.608180782713992,0.18694268114906087,0.1520797748303851,0.03486290631867578,False,False,False,False,False,False,,
2016-08-22,4.79,4.85,4.78,4.83,2748960,HPG,4.4515167607082695,4.642306816142609,0.19079005543433958,0.159821830951176,0.03096822448316358,False,False,False,False,False,False,,
2016-08-23,4.82,4.91,4.82,4.91,3521490,HPG,4.485478482137286,4.6834903828899,0.198011900752614,0.16745984491146362,0.030552055841150366,False,False,False,False,False,False,,
2016-08-24,4.95,5.03,4.87,4.88,5811280,HPG,4.514702298275266,4.713722631676069,0.19902033340080383,0.17377194260933165,0.025248390791472175,False,False,False,False,False,False,,
2016-08-25,5.01,5.09,4.99,5.09,5867250,HPG,4.557316942847468,4.7716114575720585,0.2142945147245907,0.18187645703238348,0.032418057692207236,False,False,True,False,False,False,,
2016-08-26,5.09,5.1,5.03,5.04,2303950,HPG,4.593071243377285,4.812902002560972,0.21983075918368744,0.18946731746264428,0.03036344172104316,False,False,False,False,False,False,,
2016-08-29,5.03,5.05,4.91,4.91,4916380,HPG,4.61654744757156,4.8278401560131305,0.21129270844157055,0.19383239565842955,0.017460312783141002,False,False,False,False,False,False,,
2016-08-30,4.87,4.97,4.84,4.95,3069560,HPG,4.641247636640333,4.846633978164957,0.20538634152462354,0.19614318483166837,0.009243156692955168,False,False,False,False,False,False,,
2016-08-31,5.0,5.07,4.99,5.06,3023220,HPG,4.672266330222531,4.8794595199857325,0.20719318976320178,0.19835318581797506,0.008840003945226715,False,False,False,False,False,False,,
2016-09-01,5.06,5.06,4.99,5.01,2283700,HPG,4.697283639094936,4.8995426707571585,0.2022590316622228,0.19913435498682464,0.0031246766753981747,False,False,False,False,False,False,,
2016-09-05,5.04,5.05,4.95,4.97,3626000,HPG,4.717484851013829,4.910382259871442,0.19289740885761297,0.1978869657609823,-0.00498955690336933,False,False,False,False,False,False,,
2016-09-06,4.99,5.05,4.98,5.0,3353490,HPG,4.738411899086879,4.924169604506605,0.18575770541972592,0.19546111369273106,-0.009703408273005143,False,True,False,True,False,False,,
2016-09-07,5.0,5.2,4.95,5.2,4529030,HPG,4.772603610265628,4.966605049967127,0.1940014397014984,0.19516917889448454,-0.001167739192986128,False,False,False,False,False,False,,
2016-09-08,5.2,5.35,5.16,5.31,5541710,HPG,4.812410750245952,5.019435042279876,0.2070242920339238,0.1975402015223724,0.009484090511551413,True,False,True,False,False,False,,
2016-09-09,5.31,5.32,5.22,5.24,2978500,HPG,4.844084028005511,5.053368112698356,0.20928408469284498,0.19988897815646692,0.009395106536378067,False,False,False,False,False,False,,
2016-09-12,5.19,5.19,5.08,5.09,3209760,HPG,4.862300025931029,5.05900378766784,0.1967037617368108,0.19925193487253573,-0.002548173135724918,False,False,False,False,False,False,,
2016-09-13,5.09,5.22,5.09,5.17,3410530,HPG,4.885092616602805,5.076080128026634,0.1909875114238293,0.19759905018279447,-0.006611538758965169,False,False,False,False,False,False,,
2016-09-14,5.13,5.2,5.13,5.16,1433230,HPG,4.905456126484078,5.088990877560998,0.18353475107691963,0.1947861903616195,-0.011251439284699877,False,True,False,True,False,False,,
2016-09-15,5.13,5.26,5.13,5.23,3018930,HPG,4.929496413411183,5.11068458870546,0.18118817529427744,0.1920665873481511,-0.01087841205387366,False,False,False,False,False,False,,
2016-09-16,5.23,5.29,5.21,5.26,9026300,HPG,4.95397816056591,5.133656190443082,0.17967802987717185,0.18958887585395529,-0.009910845976783433,False,False,False,False,False,False,,
2016-09-19,5.32,5.43,5.31,5.39,4311630,HPG,4.986276074598065,5.173093699605685,0.18681762500762034,0.18903462568468832,-0.0022170006770679818,False,False,False,False,False,False,,
2016-09-20,5.36,5.4,5.32,5.37,3028200,HPG,5.0147000690722825,5.203386976589426,0.1886869075171438,0.18896508205117943,-0.0002781745340356412,False,False,False,False,False,False,,
2016-09-21,5.37,5.46,5.32,5.39,2996420,HPG,5.042500063955817,5.232096672498745,0.18959660854292792,0.18909138734952913,0.0005052211933987971,False,False,False,False,False,False,,
2016-09-22,5.45,5.52,5.4,5.46,4309820,HPG,5.073425985144275,5.267158722883553,0.19373273773927835,0.19001965742747898,0.0037130803117993716,True,False,True,False,False,False,,
2016-09-23,5.46,5.49,5.43,5.43,3065270,HPG,5.099838875133588,5.292211227055314,0.1923723519217262,0.19049019632632844,0.0018821555953977553,False,False,False,False,False,False,,
2016-09-26,5.42,5.47,5.34,5.43,2874560,HPG,5.124295254753322,5.313409499816035,0.18911424506271324,0.19021500607360542,-0.0011007610108921817,False,False,False,False,False,False,,
2016-09-27,5.43,5.48,5.42,5.47,3471140,HPG,5.149903013660483,5.337500345998183,0.1875973323377007,0.1896914713264245,-0.0020941389887237927,False,False,False,True,False,False,,
2016-09-28,5.5,5.56,5.47,5.52,3327970,HPG,5.177317605241187,5.365577215844617,0.18825961060342955,0.18940509918182552,-0.00114548857839597,False,False,False,False,False,False,,
2016-09-29,5.52,5.56,5.46,5.49,3445480,HPG,5.20047926411221,5.384719182637753,0.18423991852554344,0.1883720630505691,-0.004132144525025666,False,False,False,False,False,False,,
2016-09-30,5.45,5.5,5.39,5.4,7055060,HPG,5.215258577881676,5.38707007761656,0.17181149973488363,0.18505995038743203,-0.0132484506525484,False,False,False,False,False,False,,
2016-10-03,5.4,5.44,5.26,5.26,6696480,HPG,5.218572757297848,5.36752083490632,0.1489480776084715,0.17783757583163995,-0.02888949822316844,False,False,False,False,False,False,,
2016-10-04,5.23,5.3,5.1,5.2,12594180,HPG,5.217196997498008,5.341748398766886,0.12455140126887798,0.16718034091908757,-0.042628939650209585,False,False,False,False,False,False,,
2016-10-05,5.2,5.23,5.15,5.16,4993350,HPG,5.212960182868526,5.3137871066489035,0.10082692378037716,0.1539096574913455,-0.05308273371096833,False,False,False,False,False,False,,
2016-10-06,5.14,5.17,5.03,5.07,5642520,HPG,5.20237053969308,5.276281397933688,0.07391085824060806,0.13790989764119801,-0.06399903940058996,False,False,False,False,False,False,,
2016-10-07,5.07,5.12,4.79,4.86,12092340,HPG,5.177009758975074,5.212238105943889,0.035228346968815494,0.11737358750672151,-0.08214524053790602,False,False,False,False,False,False,,
2016-10-10,4.85,4.86,4.64,4.64,5932030,HPG,5.137231258310254,5.1242014742602136,-0.013029784050040405,0.09129291319536914,-0.10432269724540955,False,True,False,True,False,False,,
2016-10-11,4.65,4.95,4.65,4.95,8816090,HPG,5.123362276213197,5.09740124745095,-0.025961028762247373,0.06784212480384584,-0.09380315356609321,False,False,False,False,False,False,,
2016-10-12,4.99,5.04,4.8,4.82,6287140,HPG,5.1008909964937015,5.054724132458497,-0.04616686403520465,0.04504032703603574,-0.0912071910712404,False,False,False,False,False,False,,
2016-10-13,4.75,4.91,4.69,4.88,4735200,HPG,5.084528700457131,5.027843496695651,-0.05668520376148045,0.024695220876532503,-0.08138042463801295,False,False,False,False,False,False,,
2016-10-14,4.85,4.93,4.78,4.78,4372760,HPG,5.0619710189417875,4.989713727973243,-0.07225729096854483,0.005304718507517039,-0.07756200947606187,False,False,False,False,False,False,,
2016-10-17,4.75,4.82,4.71,4.71,2726800,HPG,5.035899091612767,4.94668084674659,-0.08921824486617691,-0.01359987416722175,-0.07561837069895516,False,False,False,False,False,False,,
2016-10-18,4.68,4.82,4.68,4.81,3936870,HPG,5.019165825567376,4.925653024170192,-0.09351280139718465,-0.029582459613214332,-0.06393034178397032,False,False,False,False,False,False,,
2016-10-19,4.85,4.95,4.82,4.88,3624200,HPG,5.008857245895719,4.918629481990162,-0.09022776390555709,-0.04171152047168289,-0.0485162434338742,False,False,False,False,False,False,,
2016-10-20,4.9,4.92,4.84,4.87,1596170,HPG,4.9985715239775175,4.911148023222445,-0.08742350075507233,-0.050853916528360785,-0.03656958422671154,False,False,False,False,False,False,,
2016-10-21,4.86,4.9,4.84,4.85,2218550,HPG,4.987566225905109,4.901740635034376,-0.0858255908707326,-0.05784825139683515,-0.027977339473897453,False,False,False,False,False,False,,
2016-10-24,4.85,4.87,4.75,4.75,2876450,HPG,4.969968727689916,4.878395921952165,-0.0915728057377514,-0.0645931622650184,-0.02697964347273299,False,False,False,False,False,False,,
2016-10-25,4.75,4.77,4.64,4.68,3373480,HPG,4.9484895626758485,4.847873472421062,-0.10061609025478635,-0.071797747862972,-0.028818342391814356,False,False,False,True,False,False,,
2016-10-26,4.68,4.72,4.62,4.68,2550830,HPG,4.928601446922082,4.822046784356283,-0.10655466256579871,-0.07874913080353735,-0.02780553176226136,False,False,False,False,False,False,,
2016-10-27,4.68,4.7,4.64,4.68,1633800,HPG,4.910186524927854,4.8001934329168545,-0.10999309201099905,-0.08499792304502969,-0.024995168965969358,False,False,False,False,False,False,,
2016-10-28,4.68,4.86,4.68,4.82,3415950,HPG,4.903506041599865,4.803240597083493,-0.10026544451637243,-0.08805142733929824,-0.012214017177074182,False,False,False,False,False,False,,
2016-10-31,4.86,4.86,4.75,4.82,2216260,HPG,4.897320408888763,4.805818966762955,-0.09150144212580802,-0.0887414302966002,-0.00276001182920782,False,False,False,False,False,False,,
2016-11-01,4.79,4.87,4.78,4.78,1519710,HPG,4.888630008230336,4.801846818030192,-0.08678319020014413,-0.088349782277309,0.0015665920771648634,False,False,True,False,False,False,,
2016-11-02,4.78,4.78,4.67,4.67,2809280,HPG,4.872435192805867,4.781562692179394,-0.09087250062647279,-0.08885432594714177,-0.0020181746793310196,False,False,False,False,False,False,,
2016-11-03,4.67,4.67,4.59,4.65,3416740,HPG,4.855958511857284,4.761322277997949,-0.09463623385933495,-0.09001070752958042,-0.004625526329754534,False,False,False,True,False,False,,
2016-11-04,4.67,4.71,4.66,4.68,1521270,HPG,4.842924548016003,4.748811158305957,-0.09411338971004657,-0.09083124396567364,-0.0032821457443729246,False,False,False,False,False,False,,
2016-11-07,4.72,4.87,4.69,4.86,4122990,HPG,4.844189396311115,4.765917133951194,-0.07827226235992057,-0.08831944764452304,0.010047185284602467,False,False,False,False,False,False,,
2016-11-08,4.88,4.94,4.87,4.91,4669020,HPG,4.849064255843625,4.788083728727933,-0.06098052711569135,-0.08285166353875671,0.02187113642306536,False,False,False,False,False,False,,
2016-11-09,4.91,4.91,4.67,4.84,9411610,HPG,4.848392829484838,4.796070847385174,-0.05232198209966388,-0.07674572725093814,0.024423745151274268,False,False,False,False,False,False,,
2016-11-10,4.94,4.95,4.9,4.91,3802720,HPG,4.852956323597072,4.813598409325916,-0.039357914271155536,-0.06926816465498163,0.029910250383826095,False,False,True,False,False,False,,
2016-11-11,4.87,4.9,4.82,4.84,3408550,HPG,4.8519965959232145,4.817660192506544,-0.034336403416670436,-0.06228181240731939,0.027945408990648957,False,False,False,False,False,False,,
2016-11-14,4.82,4.9,4.82,4.87,3990070,HPG,4.853330181410383,4.82571247058246,-0.02761771082792297,-0.05534899209144011,0.027731281263517142,False,False,False,False,False,False,,
2016-11-15,4.87,5.0,4.87,4.97,4588760,HPG,4.861972390194799,4.847910552031313,-0.014061838163486051,-0.0470915613058493,0.03302972314236325,False,False,False,False,False,False,,
2016-11-16,4.97,5.04,4.95,4.98,4225640,HPG,4.8707151761062955,4.868232005564957,-0.0024831705413381755,-0.03816988315294708,0.035686712611608905,True,False,True,False,False,False,,
2016-11-17,4.97,5.02,4.93,4.94,3054490,HPG,4.875847385283607,4.87927323547804,0.003425850194433089,-0.029850736483471047,0.03327658667790413,False,False,False,False,False,False,,
2016-11-18,4.93,4.97,4.87,4.88,3101710,HPG,4.87615498637371,4.879385045404495,0.003230059030784993,-0.02323457738061984,0.026464636411404834,False,False,False,False,False,False,,
2016-11-21,4.9,4.97,4.86,4.97,3303700,HPG,4.883106468864547,4.8933258076499575,0.010219338785410592,-0.016543794147413755,0.026763132932824348,False,False,True,False,False,False,,
2016-11-22,5.01,5.02,4.94,4.95,3014150,HPG,4.88806154524495,4.902044914165349,0.013983368920398753,-0.010438361533851255,0.02442173045425001,False,False,False,False,False,False,,
2016-11-23,4.95,5.0,4.92,4.93,2206150,HPG,4.891168097449028,4.9063456966014485,0.015177599152420562,-0.005315169396596892,0.020492768549017455,False,False,False,False,False,False,,
2016-11-24,4.94,5.0,4.92,4.93,2522970,HPG,4.894044534675025,4.909984820201225,0.015940285526199638,-0.0010640784120375863,0.017004363938237226,False,False,False,False,False,False,,
2016-11-25,4.97,4.99,4.92,4.94,3239970,HPG,4.897448643217616,4.914602540170267,0.017153896952651237,0.0025795166609001783,0.014574380291751059,False,False,False,False,False,False,,
2016-11-28,4.93,4.94,4.79,4.81,3054300,HPG,4.890970965942237,4.898509841682534,0.007538875740297435,0.0035713884767796297,0.003967487263517805,False,False,False,False,False,False,,
2016-11-29,4.81,4.84,4.75,4.77,2916960,HPG,4.882010153650219,4.878739096808298,-0.003271056841921194,0.002202899413039465,-0.005473956254960659,False,True,False,True,False,False,,
2016-11-30,4.76,5.03,4.75,4.98,6140310,HPG,4.8892686607872395,4.894317697299329,0.005049036512089877,0.0027721268328495478,0.0022769096792403295,False,False,False,False,False,False,,
2016-12-01,5.0,5.03,4.94,4.94,4391230,HPG,4.893026537765962,4.901345743868663,0.008319206102700427,0.003881542686819724,0.004437663415880703,False,False,False,False,False,False,,
2016-12-02,4.95,5.01,4.94,4.99,4769370,HPG,4.900209757190706,4.914984860196561,0.014775103005854717,0.006060254750626723,0.008714848255227994,False,False,False,False,False,False,,
2016-12-05,5.0,5.09,4.99,5.01,6102780,HPG,4.908342367769173,4.929602574012474,0.021260206243301383,0.009100245049161657,0.012159961194139726,True,False,True,False,False,False,,
2016-12-06,5.03,5.04,4.8,4.84,4956320,HPG,4.903279970156642,4.915817562625939,0.012537592469297643,0.009787714533188855,0.0027498779361087872,False,False,False,False,False,False,,
2016-12-07,4.84,4.9,4.82,4.83,2987910,HPG,4.897851824219113,4.902614860683487,0.0047630364643742595,0.008782778919425936,-0.004019742455051677,False,False,False,False,False,False,,
2016-12-08,4.84,4.9,4.83,4.84,1912140,HPG,4.8935665039065865,4.8929818051937195,-0.0005846987128670378,0.006909283392967342,-0.00749398210583438,False,False,False,False,False,False,,
2016-12-09,4.84,4.89,4.82,4.84,2565360,HPG,4.889598614728321,4.884830758240839,-0.004767856487482014,0.004573855416877472,-0.009341711904359486,False,False,False,False,False,False,,
2016-12-12,4.83,4.84,4.79,4.81,2412750,HPG,4.883702421044742,4.873318333896095,-0.010384087148646692,0.0015822669037726393,-0.011966354052419331,False,False,False,False,False,False,,
2016-12-13,4.81,4.83,4.77,4.8,2687280,HPG,4.877502241708094,4.862038590219773,-0.015463651488321517,-0.0018269167746461919,-0.013636734713675325,False,True,False,True,False,False,,
2016-12-14,4.8,4.94,4.8,4.93,2633270,HPG,4.881390964544531,4.872494191724423,-0.008896772820108367,-0.003240887983738627,-0.005655884836369741,False,False,False,False,False,False,,
2016-12-15,4.92,4.93,4.86,4.88,1830580,HPG,4.8812879301338254,4.873648931459126,-0.007638998674699415,-0.004120510121930785,-0.0035184885527686305,False,False,False,False,False,False,,
2016-12-16,4.87,4.98,4.87,4.94,3688380,HPG,4.885636972346135,4.883856788157722,-0.001780184188413081,-0.003652444935227244,0.0018722607468141632,False,False,False,False,False,False,,
2016-12-19,4.94,4.98,4.89,4.91,2430260,HPG,4.887441641061236,4.887878820748842,0.0004371796876059264,-0.0028345200106606105,0.003271699698266537,False,False,True,False,False,False,,
2016-12-20,4.91,4.94,4.88,4.88,1312730,HPG,4.886890408390034,4.886666694479789,-0.0002237139102447827,-0.0023123587905774447,0.002088644880332662,False,False,False,False,False,False,,
2016-12-21,4.91,4.98,4.9,4.95,2405340,HPG,4.891565192953735,4.896410279944437,0.004845086990702185,-0.0008808696343215186,0.005725956625023704,False,False,False,False,False,False,,
2016-12-22,4.98,5.11,4.97,5.03,6126040,HPG,4.90181962310531,4.91696254456837,0.015142921463059622,0.00232388858515471,0.012819032877904913,False,False,False,False,False,False,,
2016-12-23,5.03,5.11,4.98,5.08,4268440,HPG,4.915018169541954,4.9420452300193904,0.02702706047743675,0.007264522963611118,0.01976253751382563,False,False,False,False,False,False,,
2016-12-26,5.13,5.19,5.12,5.18,3826190,HPG,4.934646453279587,4.978653656170254,0.04400720289066662,0.01461305894902222,0.0293941439416444,False,False,True,False,False,False,,
2016-12-27,5.18,5.19,5.1,5.1,3831250,HPG,4.946894864147765,4.997322324451753,0.050427460303987814,0.02177593922001534,0.028651521083972474,False,False,False,False,False,False,,
2016-12-28,5.11,5.17,5.1,5.16,3467160,HPG,4.96268042976645,5.022349659151483,0.05966922938503316,0.029354597253018904,0.030314632132014258,True,False,True,False,False,False,,
2016-12-29,5.14,5.16,5.11,5.11,2021280,HPG,4.973592990524491,5.0358343269743315,0.062241336449840645,0.035931945092383254,0.02630939135745739,False,False,False,False,False,False,,
2016-12-30,5.11,5.14,5.1,5.1,1969290,HPG,4.982956472707862,5.045705968978281,0.0627494962704187,0.041295455327990345,0.021454040942428358,False,False,False,False,False,False,,
2017-01-03,5.12,5.22,5.11,5.2,3044660,HPG,4.999033771025799,5.069443512212391,0.07040974118659271,0.047118312499710824,0.023291428686881888,False,False,True,False,False,False,,
2017-01-04,5.24,5.26,5.19,5.2,2346300,HPG,5.013920158357221,5.089529125718177,0.07560896736095568,0.052816443471959795,0.022792523888995886,False,False,False,False,False,False,,
2017-01-05,5.21,5.24,5.2,5.22,3018500,HPG,5.029185331812242,5.109601567915381,0.0804162361031393,0.0583364019981957,0.022079834104943602,False,False,False,False,False,False,,
2017-01-06,5.23,5.26,5.11,5.13,4204960,HPG,5.036653085011335,5.112739788236092,0.07608670322475675,0.06188646224350792,0.014200240981248828,False,False,False,False,False,False,,
2017-01-09,5.14,5.16,5.08,5.1,2617980,HPG,5.041345449084569,5.1107798208151545,0.0694343717305852,0.06339604414092338,0.0060383275896618155,False,False,False,False,False,False,,
2017-01-10,5.11,5.22,5.11,5.19,2985620,HPG,5.052356897300527,5.122967540689746,0.07061064338921952,0.06483896399058262,0.005771679398636903,False,False,False,False,False,False,,
2017-01-11,5.19,5.2,5.14,5.2,1669830,HPG,5.063293423426414,5.134818688275939,0.07152526484952482,0.06617622416237105,0.005349040687153764,False,False,False,False,False,False,,
2017-01-12,5.23,5.23,5.16,5.16,1816920,HPG,5.070456873542976,5.138692736233486,0.06823586269051063,0.06658815186799898,0.0016477108225116527,False,False,False,False,False,False,,
2017-01-13,5.14,5.16,5.11,5.11,2579390,HPG,5.073385994021274,5.134278469120642,0.06089247509936779,0.06544901651427273,-0.004556541414904941,False,False,False,False,False,False,,
2017-01-16,5.1,5.12,4.97,4.97,4140650,HPG,5.065727772241921,5.109004858486697,0.04327708624477644,0.061014630460373476,-0.017737544215597034,False,False,False,False,False,False,,
2017-01-17,4.97,5.02,4.94,4.97,2562530,HPG,5.058636826149927,5.08761949564259,0.02898266949266315,0.054608238266831415,-0.025625568774168266,False,False,False,False,False,False,,
2017-01-18,4.97,5.0,4.92,4.92,2807280,HPG,5.048367431620303,5.061831880928346,0.013464449308043136,0.046379480475073766,-0.03291503116703063,False,False,False,False,False,False,,
2017-01-19,4.88,4.95,4.88,4.9,1908870,HPG,5.03737725150028,5.036934668477831,-0.0004425830224494831,0.037015067775569115,-0.0374576507980186,False,True,False,True,False,False,,
2017-01-20,4.91,5.01,4.91,4.99,1186610,HPG,5.033867825463223,5.029713950250472,-0.0041538752127507905,0.028781279177905135,-0.032935154390655925,False,False,False,False,False,False,,
2017-01-23,4.98,5.03,4.97,4.97,1195100,HPG,5.029136875428911,5.020527188673476,-0.008609686755434609,0.021303085991237185,-0.029912772746671795,False,False,False,False,False,False,,
2017-01-24,4.99,4.99,4.96,4.97,1167800,HPG,5.024756366137881,5.0127537750314035,-0.01200259110647739,0.01464195057169427,-0.02664454167817166,False,False,False,False,False,False,,
2017-01-25,4.97,5.03,4.97,5.0,907340,HPG,5.0229225612387784,5.010791655795803,-0.012130905442975681,0.009287379368760281,-0.021418284811735962,False,False,False,False,False,False,,
2017-02-02,5.03,5.05,4.99,5.05,1714550,HPG,5.024928297443314,5.0168237087502945,-0.00810458869301911,0.0058089857564044035,-0.013913574449423514,False,False,False,False,False,False,,
2017-02-03,5.22,5.26,5.11,5.11,5400770,HPG,5.031229905040105,5.031158522788711,-7.138225139424748e-05,0.004632912154844674,-0.004704294406238921,False,False,False,False,False,False,,
2017-02-06,5.14,5.22,5.11,5.22,4596640,HPG,5.045212875037135,5.060211057744294,0.014998182707159025,0.006705966265307544,0.00829221644185148,False,False,False,False,False,False,,
2017-02-07,5.23,5.33,5.23,5.27,8714000,HPG,5.061863773182532,5.092486279629787,0.03062250644725495,0.011489274301697026,0.019133232145557923,False,False,False,False,False,False,,
2017-02-08,5.3,5.3,5.24,5.28,3232800,HPG,5.078022012206048,5.121334544302128,0.04331253209607944,0.017853925860573508,0.02545860623550593,False,False,False,False,False,False,,
2017-02-09,5.31,5.34,5.26,5.27,5763710,HPG,5.09224260389449,5.144206152871031,0.05196354897654132,0.02467585048376707,0.027287698492774248,True,False,True,False,False,False,,
2017-02-10,5.26,5.31,5.24,5.24,4005140,HPG,5.103187596198602,5.158943667813949,0.055756071615347125,0.030891894710083082,0.024864176905264043,False,False,False,False,False,False,,
2017-02-13,5.26,5.31,5.26,5.29,2291640,HPG,5.117025552035742,5.179106180457957,0.06208062842221462,0.037129641452509396,0.024950986969705227,False,False,False,False,False,False,,
2017-02-14,5.32,5.38,5.3,5.33,4524800,HPG,5.132801437070132,5.202320614233656,0.0695191771635244,0.0436075485947124,0.025911628568812003,False,False,True,False,False,False,,
2017-02-15,5.33,5.37,5.3,5.34,3767830,HPG,5.14814947876864,5.22350205819771,0.0753525794290697,0.049956554761583866,0.025396024667485834,False,False,False,False,False,False,,
2017-02-16,5.36,5.36,5.29,5.29,4491020,HPG,5.158656924785778,5.233732510782678,0.0750755859968999,0.054980361008647075,0.02009522498825282,False,False,False,False,False,False,,
2017-02-17,5.26,5.27,5.18,5.24,5439270,HPG,5.164682337764609,5.234696739893035,0.07001440212842613,0.057987169232602886,0.012027232895823248,False,False,False,False,False,False,,
2017-02-20,5.06,5.07,4.92,4.97,13251990,HPG,5.15026142385612,5.193974164524876,0.043712740668755856,0.055132283519833486,-0.01141954285107763,False,False,False,False,False,False,,
2017-02-21,4.95,5.01,4.93,5.0,4324840,HPG,5.139130948014926,5.164131985367203,0.025001037352277322,0.04910603428632226,-0.024104996934044935,False,False,False,False,False,False,,
2017-02-22,4.99,5.01,4.73,4.75,7920920,HPG,5.110306433347154,5.100419372233787,-0.00988706111336679,0.037307415206384455,-0.047194476319751245,False,False,False,False,False,False,,
2017-02-23,4.75,4.84,4.74,4.8,4527400,HPG,5.087320771617735,5.054201007274743,-0.03311976434299169,0.023221979296509227,-0.05634174363950091,False,False,False,False,False,False,,
2017-02-24,4.79,4.82,4.74,4.78,2402300,HPG,5.064556270016421,5.012016236924783,-0.05254003309163835,0.008069576818879712,-0.06060960991051806,False,False,False,False,False,False,,
2017-02-27,4.78,4.78,4.71,4.76,3949350,HPG,5.041996546311501,4.973244508167125,-0.06875203814437647,-0.0072947461737715245,-0.06145729197060495,False,True,False,True,False,False,,
2017-02-28,4.79,4.81,4.73,4.73,2358760,HPG,5.018885691029168,4.935822276141413,-0.08306341488775537,-0.022448479916568294,-0.06061493497118708,False,False,False,False,False,False,,
2017-03-01,4.72,4.85,4.66,4.84,3802640,HPG,5.005634899101082,4.921080387504272,-0.08455451159681004,-0.03486968625261665,-0.0496848253441934,False,False,False,False,False,False,,
2017-03-02,4.86,4.97,4.84,4.97,7913230,HPG,5.002995276945446,4.928606481734384,-0.07438879521106223,-0.04277350804430577,-0.03161528716675646,False,False,False,False,False,False,,
2017-03-03,4.97,4.97,4.85,4.85,1779190,HPG,4.991662293468006,4.916513176852171,-0.0751491166158349,-0.04924862975861159,-0.025900486857223307,False,False,False,False,False,False,,
2017-03-06,4.85,4.91,4.82,4.87,2560640,HPG,4.982650271729635,4.909357303490299,-0.07329296823933618,-0.05405749745475651,-0.019235470784579663,False,False,False,False,False,False,,
2017-03-07,4.9,4.91,4.86,4.87,1917450,HPG,4.974305807157069,4.903302333722561,-0.07100347343450863,-0.05744669265070694,-0.013556780783801695,False,False,False,False,False,False,,
2017-03-08,4.87,4.88,4.86,4.88,2014690,HPG,4.967320191812101,4.899717359303705,-0.06760283250839638,-0.059477920622244836,-0.008124911886151547,False,False,False,False,False,False,,
2017-03-09,4.88,4.98,4.88,4.97,4294340,HPG,4.9675186961223154,4.910530073256981,-0.056988622865334015,-0.05898006107086268,0.0019914382055286617,False,False,False,False,False,False,,
2017-03-10,4.97,5.09,4.96,4.98,6007990,HPG,4.968443237150292,4.92121775429437,-0.04722548285592243,-0.05662914542787463,0.009403662571952201,False,False,False,False,False,False,,
2017-03-13,4.98,4.99,4.94,4.98,1984280,HPG,4.969299293657678,4.930261176710621,-0.039038116947057055,-0.05311093973171112,0.014072822784654063,False,False,False,False,False,False,,
2017-03-14,4.99,4.99,4.97,4.97,1597180,HPG,4.969351197831184,4.936374841832064,-0.03297635599911963,-0.04908402298519283,0.016107666986073195,False,False,True,False,False,False,,
2017-03-15,4.97,4.97,4.9,4.91,2582180,HPG,4.964954812806652,4.932317173857901,-0.03263763894875105,-0.04579474617790447,0.013157107229153427,False,False,False,False,False,False,,
2017-03-16,4.94,4.95,4.93,4.94,988750,HPG,4.963106308154307,4.933499147110531,-0.02960716104377603,-0.04255722915107878,0.012950068107302752,False,False,False,False,False,False,,
2017-03-17,4.95,4.98,4.88,4.88,4447530,HPG,4.9569502853280625,4.9252685090935255,-0.03168177623453694,-0.04038213856777041,0.008700362333233472,False,False,False,False,False,False,,
2017-03-20,4.94,4.96,4.92,4.95,958720,HPG,4.956435449377835,4.929073353848367,-0.027362095529468,-0.03777812996010993,0.01041603443064193,False,False,False,False,False,False,,
2017-03-21,5.03,5.07,5.01,5.07,3582260,HPG,4.96484763831281,4.950754376333234,-0.01409326197957661,-0.03304115636400327,0.018947894384426657,False,False,False,False,False,False,,
2017-03-22,5.09,5.1,5.0,5.01,2598780,HPG,4.968192257697047,4.959869087666583,-0.008323170030464233,-0.02809755909729546,0.019774389066831228,False,False,False,False,False,False,,
2017-03-23,5.03,5.07,5.01,5.06,2599800,HPG,4.974992831200969,4.975273843410186,0.0002810122092169465,-0.02242184483599298,0.022702857045209926,False,False,False,False,False,False,,
2017-03-24,5.09,5.1,5.06,5.09,2938830,HPG,4.983511880741638,4.99292402134708,0.009412140605442154,-0.016055047747705956,0.02546718835314811,False,False,False,False,False,False,,
2017-03-27,5.12,5.13,5.08,5.09,3248280,HPG,4.99139988957559,5.007858787293682,0.016458897718091947,-0.009552258654546375,0.026011156372638324,False,False,True,False,False,False,,
2017-03-28,5.09,5.11,5.04,5.08,2948930,HPG,4.997962860718139,5.018957435402347,0.020994574684208622,-0.0034428919867953755,0.024437466671003997,False,False,False,False,False,False,,
2017-03-29,5.09,5.16,5.07,5.13,5883840,HPG,5.007743389553832,5.03604090687891,0.028297517325077237,0.0029051898755791472,0.02539232744949809,False,False,False,False,False,False,,
2017-03-30,5.29,5.38,5.23,5.31,8091460,HPG,5.030132768105401,5.0781884596667695,0.048055691561368796,0.011935290212737079,0.03612040134863172,False,False,False,False,False,False,,
2017-03-31,5.32,5.46,5.32,5.42,3390840,HPG,5.059011822319816,5.130774850487266,0.0717630281674504,0.023900837803679742,0.04786219036377065,False,False,False,False,False,False,,
2017-04-03,5.45,5.68,5.44,5.67,4490760,HPG,5.104270205851681,5.213732565796917,0.10946235994523601,0.041013142231991,0.06844921771324501,False,False,False,False,False,False,,
2017-04-04,5.68,5.91,5.67,5.73,7700040,HPG,5.1506205609737785,5.293158324905083,0.1425377639313048,0.06131806657185376,0.08121969735945103,True,False,True,False,False,False,,
2017-04-05,5.68,5.68,5.57,5.58,4587810,HPG,5.182426445346091,5.3372878133812245,0.1548613680351334,0.08002672686450969,0.0748346411706237,False,False,False,False,False,False,,
2017-04-07,5.55,5.68,5.51,5.65,4327880,HPG,5.217061523468603,5.385397380553345,0.16833585708474175,0.0976885529085561,0.07064730417618564,False,False,False,False,False,False,,
2017-04-10,5.68,5.68,5.61,5.67,4318150,HPG,5.250612521730188,5.429182398929753,0.17856987719956496,0.11386481776675789,0.06470505943280708,False,False,False,False,False,False,,
2017-04-11,5.68,5.68,5.63,5.66,3139100,HPG,5.2809375201205455,5.464692799094406,0.18375527897386057,0.12784291000817843,0.055912368965682135,False,False,False,False,False,False,,
2017-04-12,5.64,5.65,5.57,5.61,4231190,HPG,5.305312518630135,5.487047753079882,0.18173523444974649,0.13862137489649204,0.04311385955325445,False,False,False,False,False,False,,
2017-04-13,5.59,5.63,5.57,5.59,3009260,HPG,5.326400480213088,5.502886560298362,0.17648608008527322,0.14619431593424828,0.03029176415102494,False,False,False,False,False,False,,
2017-04-14,5.54,5.58,5.41,5.48,3510790,HPG,5.3377782224195265,5.499365551021691,0.16158732860216407,0.14927291846783144,0.012314410134332626,False,False,False,False,False,False,,
2017-04-17,5.49,5.51,5.38,5.41,4472670,HPG,5.343127983721784,5.485617004710661,0.14248902098887672,0.1479161389720405,-0.005427117983163782,False,False,False,False,False,False,,
2017-04-18,5.44,5.45,5.33,5.37,5291790,HPG,5.345118503446097,5.467829773216713,0.1227112697706163,0.14287516513175566,-0.020163895361139356,False,False,False,False,False,False,,
2017-04-19,5.4,5.5,5.37,5.49,4167070,HPG,5.355850466153793,5.471240577337219,0.11539011118342568,0.13737815434208966,-0.021988043158663984,False,False,False,False,False,False,,
2017-04-20,5.49,5.5,5.4,5.4,2167010,HPG,5.359120801994253,5.460280488516108,0.10115968652185447,0.13013446077804264,-0.028974774256188163,False,False,False,False,False,False,,
2017-04-21,5.39,5.44,5.36,5.4,1963090,HPG,5.36214889073542,5.451006567205937,0.0888576764705169,0.1218791039165375,-0.0330214274460206,False,False,False,False,False,False,,
2017-04-24,5.41,5.42,5.3,5.33,2528340,HPG,5.359767491421685,5.432390172251178,0.0726226808294923,0.11202781929912847,-0.03940513846963617,False,False,False,False,False,False,,
2017-04-25,5.32,5.36,5.26,5.29,3193390,HPG,5.354599529094154,5.410483991904842,0.05588446281068826,0.10079914800144044,-0.044914685190752174,False,False,False,False,False,False,,
2017-04-26,5.27,5.27,5.09,5.18,4574520,HPG,5.341666230642735,5.375024916227174,0.033358685584438774,0.08731105551804011,-0.053952369933601335,False,False,False,False,False,False,,
2017-04-27,5.2,5.27,5.09,5.23,6407120,HPG,5.333394658002533,5.352713390653763,0.01931873265123052,0.07371259094467819,-0.05439385829344767,False,True,False,True,False,False,,
2017-04-28,5.18,5.22,5.17,5.21,7712150,HPG,5.324254312965308,5.330757484399338,0.006503171434030008,0.06027070704254856,-0.05376753560851855,False,False,False,False,False,False,,
2017-05-03,5.21,5.23,5.16,5.16,2315880,HPG,5.3120873268197295,5.304487102184055,-0.007600224635674557,0.04669652070690394,-0.0542967453425785,False,False,False,True,False,False,,
2017-05-04,5.17,5.21,5.16,5.18,2558020,HPG,5.302303080388639,5.2853352403095855,-0.01696784007905361,0.033963648549712434,-0.05093148862876604,False,False,False,False,False,False,,
2017-05-05,5.18,5.2,5.18,5.18,2495480,HPG,5.293243592952444,5.269129818723496,-0.024113774228948337,0.022348163993980284,-0.04646193822292862,False,False,False,False,False,False,,
2017-05-08,5.18,5.2,5.16,5.17,3316640,HPG,5.284114437918929,5.25387907738142,-0.030235360537509415,0.011831459087682347,-0.042066819625191765,False,False,False,False,False,False,,
2017-05-09,5.19,5.29,5.16,5.27,4265190,HPG,5.283068923999009,5.25635921932274,-0.026709704676268764,0.004123226334892125,-0.03083293101116089,False,False,False,False,False,False,,
2017-05-10,5.32,5.37,5.3,5.32,3910870,HPG,5.285804559258342,5.266150108657703,-0.01965445060063864,-0.000632309052214028,-0.01902214154842461,False,False,False,False,False,False,,
2017-05-11,5.34,5.39,5.34,5.35,3986120,HPG,5.290559777091057,5.279050091941133,-0.011509685149924564,-0.0028077842717561356,-0.008701900878168429,False,False,False,False,False,False,,
2017-05-12,5.35,5.36,5.23,5.27,3027090,HPG,5.289036830639868,5.277657770104035,-0.011379060535833041,-0.004522039524571517,-0.006857021011261524,False,False,False,False,False,False,,
2017-05-15,5.27,5.28,5.22,5.23,3426170,HPG,5.284663732073952,5.270325805472646,-0.014337926601306172,-0.006485216939918449,-0.007852709661387723,False,False,False,False,False,False,,
2017-05-16,5.23,5.24,5.14,5.14,5684020,HPG,5.273947900068475,5.250275681553776,-0.02367221851469825,-0.00992261725487441,-0.013749601259823841,False,False,False,False,False,False,,
2017-05-17,5.14,5.21,5.14,5.15,2510930,HPG,5.264766574137476,5.234848653622426,-0.029917920515050156,-0.01392167790690956,-0.015996242608140594,False,False,False,False,False,False,,
2017-05-18,5.14,5.18,5.06,5.06,3916890,HPG,5.249598679756922,5.207948860757437,-0.04164981899948472,-0.01946730612542459,-0.02218251287406013,False,False,False,False,False,False,,
2017-05-19,5.09,5.11,5.04,5.09,2576500,HPG,5.237776555330483,5.189802882179369,-0.04797367315111423,-0.02516857953056252,-0.022805093620551706,False,True,False,True,True,False,2017-04-27,
2017-05-22,5.09,5.2,5.09,5.13,2366700,HPG,5.2297931067874845,5.180602438767159,-0.04919066802032557,-0.02997299722851513,-0.019217670791810436,False,False,False,False,False,False,,
2017-05-23,5.16,5.16,5.13,5.15,3362870,HPG,5.223882506284708,5.175894371264519,-0.04798813502018895,-0.033576024786849894,-0.014412110233339055,False,False,False,False,False,False,,
2017-05-24,5.14,5.22,5.14,5.21,3289470,HPG,5.222854172485841,5.1811413910699775,-0.0417127814158631,-0.035203376112652535,-0.006509405303210564,False,False,False,False,False,False,,
2017-05-25,5.21,5.26,5.19,5.21,2081150,HPG,5.221902011560963,5.185581177059212,-0.036320834501751165,-0.035426867790472265,-0.0008939667112788999,False,False,False,False,False,False,,
2017-05-26,5.2,5.21,5.16,5.18,1846100,HPG,5.218798158852744,5.184722534434718,-0.03407562441802625,-0.035156619115983063,0.0010809946979568122,False,False,False,False,False,False,,
2017-05-29,5.2,5.3,5.2,5.29,4611820,HPG,5.224072369308097,5.200919067598607,-0.023153301709490037,-0.03275595563468446,0.009602653925194424,False,False,False,False,False,False,,
2017-05-30,5.29,5.29,5.21,5.21,3388780,HPG,5.22302997158157,5.202316134121898,-0.020713837459672035,-0.03034753199968198,0.009633694540009945,False,False,False,False,False,False,,
2017-05-31,5.2,5.48,5.2,5.39,8341190,HPG,5.235398121834788,5.231190575026222,-0.00420754680856561,-0.025119534961458707,0.020911988152893097,False,False,False,False,False,False,,
2017-06-01,5.45,5.45,5.35,5.37,3916570,HPG,5.245368631328507,5.252545871176034,0.0071772398475271615,-0.018660179999661533,0.025837419847188695,False,False,True,False,False,False,,
2017-06-02,5.37,5.38,5.29,5.32,3559100,HPG,5.250896880859728,5.262923429456644,0.012026548596915987,-0.012522834280346031,0.024549382877262018,False,False,False,False,False,False,,
2017-06-05,5.32,5.37,5.29,5.31,4605780,HPG,5.255274889684934,5.270165978771007,0.014891089086073173,-0.007040049607062192,0.021931138693135364,False,False,False,False,False,False,,
2017-06-06,5.3,5.41,5.29,5.41,7122100,HPG,5.2667360089675315,5.291678905113929,0.02494289614639733,-0.0006434604563702873,0.025586356602767618,False,False,False,False,False,False,,
2017-06-07,5.44,5.59,5.44,5.57,8211260,HPG,5.28920000830327,5.334497535096401,0.045297526793130594,0.00854473699352989,0.036752789799600706,False,False,False,False,False,False,,
2017-06-08,5.59,5.62,5.53,5.59,5384820,HPG,5.311481489169695,5.3738056066200315,0.062324117450336836,0.01930061308489128,0.04302350436544555,False,False,False,False,False,False,,
2017-06-09,5.58,5.62,5.55,5.58,3949410,HPG,5.331371749231199,5.405527820986181,0.07415607175498184,0.030271704818909395,0.04388436693607245,False,False,True,False,False,False,,
2017-06-12,5.56,5.57,5.46,5.48,4399880,HPG,5.342381249288147,5.4169850792959995,0.07460383000785242,0.039138129856698,0.035465700151154425,False,False,False,False,False,False,,
2017-06-13,5.46,5.57,5.45,5.57,3739790,HPG,5.359241897489025,5.440525836327384,0.08128393883835905,0.04756729165303021,0.03371664718532884,False,False,False,False,False,False,,
2017-06-14,5.6,5.63,5.56,5.61,4805780,HPG,5.377816571749098,5.4665987845847095,0.0887822128356115,0.05581027588954647,0.032971936946065025,False,False,False,False,False,False,,
2017-06-15,5.61,5.78,5.61,5.75,11733730,HPG,5.405385714582498,5.510198971571677,0.10481325698917932,0.06561087210947304,0.03920238487970627,False,False,False,False,False,False,,
2017-06-16,5.99,6.01,5.81,5.84,9519180,HPG,5.437579365354164,5.560937591329881,0.12335822597571688,0.07716034288272182,0.046197883092995065,True,False,True,False,False,False,,
2017-06-19,5.87,5.89,5.76,5.78,4579560,HPG,5.462943856809411,5.594639500356053,0.13169564354664232,0.08806740301550592,0.0436282405311364,False,False,False,False,False,False,,
2017-06-20,5.76,5.85,5.76,5.85,3360510,HPG,5.491614682230937,5.633925731070507,0.14231104883957002,0.09891613218031875,0.04339491665925127,False,False,False,False,False,False,,
2017-06-21,5.84,5.84,5.75,5.8,3868940,HPG,5.51445803910272,5.659475618598122,0.14501757949540206,0.10813642164333542,0.03688115785206664,False,False,False,False,False,False,,
2017-06-22,5.79,5.84,5.78,5.83,2123300,HPG,5.537831517687704,5.685710138813795,0.1478786211260914,0.11608486153988663,0.03179375958620477,False,False,False,False,False,False,,
2017-06-23,5.84,5.84,5.78,5.84,3030110,HPG,5.560214368229356,5.70944704053475,0.14923267230539405,0.12271442369298811,0.02651824861240594,False,False,False,False,False,False,,
2017-06-26,5.82,5.86,5.79,5.84,2511280,HPG,5.580939229841996,5.729532111221712,0.1485928813797157,0.12789011523033364,0.020702766149382074,False,False,False,False,False,False,,
2017-06-27,5.84,5.84,5.8,5.81,2673780,HPG,5.597906694298144,5.741911786418371,0.14400509212022694,0.1311131106083123,0.012891981511914646,False,False,False,False,False,False,,
2017-06-28,5.81,5.83,5.79,5.82,1958450,HPG,5.61435805027606,5.753925357738622,0.13956730746256163,0.13280394997916217,0.006763357483399457,False,False,False,False,False,False,,
2017-06-29,5.81,5.96,5.81,5.9,4514140,HPG,5.635516713218574,5.776398379624988,0.14088166640641386,0.1344194932646125,0.006462173141801364,False,False,False,False,False,False,,
2017-06-30,5.95,6.06,5.91,6.06,7332030,HPG,5.666959919646827,5.82002939814422,0.15306947849739228,0.13814949031116847,0.01491998818622381,False,False,False,False,False,False,,
2017-07-03,6.06,6.44,6.06,6.25,7979110,HPG,5.710148073747062,5.8861787215066474,0.17603064775958543,0.14572572180085186,0.030304925958733575,False,False,False,False,False,False,,
2017-07-04,6.25,6.36,6.22,6.25,4802760,HPG,5.750137105321354,5.94215122589024,0.1920141205688859,0.15498340155445867,0.03703071901442723,False,False,True,False,False,True,,2017-06-16
2017-07-05,6.3,6.3,6.2,6.23,3003200,HPG,5.78568250492718,5.986435652676357,0.20075314774917707,0.16413735079340236,0.036615796955774715,False,False,False,False,False,False,,
2017-07-06,6.25,6.35,6.23,6.31,5624250,HPG,5.824520837895537,6.036214783033841,0.21169394513830397,0.1736486696623827,0.038045275475921264,True,False,True,False,False,True,,2017-06-16
2017-07-07,6.35,6.36,6.24,6.25,5284990,HPG,5.856037812866237,6.06910481641325,0.21306700354701302,0.1815323364393088,0.03153466710770422,False,False,False,False,False,False,,
2017-07-10,6.25,6.31,6.24,6.27,5380960,HPG,5.886701678579849,6.100011767734289,0.21331008915444016,0.1878878869823351,0.025422202172105057,False,False,False,False,False,False,,
2017-07-11,6.29,6.29,6.1,6.23,5710870,HPG,5.912131183870231,6.120009957313629,0.20787877344339822,0.19188606427454774,0.015992709168850483,False,False,False,False,False,False,,
2017-07-12,6.25,6.29,6.2,6.25,3529680,HPG,5.937158503583547,6.140008425419224,0.20284992183567763,0.19407883578677373,0.008771086048903892,False,False,False,False,False,False,,
2017-07-13,6.26,6.37,6.23,6.37,2996090,HPG,5.9692208366514325,6.1753917445854976,0.206170907934065,0.196497250216232,0.009673657717833017,False,False,True,False,False,True,,2017-06-16
2017-07-14,6.43,6.53,6.38,6.38,3809400,HPG,5.999648922825401,6.20686993772619,0.2072210149007896,0.1986420031531435,0.008579011747646081,False,False,False,False,False,False,,
2017-07-17,6.39,6.39,6.16,6.22,5055550,HPG,6.015971224838333,6.208889947306776,0.192918722468443,0.19749734701620342,-0.004578624547760424,False,False,False,False,False,False,,
2017-07-18,6.02,6.09,5.97,6.07,7643890,HPG,6.019973356331789,6.187522263105734,0.16754890677394485,0.1915076589677517,-0.02395875219380686,False,False,False,False,False,False,,
2017-07-19,6.07,6.13,6.02,6.02,3961970,HPG,6.019975329936842,6.161749607243313,0.14177427730647096,0.18156098263549558,-0.03978670532902462,False,False,False,False,False,False,,
2017-07-20,5.95,6.02,5.84,6.0,5852240,HPG,6.018495675867446,6.136865052282803,0.11836937641535705,0.1689226613914679,-0.050553284976110835,False,False,False,False,False,False,,
2017-07-21,5.98,6.01,5.93,5.95,4577090,HPG,6.013421922099488,6.108116582700834,0.09469466060134657,0.15407706123344364,-0.05938240063209707,False,False,False,False,False,False,,
2017-07-24,5.9,6.02,5.89,5.99,3045580,HPG,6.011686964906933,6.08994480074686,0.07825783583992685,0.13891321615474028,-0.060655380314813434,False,True,False,True,False,False,,
2017-07-25,5.96,6.1,5.96,6.06,2302570,HPG,6.01526570824716,6.0853379083242665,0.07007220007710657,0.12514501293921354,-0.05507281286210697,False,False,False,False,False,False,,
2017-07-26,6.1,6.23,6.07,6.21,2780360,HPG,6.029690470599222,6.104516691658995,0.07482622105977299,0.11508125456332544,-0.040255033503552445,False,False,False,False,False,False,,
2017-07-27,6.22,6.22,6.14,6.15,1492240,HPG,6.038602287591873,6.111514123711458,0.07291183611958463,0.10664737087457728,-0.03373553475499265,False,False,False,False,False,False,,
2017-07-28,6.12,6.2,6.12,6.15,1550080,HPG,6.046853969992475,6.117435027755849,0.07058105776337342,0.09943410825233652,-0.028853050488963097,False,False,False,False,False,False,,
2017-07-31,6.08,6.14,6.03,6.12,3079000,HPG,6.052272194437477,6.117829638870333,0.06555744443285594,0.0926587754884404,-0.02710133105558446,False,False,False,False,False,False,,
2017-08-01,6.06,6.23,6.06,6.2,3792470,HPG,6.063214994849515,6.130471232890282,0.06725623804076708,0.08757826799890574,-0.020322029958138657,False,False,False,False,False,False,,
2017-08-02,6.16,6.19,6.11,6.12,2158020,HPG,6.067421291527329,6.128860273984085,0.06143898245675583,0.08235041089047576,-0.02091142843371993,False,False,False,False,False,False,,
2017-08-03,6.12,6.16,6.09,6.12,1338210,HPG,6.071316010673453,6.12749715490961,0.05618114423615772,0.07711655755961216,-0.020935413323454444,False,False,False,False,False,False,,
2017-08-04,6.1,6.12,6.05,6.06,1588200,HPG,6.070477787660605,6.1171129772312085,0.04663518957060386,0.07102028396181051,-0.024385094391206646,False,False,False,True,False,False,,
2017-08-07,6.06,6.13,6.04,6.11,1487440,HPG,6.0734053589450046,6.1160186730417925,0.042613314096787924,0.06533888998880599,-0.02272557589201807,False,False,False,False,False,False,,
2017-08-08,6.13,6.15,6.1,6.12,1428790,HPG,6.076856813837967,6.116631184881516,0.039774371043549195,0.06022598619975464,-0.020451615156205444,False,False,False,False,False,False,,
2017-08-09,6.08,6.12,6.02,6.03,2387220,HPG,6.073385938738858,6.1033033102843595,0.029917371545501226,0.05416426326890396,-0.024246891723402733,False,False,False,True,False,False,,
2017-08-10,6.02,6.06,6.02,6.06,1892780,HPG,6.0723943877211655,6.096641262548305,0.024246874827139386,0.04818078558055105,-0.023933910753411662,False,False,False,False,False,False,,
2017-08-11,6.05,6.2,6.05,6.2,2919330,HPG,6.081846655297376,6.112542606771643,0.03069595147426707,0.04468381875929426,-0.01398786728502719,False,False,False,False,False,False,,
2017-08-14,6.2,6.44,6.19,6.44,6421140,HPG,6.1083765326827555,6.162920667268313,0.054544134585557735,0.046655881924546956,0.00788825266101078,False,False,False,False,False,False,,
2017-08-15,6.52,6.52,6.33,6.35,4397780,HPG,6.126274567298848,6.1917021030731885,0.06542753577434013,0.05041021269450559,0.01501732307983454,False,False,False,False,False,False,,
2017-08-16,6.35,6.49,6.31,6.49,7328470,HPG,6.153217191943378,6.237594087215775,0.08437689527239645,0.05720354921008376,0.027173346062312684,True,False,True,False,False,False,,
2017-08-17,6.49,6.49,6.38,6.38,3100480,HPG,6.170015918466091,6.259502689182578,0.08948677071648703,0.06366019351136443,0.025826577205122603,False,False,False,False,False,False,,
2017-08-18,6.35,6.44,6.32,6.39,3031150,HPG,6.186311035616751,6.279579198539104,0.09326816292235307,0.06958178739356216,0.02368637552879091,False,False,False,False,False,False,,
2017-08-21,6.38,6.39,6.26,6.27,3275910,HPG,6.192510218163658,6.278105475686935,0.08559525752327701,0.07278448141950514,0.012810776103771876,False,False,False,False,False,False,,
2017-08-22,6.23,6.34,6.21,6.3,2976640,HPG,6.20047242422561,6.281473864042791,0.08100143981718144,0.07442787309904039,0.0065735667181410495,False,False,False,False,False,False,,
2017-08-23,6.26,6.35,6.24,6.35,2082950,HPG,6.211548540949639,6.292016346497746,0.08046780554810695,0.0756358595888537,0.00483194595925325,False,False,False,False,False,False,,
2017-08-24,6.31,6.41,6.31,6.38,3342600,HPG,6.224026426805222,6.3055522931904004,0.08152586638517878,0.07681386094811872,0.00471200543706006,False,False,False,False,False,False,,
2017-08-25,6.37,6.43,6.36,6.42,5658750,HPG,6.238542987782613,6.32315963269957,0.08461664491695675,0.07837441774188633,0.0062422271750704195,False,False,False,False,False,False,,
2017-08-28,6.44,6.52,6.42,6.52,5261300,HPG,6.259391655354271,6.353442766130405,0.09405111077613348,0.08150975634873577,0.012541354427397719,False,False,False,False,False,False,,
2017-08-29,6.5,6.59,6.49,6.53,5137980,HPG,6.279436717920621,6.380605417494959,0.1011686995743375,0.08544154499385612,0.01572715458048138,False,False,False,False,False,False,,
2017-08-30,6.53,6.63,6.53,6.6,3576470,HPG,6.303182146222797,6.414358430188042,0.1111762839652446,0.09058849278813383,0.020587791177110765,False,False,False,False,False,False,,
2017-08-31,6.59,6.7,6.59,6.64,3918570,HPG,6.32813161687296,6.44907251785142,0.12094090097845989,0.09665897442619904,0.024281926552260844,False,False,False,False,False,False,,
2017-09-01,6.64,6.67,6.6,6.65,2819890,HPG,6.351973719326815,6.479984438181971,0.12801071885515558,0.10292932331199037,0.025081395543165214,False,False,False,False,False,False,,
2017-09-05,6.65,6.72,6.62,6.71,3246220,HPG,6.378494184561866,6.515371447692437,0.1368772631305708,0.10971891127570646,0.027158351854864343,False,False,False,False,False,False,,
2017-09-06,6.71,6.82,6.71,6.82,6081580,HPG,6.411198319038765,6.562237378816677,0.15103905977791232,0.11798294097614763,0.03305611880176469,True,False,True,False,False,False,,
2017-09-07,6.84,6.84,6.69,6.73,5304750,HPG,6.434813258369227,6.588047012844881,0.15323375447565457,0.12503310367604903,0.028200650799605542,False,False,False,False,False,False,,
2017-09-08,6.73,6.83,6.68,6.81,4192570,HPG,6.462604868860395,6.6221936262533605,0.15958875739296552,0.13194423441943232,0.027644522973533203,False,False,False,False,False,False,,
2017-09-11,6.8,6.82,6.69,6.69,2957540,HPG,6.479448952648514,6.6326253760605365,0.1531764234120221,0.13619067221795028,0.016985751194071808,False,False,False,False,False,False,,
2017-09-12,6.69,6.72,6.61,6.72,3157390,HPG,6.497267548748624,6.646067625897377,0.14880007714875276,0.1387125532041108,0.010087523944641963,False,False,False,False,False,False,,
2017-09-13,6.76,6.99,6.74,6.99,5917410,HPG,6.533766248841319,6.698980298836242,0.16521404999492262,0.14401285256227317,0.02120119743264945,False,False,False,False,False,False,,
2017-09-14,7.01,7.07,6.92,6.95,2979310,HPG,6.564598378556777,6.737598714399897,0.17300033584311958,0.14981034921844244,0.02318998662467714,False,False,False,False,False,False,,
2017-09-15,6.92,7.02,6.9,7.01,4240470,HPG,6.597591091256275,6.77950660449222,0.18191551323594535,0.15623138202194303,0.025684131214002315,False,False,False,False,False,False,,
2017-09-18,7.07,7.2,7.06,7.13,4636200,HPG,6.637028788200254,6.8334286653395715,0.19639987713931717,0.16426508104541787,0.0321347960938993,False,False,False,False,False,False,,
2017-09-19,7.18,7.32,7.15,7.2,5115160,HPG,6.67873035944468,6.88982425528733,0.21109389584264981,0.17363084400486428,0.03746305183778553,True,False,True,False,False,False,,
2017-09-20,7.21,7.24,7.14,7.18,3067330,HPG,6.715861443930259,6.934466677550818,0.21860523362055861,0.18262572192800317,0.03597951169255545,False,False,False,False,False,False,,
2017-09-21,7.2,7.22,7.07,7.1,4301050,HPG,6.744316151787277,6.959933342543,0.21561719075572228,0.18922401569354702,0.026393175062175256,False,False,False,False,False,False,,
2017-09-22,7.1,7.24,7.08,7.14,3308050,HPG,6.773626066469701,6.987635905228691,0.21400983875899016,0.19418118030663567,0.019828658452354486,False,False,False,False,False,False,,
2017-09-25,7.15,7.15,7.09,7.1,2046460,HPG,6.797801913397872,7.004922689039661,0.20712077564178966,0.19676909937366646,0.010351676268123194,False,False,False,False,False,False,,
2017-09-26,7.09,7.12,7.02,7.09,3665880,HPG,6.8194462161091405,7.018011506110483,0.19856529000134238,0.19712833749920167,0.0014369525021407092,False,False,False,False,False,False,,
2017-09-27,7.09,7.17,7.09,7.14,2014480,HPG,6.843190940841797,7.036778966708869,0.19358802586707213,0.19642027517277577,-0.002832249305703638,False,False,False,False,False,False,,
2017-09-28,7.15,7.24,7.14,7.15,2949080,HPG,6.865917537816479,7.054197587215198,0.18828004939871867,0.19479223001796436,-0.006512180619245689,False,True,False,True,False,False,,
2017-09-29,7.15,7.38,7.15,7.37,6091150,HPG,6.9032569794597025,7.102782573797475,0.19952559433777228,0.19573890288192597,0.003786691455846314,False,False,False,False,False,False,,
2017-10-02,7.38,7.42,7.32,7.4,4329510,HPG,6.940052758758984,7.148508331674787,0.20845557291580263,0.1982822368887013,0.010173336027101326,False,False,True,False,False,False,,
2017-10-03,7.39,7.44,7.28,7.35,3500210,HPG,6.970419221073134,7.179507049878666,0.209087828805532,0.20044335527206747,0.008644473533464536,False,False,False,False,False,False,,
2017-10-04,7.37,7.51,7.33,7.51,2571530,HPG,7.0103881676603095,7.230352119128101,0.21996395146779157,0.2043474745112123,0.015616476956579278,True,False,True,False,False,False,,
2017-10-05,7.51,7.56,7.35,7.35,5341280,HPG,7.035544599685472,7.248759485416086,0.21321488573061398,0.20612095675509265,0.00709392897552133,False,False,False,False,False,False,,
2017-10-06,7.35,7.43,7.29,7.36,3118160,HPG,7.059578333042103,7.265873410736688,0.20629507769458488,0.2061557809429911,0.00013929675159377042,False,False,False,False,False,False,,
2017-10-09,7.39,7.47,7.35,7.47,2179760,HPG,7.089979938001948,7.297277501392582,0.2072975633906342,0.20638413743251974,0.0009134259581144721,False,False,False,False,False,False,,
2017-10-10,7.47,7.52,7.46,7.52,1986910,HPG,7.121833275927729,7.331542501178339,0.20970922525060942,0.20704915499613769,0.002660070254471736,False,False,True,False,False,False,,
2017-10-11,7.52,7.53,7.46,7.49,2924450,HPG,7.149104885118268,7.355920577920132,0.20681569280186451,0.20700246255728308,-0.00018676975541856433,False,False,False,False,False,False,,
2017-10-12,7.5,7.58,7.45,7.48,6506920,HPG,7.173615634368766,7.375009719778573,0.20139408540980686,0.20588078712778785,-0.00448670171798099,False,False,False,False,False,False,,
2017-10-13,7.47,7.49,7.37,7.38,3480150,HPG,7.188903365156265,7.375777455197254,0.18687409004098932,0.20207944771042816,-0.01520535766943884,False,False,False,False,False,False,,
2017-10-16,7.39,7.39,7.16,7.2,5477600,HPG,7.189725338107653,7.348734769782292,0.15900943167463844,0.19346544450327025,-0.03445601282863181,False,False,False,True,False,False,,
2017-10-17,7.18,7.39,7.18,7.39,4209020,HPG,7.204560498247827,7.355083266738863,0.15052276849103574,0.18487690930082334,-0.0343541408097876,False,False,False,False,False,False,,
2017-10-18,7.39,7.45,7.24,7.28,3257880,HPG,7.210148609488728,7.343531994932884,0.13338338544415596,0.17457820452948988,-0.04119481908533393,False,False,False,False,False,False,,
2017-10-19,7.2,7.28,7.15,7.16,3847220,HPG,7.206433897674748,7.315296303404748,0.10886240572999917,0.16143504476959175,-0.052572639039592584,False,False,False,False,False,False,,
2017-10-20,7.16,7.19,6.99,7.1,5134390,HPG,7.198549905254397,7.282173795188633,0.08362388993423675,0.14587281380252076,-0.06224892386828401,False,False,False,False,False,False,,
2017-10-23,7.03,7.1,6.94,7.03,3548920,HPG,7.1860647270874045,7.243377826698074,0.05731309961066966,0.12816087096415055,-0.07084777135348089,False,True,False,True,False,False,,
2017-10-24,7.1,7.1,7.02,7.1,2536880,HPG,7.179689562117967,7.221319699513755,0.04163013739578769,0.11085472425047797,-0.06922458685469028,False,False,False,False,False,False,,
2017-10-25,7.09,7.14,7.08,7.08,1865230,HPG,7.172305150109229,7.19957820728087,0.027273057171640858,0.09413839083471055,-0.0668653336630697,False,False,False,False,False,False,,
2017-10-26,7.08,7.08,6.95,7.01,2990890,HPG,7.1602825463974344,7.170412329237659,0.0101297828402247,0.0773366692358134,-0.0672068863955887,False,False,False,True,False,False,,
2017-10-27,7.02,7.14,6.99,7.14,2307070,HPG,7.15878013555318,7.165733509354942,0.006953373801761309,0.06326001014900298,-0.05630663634724167,False,False,False,False,False,False,,
2017-10-30,7.16,7.16,6.97,6.97,3182530,HPG,7.1447964218085005,7.135620661761874,-0.009175760046626458,0.0487728561098771,-0.057948616156503555,False,False,False,True,False,False,,
2017-10-31,6.97,7.09,6.88,7.01,3596630,HPG,7.1348115016745375,7.116294406106201,-0.018517095568336472,0.035314865774234386,-0.05383196134257086,False,False,False,False,False,False,,
2017-11-01,6.97,6.99,6.75,6.76,5695800,HPG,7.107047686735683,7.061479882089863,-0.04556780464582033,0.019138331690223442,-0.06470613633604377,False,False,False,False,False,False,,
2017-11-02,6.76,6.86,6.59,6.59,4642790,HPG,7.068747858088595,6.988944515614499,-0.07980334247409626,-0.0006500031426404981,-0.07915333933145577,False,True,False,True,False,False,,
2017-11-03,6.63,6.86,6.59,6.86,3961010,HPG,7.053285053785737,6.969106897827652,-0.08417815595808431,-0.01735563370572926,-0.06682252225235505,False,False,False,False,False,False,,
2017-11-06,6.92,7.02,6.9,6.99,2911740,HPG,7.04859727202383,6.972321221238783,-0.07627605078504729,-0.029139717121592867,-0.04713633366345442,False,False,False,False,False,False,,
2017-11-07,7.01,7.01,6.93,6.99,2598200,HPG,7.0442567333553985,6.975041033355893,-0.06921569999950528,-0.03715491369717535,-0.032060786302329926,False,False,False,False,False,False,,
2017-11-08,6.99,7.07,6.94,7.02,4626280,HPG,7.042459938292035,6.981957797454987,-0.0605021408370483,-0.041824359125149944,-0.018677781711898357,False,False,False,False,False,False,,
2017-11-09,7.05,7.06,7.0,7.02,2984290,HPG,7.040796239159292,6.987810444000374,-0.05298579515891788,-0.04405664633190354,-0.008929148827014344,False,False,False,False,False,False,,
2017-11-10,7.05,7.06,6.99,7.06,2695850,HPG,7.042218739962307,6.998916529538778,-0.043302210423529,-0.04390575915022863,0.0006035487266996334,False,False,True,False,False,False,,
2017-11-13,7.06,7.06,6.88,6.94,2541840,HPG,7.03464698144658,6.989852448071273,-0.04479453337530703,-0.04408351399524431,-0.0007110193800627246,False,False,False,True,False,False,,
2017-11-14,6.97,7.16,6.93,7.09,3223090,HPG,7.03874720504313,7.0052597637526155,-0.0334874412905144,-0.04196429945429833,0.008476858163783935,False,False,False,False,False,False,,
2017-11-15,7.1,7.37,7.1,7.34,5923670,HPG,7.061062226891787,7.056758261636829,-0.004303965254957909,-0.03443223261443025,0.03012826735947234,False,False,False,False,False,False,,
2017-11-16,7.33,7.43,7.29,7.32,3823530,HPG,7.08024280267758,7.0972569906157785,0.017014187938198866,-0.02414294850390443,0.041157136442103295,True,False,True,False,False,False,,
2017-11-17,7.31,7.33,7.19,7.24,2824720,HPG,7.092076669145907,7.119217453597967,0.02714078445205992,-0.01388620191271156,0.04102698636477148,False,False,False,False,False,False,,
2017-11-20,7.24,7.24,7.05,7.09,5032060,HPG,7.0919228418017655,7.114722460736742,0.022799618934976174,-0.006549037743174014,0.02934865667815019,False,False,False,False,False,False,,
2017-11-21,7.1,7.2,7.1,7.11,4116150,HPG,7.09326189055719,7.113995928315704,0.020734037758514567,-0.001092422642836298,0.021826460401350865,False,False,False,False,False,False,,
2017-11-22,7.18,7.31,7.16,7.26,4017630,HPG,7.105612861627027,7.136458093190211,0.030845231563183972,0.005295108198367756,0.025550123364816216,False,False,True,False,False,False,,
2017-11-23,7.31,7.33,7.16,7.24,5048680,HPG,7.1155674644694695,7.152387617314794,0.03682015284532447,0.011600117127759099,0.025220035717565373,False,False,False,False,False,False,,
2017-11-24,7.24,7.43,7.24,7.41,6380830,HPG,7.137377281916176,7.192020291574057,0.05464300965788116,0.02020869563378351,0.03443431402409765,False,False,False,False,False,False,,
2017-11-27,7.43,7.47,7.38,7.44,5252070,HPG,7.159793779552015,7.2301710159472785,0.07037723639526394,0.0302424037860796,0.040134832609184344,False,False,False,False,False,False,,
2017-11-28,7.48,7.51,7.41,7.46,3685180,HPG,7.182031277362976,7.265529321186159,0.08349804382318293,0.04089353179350027,0.04260451202968266,False,False,True,False,False,False,,
2017-11-29,7.45,7.46,7.39,7.45,3701540,HPG,7.201880812373126,7.293909425619058,0.09202861324593226,0.05112054808398667,0.04090806516194559,False,False,False,False,False,False,,
2017-11-30,7.5,7.84,7.5,7.81,11457580,HPG,7.246926678123265,7.373307975523819,0.12638129740055337,0.06617269794730002,0.06020859945325335,False,False,False,False,False,False,,
2017-12-01,7.8,7.9,7.77,7.86,4367480,HPG,7.292339516780801,7.448183671597078,0.15584415481627634,0.08410698932109528,0.07173716549518105,False,False,False,False,False,False,,
2017-12-04,7.84,7.98,7.82,7.96,4425610,HPG,7.341795848871112,7.526924645197528,0.1851287963264152,0.10431135072215927,0.08081744560425594,True,False,True,False,False,False,,
2017-12-05,7.96,8.0,7.88,7.88,5651430,HPG,7.381662823028808,7.581243930551754,0.19958110752294544,0.12336530208231652,0.07621580544062892,False,False,False,False,False,False,,
2017-12-06,7.94,8.0,7.69,8.0,7172100,HPG,7.427465576878526,7.645667941236099,0.21820236435757323,0.14233271453736787,0.07586964982020536,False,False,False,False,False,False,,
2017-12-07,8.0,8.01,7.88,7.95,3948820,HPG,7.46617183044308,7.692488257969007,0.2263164275259273,0.15912945713507975,0.06718697039084753,False,False,False,False,False,False,,
2017-12-08,7.94,7.94,7.79,7.81,3524840,HPG,7.491640583743592,7.710566987512237,0.21892640376864492,0.1710888464617928,0.04783755730685213,False,False,False,False,False,False,,
2017-12-11,7.69,7.78,7.62,7.62,3778630,HPG,7.501148688651475,7.696633604818047,0.1954849161665715,0.17596806040274854,0.01951685576382295,False,False,False,False,False,False,,
2017-12-12,7.64,7.75,7.2,7.52,6905750,HPG,7.502545082084699,7.669459204076809,0.16691412199210998,0.17415727272062084,-0.0072431507285108665,False,False,False,False,False,False,,
2017-12-13,7.65,7.65,7.52,7.64,4180040,HPG,7.512726927856202,7.664927018834223,0.15220009097802034,0.16976583637210074,-0.0175657453940804,False,False,False,False,False,False,,
2017-12-14,7.64,7.73,7.63,7.7,2181370,HPG,7.526599007274261,7.670322862090496,0.14372385481623517,0.16455744006092765,-0.020833585244692476,False,True,False,True,False,False,,
2017-12-15,7.76,7.95,7.76,7.9,5530560,HPG,7.554258340068761,7.7056578063842665,0.15139946631550583,0.16192584531184329,-0.01052637899633746,False,False,False,False,False,False,,
2017-12-18,8.0,8.15,7.91,8.15,5984320,HPG,7.598387351915519,7.77401814386361,0.17563079194809106,0.16466683463909285,0.010963957308998212,False,False,False,False,False,False,,
2017-12-19,8.22,8.39,8.18,8.26,7414140,HPG,7.647395696218073,7.848784583269208,0.20138888705113533,0.17201124512150134,0.02937764192963399,False,False,False,False,False,False,,
2017-12-20,8.18,8.43,8.18,8.34,4347600,HPG,7.698699718720437,7.924356185843177,0.22565646712273946,0.18274028952174898,0.04291617760099048,False,False,False,False,False,False,,
2017-12-21,8.28,8.56,8.28,8.36,6161690,HPG,7.7476849247411455,7.991378311098073,0.24369338635692728,0.19493090888878464,0.048762477468142634,False,False,False,False,False,False,,
2017-12-22,8.39,8.51,8.36,8.4,5883750,HPG,7.796004559945505,8.054243186313753,0.25823862636824835,0.20759245238467738,0.05064617398357096,False,False,True,False,False,False,,
2017-12-25,8.4,8.42,8.3,8.31,2345650,HPG,7.834078296245838,8.09359038841933,0.259512092173491,0.21797638034244013,0.0415357118310509,False,False,False,False,False,False,,
2017-12-26,8.24,8.41,8.23,8.32,3717280,HPG,7.870072496523925,8.128422636354816,0.25835013983089183,0.2260511322401305,0.03229900759076135,False,False,False,False,False,False,,
2017-12-27,8.32,8.64,8.32,8.6,7613290,HPG,7.924141200485115,8.200972999992537,0.27683179950742165,0.23620726569358874,0.04062453381383291,False,False,False,False,False,False,,
2017-12-28,8.6,8.72,8.51,8.68,3305010,HPG,7.980130741189921,8.274669461532147,0.29453872034222606,0.2478735566233162,0.04666516371890986,False,False,False,False,False,False,,
2017-12-29,8.71,8.89,8.69,8.88,5114380,HPG,8.046787723324002,8.367797236681048,0.32100951335704586,0.2625007479700621,0.05850876538698374,False,False,False,False,False,False,,
2018-01-02,8.89,9.05,8.8,9.04,4105100,HPG,8.120359003077779,8.471213046422424,0.3508540433446452,0.2801714070449787,0.07068263629966648,False,False,False,False,False,False,,
2018-01-03,9.09,9.19,8.96,9.02,4828220,HPG,8.186999076923868,8.555641808511282,0.3686427315874141,0.2978656719534658,0.07077705963394831,False,False,False,False,False,False,,
2018-01-04,9.06,9.17,9.02,9.13,4640280,HPG,8.25685099715173,8.644004607201854,0.38715361005012383,0.31572325957279745,0.07143035047732638,False,False,True,False,False,False,,
2018-01-05,9.11,9.18,9.03,9.09,3660450,HPG,8.318565738103453,8.712619283016952,0.39405354491349875,0.33138931664093774,0.06266422827256102,False,False,False,False,False,False,,
2018-01-08,9.04,9.38,9.0,9.38,3702750,HPG,8.397190498243939,8.815293239475883,0.41810274123194446,0.3487320015591391,0.06937073967280538,False,False,False,False,False,False,,
2018-01-09,9.44,10.02,9.42,10.02,5702180,HPG,8.517398609485129,9.000632741094977,0.48323413160984785,0.37563242756928084,0.10760170404056701,False,False,False,False,False,False,,
2018-01-10,10.14,10.23,9.59,9.8,6231980,HPG,8.612406119893638,9.123612319388057,0.5112061994944188,0.4027471819543085,0.10845901754011034,False,False,True,False,False,False,,
2018-01-11,9.76,9.83,9.55,9.8,5284530,HPG,8.700376036938554,9.227671962559125,0.5272959256205709,0.427656930687561,0.09963899493300993,False,False,False,False,False,False,,
2018-01-12,9.85,10.02,9.7,9.87,5393440,HPG,8.78701484901718,9.326491660626951,0.5394768116097719,0.45002090687200325,0.08945590473776865,False,False,False,False,False,False,,
2018-01-15,9.83,10.34,9.78,10.34,3408260,HPG,8.902050786127017,9.482416020530497,0.5803652344034802,0.47608977237829864,0.10427546202518156,False,False,False,False,False,False,,
2018-01-16,10.29,10.61,10.16,10.61,4328790,HPG,9.0285655427102,9.655890478910422,0.6273249362002211,0.5063368051426831,0.12098813105753803,False,False,True,False,False,False,,
2018-01-17,10.5,10.65,10.16,10.16,5028580,HPG,9.112375502509444,9.73344578984728,0.6210702873378366,0.5292835015817138,0.09178678575612287,False,False,False,False,False,False,,
2018-01-18,10.12,10.61,10.0,10.61,5542350,HPG,9.223310650471706,9.86830028371693,0.6449896332452241,0.5524247279144159,0.09256490533080819,False,False,False,False,False,False,,
2018-01-19,10.61,11.35,10.53,11.31,7233090,HPG,9.377880231918246,10.090100240068171,0.7122200081499255,0.5843837839615178,0.12783622418840768,False,False,False,False,False,False,,
2018-01-22,11.27,12.09,11.27,12.05,6662390,HPG,9.575815029553931,10.391623280057683,0.8158082505037516,0.6306686772699646,0.18513957323378705,False,False,False,False,False,False,,
2018-01-23,12.05,12.05,12.05,12.05,0,HPG,9.759087990327714,10.646758160048808,0.887670169721094,0.6820689757601905,0.20560119396090348,True,False,True,False,False,False,,
2018-01-24,12.05,12.05,12.05,12.05,0,HPG,9.928785176229365,10.862641520041299,0.933856343811934,0.7324264493705392,0.2014298944413948,False,False,False,False,False,False,,
2018-01-25,12.3,12.32,11.56,11.65,13773130,HPG,10.056282570582745,10.9837735938811,0.9274910232983551,0.7714393641561025,0.1560516591422526,False,False,False,False,False,False,,
2018-01-26,11.75,12.22,11.56,12.11,4998360,HPG,10.208409787576617,11.157039194822469,0.9486294072458517,0.8068773727740524,0.1417520344717993,False,False,False,False,False,False,,
2018-01-29,12.22,12.32,11.65,11.65,5100130,HPG,10.315194247756127,11.232879318695936,0.9176850709398092,0.8290389124072038,0.08864615853260538,False,False,False,False,False,False,,
2018-01-30,11.46,11.65,11.08,11.61,10291630,HPG,10.411105784959377,11.290897885050407,0.8797921000910307,0.8391895499439693,0.04060255014706138,False,False,False,False,False,False,,
2018-01-31,11.61,12.09,11.56,11.8,5541660,HPG,10.513986837925348,11.369221287350346,0.8552344494249979,0.8423985298401752,0.012835919584822775,False,False,False,False,False,False,,
2018-02-01,11.8,11.94,11.46,11.56,2813090,HPG,10.591469294375322,11.398571858527216,0.8071025641518936,0.8353393367025189,-0.02823677255062529,False,False,False,False,False,False,,
2018-02-02,11.56,11.63,11.31,11.58,3673050,HPG,10.664693791088261,11.42648388029226,0.7617900892039984,0.8206294872028149,-0.058839397998816545,False,False,False,False,False,False,,
2018-02-05,11.35,11.44,10.8,10.8,7317220,HPG,10.674716473229873,11.33010174486268,0.6553852716328077,0.7875806440888136,-0.13219537245600588,False,False,False,False,False,False,,
2018-02-06,10.06,11.25,10.06,10.99,14973300,HPG,10.698070808546179,11.27777839949919,0.5797075909530118,0.7460060334616533,-0.16629844250864145,False,False,False,False,False,False,,
2018-02-07,11.46,11.65,11.2,11.27,5682060,HPG,10.740435933839054,11.27658172265316,0.5361457888141068,0.704033984532144,-0.16788819571803726,False,False,False,True,False,False,,
2018-02-08,11.27,11.52,11.14,11.31,4633450,HPG,10.78262586466579,11.281722996091135,0.4990971314253443,0.6630466139107841,-0.16394948248543983,False,False,False,False,False,False,,
2018-02-09,10.76,11.25,10.76,11.05,9028840,HPG,10.802431356172027,11.246073304384808,0.4436419482127807,0.6191656807711835,-0.1755237325584028,False,True,False,True,False,False,,
2018-02-12,11.05,11.31,10.97,11.14,6576890,HPG,10.827436440900026,11.229754334479452,0.4023178935794256,0.5757961233328319,-0.17347822975340632,False,False,False,False,False,False,,
2018-02-13,11.18,11.58,11.18,11.48,5281840,HPG,10.87577448231484,11.26825366763646,0.3924791853216192,0.5391327357305894,-0.1466535504089702,False,False,False,False,False,False,,
2018-02-21,11.65,11.71,11.31,11.37,8779720,HPG,10.912383779921148,11.283906949538542,0.37152316961739373,0.5056108225079503,-0.13408765289055657,False,False,False,False,False,False,,
2018-02-22,11.27,11.29,11.12,11.16,4928900,HPG,10.93072572214921,11.264844341917229,0.3341186197680184,0.47131238195996394,-0.13719376219194557,False,False,False,True,False,False,,
2018-02-23,11.18,11.75,11.14,11.67,10695740,HPG,10.985486779767788,11.327175981622272,0.3416892018544839,0.445387745938868,-0.10369854408438406,False,False,False,False,False,False,,
2018-02-26,11.92,12.24,11.78,12.2,8761510,HPG,11.075450722007211,11.46145659983423,0.386005877827019,0.4335113723164982,-0.047505494489479216,False,False,False,False,False,False,,
2018-02-27,12.3,12.3,12.01,12.14,7780430,HPG,11.154306224080752,11.565847892167426,0.4115416680866737,0.42911743147053333,-0.017575763383859633,False,False,False,False,False,False,,
2018-02-28,12.03,12.5,11.92,12.5,11050630,HPG,11.253987244519214,11.709563601064746,0.4555763565455315,0.434409216485533,0.021167140059998535,False,False,False,False,False,False,,
2018-03-01,12.49,12.85,12.32,12.64,6516250,HPG,11.35665485603631,11.852707662439402,0.49605280640309246,0.4467379344690449,0.049314871934047544,False,False,False,False,False,False,,
2018-03-02,12.33,12.64,12.26,12.56,7746200,HPG,11.445791533366954,11.961521868217954,0.5157303348509998,0.4605364145454359,0.055193920305563915,True,False,True,False,False,False,,
2018-03-05,12.54,12.56,11.69,11.69,18962710,HPG,11.463881049413846,11.919749273107499,0.45586822369365265,0.4596027763750793,-0.0037345526814266394,False,False,False,False,False,False,,
2018-03-06,11.75,12.14,11.22,12.11,8543250,HPG,11.511741712420228,11.949018615706345,0.4372769032861168,0.4551376017572868,-0.01786069847117,False,False,False,False,False,False,,
2018-03-07,11.65,12.11,11.46,11.58,6712590,HPG,11.51679788187058,11.892246520982292,0.37544863911171156,0.43919980922817176,-0.0637511701164602,False,False,False,False,False,False,,
2018-03-08,11.54,11.86,11.39,11.71,4777230,HPG,11.531109149880168,11.864208594677324,0.33309944479715625,0.4179797363419687,-0.08488029154481247,False,False,False,False,False,False,,
2018-03-09,11.75,11.82,11.6,11.65,4792550,HPG,11.539915879518674,11.831253426265429,0.29133754674675494,0.392651298422926,-0.10131375167617107,False,False,False,False,False,False,,
2018-03-12,11.65,11.82,11.63,11.75,2965770,HPG,11.555477666220995,11.81875289914767,0.26327523292667543,0.36677608532367595,-0.10350085239700052,False,False,False,False,False,False,,
2018-03-13,11.73,11.75,11.6,11.65,2925900,HPG,11.562479320574994,11.792790914663414,0.23031159408841972,0.3394831870766247,-0.109171592988205,False,False,False,True,False,False,,
2018-03-14,11.73,11.8,11.69,11.71,2654570,HPG,11.57340677831018,11.780053850869042,0.20664707255886228,0.31291596417307227,-0.10626889161420999,False,False,False,False,False,False,,
2018-03-15,11.65,11.65,11.44,11.48,4149230,HPG,11.566487757694611,11.733891719966113,0.16740396227150178,0.2838135637927582,-0.1164096015212564,False,False,False,False,False,False,,
2018-03-16,11.42,11.54,11.29,11.41,9631780,HPG,11.554896071939455,11.684062224586711,0.12916615264725628,0.2528840815636578,-0.12371792891640154,False,True,False,True,False,False,,
2018-03-19,11.56,12.11,11.56,11.96,5218860,HPG,11.58490377031431,11.726514190034909,0.14161041972059785,0.23062934919504585,-0.089018929474448,False,False,False,False,False,False,,
2018-03-20,11.9,11.92,11.65,11.65,3422270,HPG,11.58972571325399,11.714742776183385,0.12501706292939474,0.20950689194191566,-0.08448982901252092,False,False,False,False,False,False,,
2018-03-21,11.67,12.01,11.67,11.94,4866590,HPG,11.615671956716657,11.749397733693634,0.13372577697697707,0.19435066894892794,-0.06062489197195087,False,False,False,False,False,False,,
2018-03-22,11.94,12.18,11.84,11.9,6581870,HPG,11.636733293256164,11.772567313125384,0.13583401986922006,0.1826473391329864,-0.046813319263766334,False,False,False,False,False,False,,
2018-03-23,11.46,11.75,11.46,11.63,5420930,HPG,11.636234530792745,11.750633880336864,0.11439934954411868,0.16899774121521285,-0.054598391671094176,False,False,False,False,False,False,,
2018-03-26,11.5,11.61,11.08,11.16,11065710,HPG,11.600957898882172,11.659767129515808,0.058809230633636744,0.14696003909889763,-0.08815080846526088,False,False,False,False,False,False,,
2018-03-27,11.1,11.35,11.1,11.25,5798310,HPG,11.574961017483492,11.596726032667224,0.02176501518373186,0.12192103431586448,-0.10015601913213262,False,True,False,True,False,False,,
2018-03-28,11.25,11.41,11.14,11.35,2410560,HPG,11.55829723841064,11.55876818148765,0.00047094307701023297,0.09763101606809364,-0.09716007299108341,False,False,False,False,False,False,,
2018-03-29,11.37,11.6,11.33,11.52,3683450,HPG,11.555460405935778,11.552803845874164,-0.002656560061613078,0.0775735008421523,-0.08023006090376537,False,False,False,False,False,False,,
2018-03-30,11.6,11.61,11.39,11.44,2577560,HPG,11.546907783273868,11.53544940804737,-0.011458375226498063,0.05976712562842223,-0.0712255008549203,False,False,False,False,False,False,,
2018-04-02,11.46,11.48,11.18,11.18,6093790,HPG,11.519729428957286,11.480764883732391,-0.038964545224894565,0.04002079145775887,-0.07898533668265344,False,False,False,False,False,False,,
2018-04-03,11.18,11.27,10.89,11.08,6349810,HPG,11.487156878664154,11.419108747773562,-0.06804813089059181,0.01840700698808874,-0.08645513787868055,False,False,False,True,True,False,2018-03-16,
2018-04-04,11.18,11.24,11.08,11.18,2908600,HPG,11.464404517281624,11.38232278657763,-0.08208173070399383,-0.0016907405503277743,-0.08039099015366605,False,False,False,False,False,False,,
2018-04-05,11.24,11.25,11.1,11.14,2089950,HPG,11.440374553038541,11.345042357873378,-0.09533219516516311,-0.02041903147329484,-0.07491316369186828,False,False,False,False,False,False,,
2018-04-06,11.12,11.44,11.08,11.44,4899110,HPG,11.44034680836902,11.359651225892858,-0.08069558247616193,-0.032474341673868264,-0.04822124080229367,False,False,False,False,False,False,,
2018-04-09,11.48,11.6,11.37,11.52,4479210,HPG,11.44624704478613,11.384320268063187,-0.061926776722943444,-0.0383648286836833,-0.023561948039260143,False,False,False,False,False,False,,
2018-04-10,11.52,11.58,11.39,11.52,4651830,HPG,11.451710226653825,11.405194072976542,-0.0465161536772829,-0.03999509368240323,-0.006521059994879674,False,False,False,False,False,False,,
2018-04-11,11.56,11.75,11.44,11.46,7191440,HPG,11.452324283938726,11.413625754057074,-0.03869852988165157,-0.0397357809222529,0.0010372510406013308,False,False,False,False,False,False,,
2018-04-12,11.41,11.73,11.35,11.69,4513010,HPG,11.469929892535857,11.456144868817525,-0.013785023718332567,-0.03454562948146883,0.020760605763136264,False,False,False,False,False,False,,
2018-04-13,11.75,11.77,11.54,11.6,3273780,HPG,11.479564715310978,11.478276427460983,-0.001288287849995129,-0.027894161155174093,0.026605873305178964,True,False,True,False,False,False,,
2018-04-16,11.46,11.56,11.39,11.39,2178130,HPG,11.47293029195461,11.464695438620831,-0.008234853333778602,-0.023962299590894996,0.015727446257116393,False,False,False,False,False,False,,
2018-04-17,11.44,11.44,11.18,11.31,3369400,HPG,11.460861381439454,11.440896140371473,-0.0199652410679807,-0.02316288788631214,0.0031976468183314392,False,False,False,False,False,False,,
2018-04-18,11.35,11.41,11.18,11.18,2757790,HPG,11.440056834666162,11.400758272622015,-0.039298562044146834,-0.026390022717879078,-0.012908539326267756,False,False,False,False,False,False,,
2018-04-19,11.1,11.2,10.8,10.8,5118490,HPG,11.392645217283484,11.308333922987858,-0.08431129429562567,-0.0379742770334284,-0.04633701726219727,False,False,False,True,False,False,,
2018-04-20,10.8,11.14,10.65,11.14,3297740,HPG,11.373930756743967,11.282436396374342,-0.09149436036962477,-0.048678293700667674,-0.0428160666689571,False,False,False,False,False,False,,
2018-04-23,11.16,11.16,10.52,10.53,2822400,HPG,11.311417367355524,11.166676950778289,-0.14474041657723546,-0.06789071827598124,-0.07684969830125422,False,False,False,False,False,False,,
2018-04-24,10.52,10.78,10.42,10.61,3808590,HPG,11.259460525329189,11.081034342966245,-0.17842618236294427,-0.08999781109337385,-0.08842837126957043,False,False,False,False,False,False,,
2018-04-26,10.61,10.76,10.06,10.14,4650560,HPG,11.176537523452954,10.936259828663745,-0.24027769478920824,-0.12005378783254073,-0.12022390695666751,False,False,False,False,False,False,,
2018-04-27,10.14,10.23,9.81,10.19,5135100,HPG,11.103460669863846,10.821450624253938,-0.2820100456099084,-0.15244503938801426,-0.12956500622189412,False,True,False,True,False,False,,
2018-05-02,10.31,10.5,10.1,10.31,4197690,HPG,11.044685805429486,10.742765912830256,-0.3019198925992299,-0.1823400100302574,-0.1195798825689725,False,False,False,False,False,False,,
2018-05-03,10.29,10.33,10.12,10.29,5325700,HPG,10.98878315317545,10.67310961854868,-0.3156735346267716,-0.20900671494956025,-0.10666681967721137,False,False,False,False,False,False,,
2018-05-04,10.38,10.48,10.21,10.23,2599490,HPG,10.932576993680973,10.604938908002728,-0.32763808567824526,-0.23273298909529727,-0.09490509658294799,False,False,False,False,False,False,,
2018-05-07,10.31,10.61,10.21,10.61,3773870,HPG,10.908682401556456,10.60571753754077,-0.3029648640156868,-0.24677936407937517,-0.05618549993631161,False,False,False,False,False,False,,
2018-05-08,10.59,10.97,10.46,10.8,4689060,HPG,10.900631853293016,10.635607147149882,-0.26502470614313367,-0.2504284324921269,-0.014596273651006797,False,False,False,False,False,False,,
2018-05-09,10.76,10.89,10.63,10.8,2016460,HPG,10.893177641937978,10.660898355280668,-0.23227928665730957,-0.2467986033251634,0.014519316667853832,False,False,True,False,False,False,,
2018-05-10,10.74,10.78,10.42,10.46,2628190,HPG,10.861090409201832,10.62999091600672,-0.2310994931951118,-0.2436587812991531,0.012559288104041305,False,False,False,False,False,False,,
2018-05-11,10.34,10.57,10.33,10.55,2728770,HPG,10.838046675186883,10.617684621236455,-0.22036205395042785,-0.23899943582940808,0.01863738187898023,False,False,False,False,False,False,,
2018-05-14,10.63,10.67,10.42,10.57,2798580,HPG,10.81819136591378,10.610348525661616,-0.20784284025216415,-0.2327681167139593,0.024925276461795154,False,False,False,False,False,False,,
2018-05-15,10.59,10.65,10.46,10.5,2482800,HPG,10.79462163510535,10.593371829405982,-0.20124980569936923,-0.2264644545110413,0.02521464881167207,True,False,True,False,False,False,,
2018-05-16,10.44,10.65,10.21,10.23,3144190,HPG,10.75279781028273,10.53746847103583,-0.21532933924690134,-0.22423743145821332,0.008908092211311974,False,False,False,False,False,False,,
2018-05-17,10.23,10.27,10.0,10.04,4117510,HPG,10.69999797248401,10.46093486010724,-0.23906311237676903,-0.22720256764192448,-0.011860544734844547,False,False,False,True,False,False,,
2018-05-18,10.08,10.21,9.95,10.21,3743020,HPG,10.663701826374083,10.42232949701382,-0.24137232936026365,-0.23003651998559232,-0.011335809374671324,False,False,False,False,False,False,,
2018-05-21,10.33,10.34,10.08,10.08,2366300,HPG,10.620464654050076,10.369663420550154,-0.25080123349992256,-0.2341894626884584,-0.01661177081146417,False,False,False,False,False,False,,
2018-05-22,10.02,10.04,9.57,9.57,6301030,HPG,10.542652457453775,10.246638278927053,-0.29601417852672185,-0.2465544058561111,-0.04945977267061075,False,False,False,False,False,False,,
2018-05-23,9.53,9.85,9.53,9.8,3291430,HPG,10.487641164309052,10.17792469755366,-0.30971646675539155,-0.2591868180359672,-0.050529648719424336,False,False,False,True,False,False,,
2018-05-24,9.85,9.93,9.78,9.93,3650040,HPG,10.44633441139727,10.139782436391558,-0.3065519750057124,-0.2686598494299163,-0.03789212557579613,False,False,False,False,False,False,,
2018-05-25,9.93,10.1,9.81,9.87,5347460,HPG,10.403642973515991,10.098277446177471,-0.3053655273385196,-0.27600098501163695,-0.02936454232688268,False,False,False,False,False,False,,
2018-05-28,9.59,9.85,9.23,9.23,5307490,HPG,10.316706456959253,9.964696300611706,-0.3520101563475464,-0.29120281927881886,-0.06080733706872754,False,True,False,True,False,False,,
2018-05-29,9.23,9.87,9.23,9.85,4982880,HPG,10.282135608295604,9.947050715902213,-0.33508489239339134,-0.29997923390173337,-0.035105658491657976,False,False,False,False,False,False,,
2018-05-30,9.87,10.12,9.64,10.0,6303310,HPG,10.261236674347781,9.955196759609565,-0.306039914738216,-0.3011913700690299,-0.004848544669186106,False,False,False,False,False,False,,
2018-05-31,10.02,10.63,10.0,10.63,9232180,HPG,10.288552476247945,10.059012642746556,-0.22953983350138962,-0.2868610627555019,0.05732122925411226,False,False,False,False,False,False,,
2018-06-01,10.7,10.88,10.63,10.8,6643770,HPG,10.326437478007357,10.173010697708623,-0.1534267802987337,-0.2601742062641483,0.10674742596541459,False,False,False,False,False,False,,
2018-06-04,10.97,11.37,10.86,11.37,5646190,HPG,10.403738405562368,10.357162898061143,-0.046575507501225744,-0.21745446651156378,0.17087895901033803,False,False,False,False,False,False,,
2018-06-05,11.37,11.41,11.08,11.18,6122250,HPG,10.4612392644096,10.483753221436352,0.022513957026751186,-0.1694607818039008,0.191974738830652,False,False,False,False,False,False,,
2018-06-06,11.22,11.56,11.08,11.52,6063330,HPG,10.539665985564445,10.643175802753836,0.10350981718939067,-0.11486666200524251,0.21837647919463318,False,False,False,False,False,False,,
2018-06-07,11.56,11.82,11.52,11.73,5446810,HPG,10.627838875522635,10.810379525407093,0.18254064988445862,-0.05538519962730228,0.2379258495117609,True,False,True,False,False,False,,
2018-06-08,11.75,11.75,11.6,11.61,3600330,HPG,10.700591551409847,10.933398059959847,0.2328065085500004,0.0022531420081582584,0.23055336654184214,False,False,False,False,False,False,,
2018-06-11,11.56,11.69,11.46,11.48,8041000,HPG,10.758325510564674,11.01749066611987,0.2591651555551966,0.053635544717565924,0.20552961083763066,False,False,False,False,False,False,,
2018-06-12,11.75,11.75,11.06,11.27,10591380,HPG,10.79622732459692,11.056338255947582,0.26011093135066155,0.09493062204418505,0.16518030930647648,False,False,False,False,False,False,,
2018-06-13,11.25,11.56,11.22,11.51,3666430,HPG,10.849099374626778,11.126132370417185,0.27703299579040674,0.1313510967934294,0.14568189899697734,False,False,False,False,False,False,,
2018-06-14,11.62,11.79,11.29,11.3,6574380,HPG,10.88249942095072,11.15288123650685,0.2703818155561297,0.15915724054596947,0.11122457501016025,False,False,False,False,False,False,,
2018-06-15,11.27,11.41,11.09,11.41,4820810,HPG,10.921573537917334,11.19243796935195,0.2708644314346156,0.1814986787236987,0.08936575271091687,False,False,False,False,False,False,,
2018-06-18,11.33,11.33,10.66,10.66,7388100,HPG,10.90219772029383,11.110524435605496,0.20832671531166724,0.1868642860412924,0.02146242927037484,False,False,False,False,False,False,,
2018-06-19,10.29,10.48,9.95,10.17,13163240,HPG,10.847960852123917,10.965828368589266,0.1178675164653491,0.17306493212610374,-0.055197415660754645,False,False,False,False,False,False,,
2018-06-20,10.34,10.61,10.03,10.61,5767930,HPG,10.830334122336959,10.911085542652456,0.08075142031549731,0.15460222976398247,-0.07385080944848516,False,False,False,False,False,False,,
2018-06-21,10.6,10.6,10.34,10.41,3879280,HPG,10.79919826142311,10.833995459167463,0.034797197744353525,0.13064122336005668,-0.09584402561570315,False,True,False,True,False,False,,
2018-06-22,10.34,10.86,10.29,10.86,7178290,HPG,10.803702093910287,10.837996157757084,0.03429406384679723,0.11137179145740479,-0.07707772761060756,False,False,False,False,False,False,,
2018-06-25,11.14,11.18,10.89,11.01,3464240,HPG,10.818983420287303,10.864458287332917,0.04547486704561443,0.09819240657504671,-0.052717539529432283,False,False,False,False,False,False,,
2018-06-26,10.77,10.91,10.61,10.9,2672780,HPG,10.82498464841417,10.869926243127852,0.04494159471368242,0.08754224420277386,-0.04260064948909144,False,False,False,False,False,False,,
2018-06-27,10.85,10.91,10.48,10.48,3374170,HPG,10.799430230013119,10.80993759033895,0.010507360325831883,0.07213526742738546,-0.06162790710155358,False,False,False,False,False,False,,
2018-06-28,10.29,10.56,10.24,10.3,4260340,HPG,10.762435398160296,10.731485653363727,-0.03094974479656898,0.051518264982594576,-0.08246800977916355,False,False,False,False,False,False,,
2018-06-29,10.29,10.4,10.07,10.19,5171070,HPG,10.720032776074348,10.648180168230846,-0.07185260784350156,0.02684409041737535,-0.0986966982608769,False,False,False,False,False,False,,
2018-07-02,10.08,10.21,9.81,10.19,6223040,HPG,10.680771088957728,10.577690911579946,-0.10308017737778208,0.0008592368583438641,-0.10393941423612595,False,False,False,False,False,False,,
2018-07-03,10.19,10.29,9.63,9.63,5823250,HPG,10.602936193479378,10.431892309798416,-0.17104388368096224,-0.03352138724951736,-0.13752249643144487,False,False,False,False,False,False,,
2018-07-04,9.76,9.93,9.6,9.84,3769000,HPG,10.546422401369794,10.340831954444814,-0.20559044692497963,-0.06793519918460982,-0.1376552477403698,False,False,False,False,False,False,,
2018-07-05,9.84,9.95,9.5,9.58,4246120,HPG,10.474835556823884,10.223780884530226,-0.2510546722936571,-0.10455909380641928,-0.1464955784872378,False,True,False,True,False,False,,
2018-07-06,9.56,10.03,9.34,9.76,5279160,HPG,10.42188477483693,10.152429979217883,-0.26945479561904584,-0.13753823416894462,-0.13191656145010122,False,False,False,False,False,False,,
2018-07-09,9.95,9.95,9.39,9.47,3847250,HPG,10.351374791515676,10.047440751645901,-0.30393403986977496,-0.1708173953091107,-0.13311664456066427,False,False,False,True,False,False,,
2018-07-10,9.42,9.58,9.42,9.42,3023470,HPG,10.282384066218219,9.95091140523884,-0.33147266097937944,-0.20294844844316445,-0.128524212536215,False,False,False,False,False,False,,
2018-07-11,9.26,9.39,8.97,9.12,7028880,HPG,10.196281542794647,9.823078881355942,-0.3732026614387056,-0.2369992910422727,-0.13620337039643293,False,False,False,False,False,False,,
2018-07-12,8.83,9.06,8.81,8.95,3327390,HPG,10.103964391476525,9.688759053455028,-0.4152053380214973,-0.2726405004381176,-0.14256483758337968,False,False,False,True,False,False,,
2018-07-13,9.07,9.46,9.03,9.44,4729750,HPG,10.054781843959745,9.650488429846561,-0.40429341411318376,-0.2989710831731308,-0.10532233094005294,False,False,False,False,False,False,,
2018-07-16,9.58,9.62,9.38,9.42,3329260,HPG,10.007760966629395,9.615028671408629,-0.3927322952207657,-0.3177233255826578,-0.07500896963810788,False,False,False,False,False,False,,
2018-07-17,9.28,9.59,9.28,9.58,3378710,HPG,9.976074969101292,9.60963964503807,-0.36643532406322166,-0.3274657252787706,-0.038969598784451054,False,False,False,False,False,False,,
2018-07-18,9.63,9.91,9.58,9.87,6330670,HPG,9.968217563982678,9.649695084262984,-0.31852247971969483,-0.32567707616695546,0.0071545964472606305,False,False,False,False,False,False,,
2018-07-19,9.93,10.01,9.84,9.87,3514150,HPG,9.96094218887285,9.683588148222524,-0.27735404065032654,-0.31601246906362973,0.03865842841330319,False,False,False,False,False,False,,
2018-07-20,9.76,9.81,9.62,9.73,4976130,HPG,9.943835360067455,9.690728433111365,-0.2531069269560895,-0.30343136064212173,0.05032443368603223,False,False,False,False,False,False,,
2018-07-23,9.84,9.97,9.71,9.8,5595420,HPG,9.933180888951348,9.707539443401924,-0.22564144554942445,-0.2878733776235823,0.062231932074157836,False,False,True,False,False,False,,
2018-07-24,9.79,9.8,9.31,9.39,12245700,HPG,9.892945267547544,9.65868722134009,-0.23425804620745438,-0.2771503113403567,0.04289226513290234,False,False,False,False,False,False,,
2018-07-25,9.39,9.5,9.34,9.42,5722050,HPG,9.857912284766245,9.621966110364692,-0.23594617440155297,-0.26890948395259595,0.032963309551042985,False,False,False,False,False,False,,
2018-07-26,9.42,9.68,9.39,9.68,8216850,HPG,9.844733597005783,9.630894401077816,-0.2138391959279673,-0.25789542634767026,0.04405623041970297,False,False,False,False,False,False,,
2018-07-27,9.75,9.91,9.64,9.89,4810640,HPG,9.848086663894243,9.670756800911999,-0.17732986298224418,-0.24178231367458508,0.0644524506923409,False,False,False,False,False,False,,
2018-07-30,9.97,10.03,9.79,9.83,6039970,HPG,9.846746911013188,9.695255754617845,-0.15149115639534294,-0.22372408221873666,0.07223292582339372,False,False,False,False,False,False,,
2018-07-31,9.79,9.99,9.69,9.91,5772660,HPG,9.851432325012212,9.728293330830486,-0.12313899418172625,-0.2036070646113346,0.08046807042960835,False,False,False,False,False,False,,
2018-08-01,9.92,10.12,9.89,9.97,6858830,HPG,9.860215115752048,9.76547897224118,-0.09473614351086823,-0.18183288039124135,0.08709673688037312,True,False,True,False,False,False,,
2018-08-02,9.95,9.95,9.68,9.88,6073010,HPG,9.861680662733377,9.783097591896382,-0.078583070836995,-0.1611829184803921,0.08259984764339709,False,False,False,False,False,False,,
2018-08-03,9.95,9.96,9.63,9.63,5949600,HPG,9.844519132160535,9.759544116220015,-0.08497501594052004,-0.1459413379724177,0.06096632203189767,False,False,False,False,False,False,,
2018-08-06,9.64,9.64,9.44,9.59,4646830,HPG,9.825665863111606,9.733460406032322,-0.09220545707928451,-0.13519416179379107,0.042988704714506554,False,False,False,False,False,False,,
2018-08-07,9.59,9.59,9.5,9.59,4866190,HPG,9.808209132510747,9.711389574335042,-0.09681955817570476,-0.12751924107017382,0.03069968289446906,False,False,False,False,False,False,,
2018-08-08,9.6,9.77,9.58,9.73,3433350,HPG,9.802415863435877,9.714252716745035,-0.08816314669084235,-0.11964802219430754,0.03148487550346518,False,False,True,False,False,False,,
2018-08-09,9.79,9.87,9.68,9.69,4586550,HPG,9.794088762440628,9.710521529553493,-0.08356723288713575,-0.1124318643328732,0.02886463144573745,False,False,False,False,False,False,,
2018-08-10,9.67,9.84,9.67,9.81,4206330,HPG,9.795267372630212,9.725825909622188,-0.06944146300802423,-0.1038337840679034,0.034392321059879175,False,False,False,False,False,False,,
2018-08-13,9.79,10.17,9.73,10.16,11400140,HPG,9.822284604287233,9.792621923526466,-0.029662680760766946,-0.08899956340647612,0.059336882645709174,False,False,False,False,False,False,,
2018-08-14,10.21,10.32,10.15,10.21,5313160,HPG,9.851004263228921,9.856833935291625,0.005829672062704461,-0.07003371631264001,0.07586338837534447,True,False,True,False,False,False,,
2018-08-15,10.21,10.28,9.89,9.95,4685310,HPG,9.85833728076752,9.871167176015991,0.01282989524847089,-0.05346099400041783,0.06629088924888872,False,False,False,False,False,False,,
2018-08-16,9.81,10.0,9.8,9.95,6993170,HPG,9.865127111821778,9.883295302782761,0.01816819096098321,-0.039135157008137626,0.05730334796912084,False,False,False,False,False,False,,
2018-08-17,10.05,10.13,9.93,10.0,3745240,HPG,9.875117696131275,9.901249871585414,0.026132175454138817,-0.02608169051568234,0.05221386596982116,False,False,False,False,False,False,,
2018-08-20,10.0,10.0,9.85,9.88,3542590,HPG,9.8754793482697,9.897980660572273,0.02250131230257324,-0.016365089952031227,0.03886640225460447,False,False,False,False,False,False,,
2018-08-21,9.84,9.95,9.83,9.95,3423060,HPG,9.880999396546018,9.905983635868846,0.024984239322828117,-0.008095224097059359,0.033079463419887475,False,False,False,False,False,False,,
2018-08-22,9.97,10.19,9.93,10.08,6056930,HPG,9.895740181987053,9.932755384196716,0.03701520220966259,0.0009268611642850311,0.03608834104537756,False,False,False,False,False,False,,
2018-08-23,10.05,10.17,10.05,10.11,3848180,HPG,9.911611279617642,9.960023786627989,0.04841250701034738,0.010423990333497503,0.03798851667684988,False,False,False,False,False,False,,
2018-08-24,10.08,10.19,10.03,10.17,5677060,HPG,9.93075118483115,9.992327819454452,0.061576634623301985,0.0206545191914584,0.040922115431843584,False,False,False,False,False,False,,
2018-08-27,10.24,10.42,10.21,10.33,5469600,HPG,9.960325171139955,10.044277385692228,0.08395221455227286,0.03331405826362129,0.05063815628865157,False,False,False,False,False,False,,
2018-08-28,10.34,10.66,10.34,10.58,11013110,HPG,10.006227010314774,10.126696249431884,0.12046923911711005,0.050745094434319044,0.069724144682791,False,False,False,False,False,False,,
2018-08-29,10.61,10.78,10.5,10.5,6878210,HPG,10.042802787328494,10.184127595673132,0.14132480834463834,0.0688610372163829,0.07246377112825544,True,False,True,False,False,True,,2018-08-14
2018-08-30,10.5,10.56,10.38,10.52,6445830,HPG,10.078150729007865,10.235800273261882,0.15764954425401712,0.08661873862390974,0.07103080563010737,False,False,False,False,False,False,,
2018-08-31,10.56,10.7,10.5,10.6,6134410,HPG,10.116806230562837,10.29183100045236,0.1750247698895233,0.10429994487703247,0.07072482501249085,False,False,False,False,False,False,,
2018-09-04,10.53,10.58,10.34,10.34,4474530,HPG,10.133339102372997,10.299241615767382,0.16590251339438566,0.11662045858050311,0.04928205481388255,False,False,False,False,False,False,,
2018-09-05,10.29,10.41,10.21,10.24,4632970,HPG,10.141239909604627,10.29012752103394,0.14888761142931273,0.12307388915026504,0.025813722279047685,False,False,False,False,False,False,,
2018-09-06,10.24,10.4,10.21,10.25,4485480,HPG,10.149296212596877,10.283954056259487,0.1346578436626107,0.12539068005273418,0.009267163609876505,False,False,False,False,False,False,,
2018-09-07,10.24,10.56,10.24,10.53,5407420,HPG,10.177496493145256,10.321807278373411,0.14431078522815532,0.12917470108781842,0.015136084140336903,False,False,True,False,False,True,,2018-08-14
2018-09-10,10.52,10.56,10.4,10.4,2575640,HPG,10.193978234393755,10.333836927854424,0.1398586934606687,0.1313114995623885,0.008547193898280209,False,False,False,False,False,False,,
2018-09-11,10.36,10.66,10.36,10.61,6918510,HPG,10.224794661475698,10.37632355433836,0.15152889286266102,0.13535497822244302,0.016173914640218,False,False,True,False,False,True,,2018-08-14
2018-09-12,10.64,10.68,10.48,10.48,5608340,HPG,10.243698760625646,10.392273776747842,0.14857501612219615,0.13799898580239364,0.010576030319802504,False,False,False,False,False,False,,
2018-09-13,10.53,10.68,10.48,10.54,4751230,HPG,10.265647000579303,10.415000888017405,0.1493538874381013,0.14026996612953518,0.009083921308566112,False,False,False,False,False,False,,
2018-09-14,10.56,10.62,10.48,10.48,4652530,HPG,10.281525000536393,10.425000751399342,0.14347575086294917,0.140911123076218,0.002564627786731166,False,False,False,False,False,False,,
2018-09-17,10.42,10.52,10.38,10.46,2372700,HPG,10.29474537086703,10.43038525118406,0.13563988031702934,0.13985687452438028,-0.004216994207350944,False,False,False,False,False,False,,
2018-09-18,10.4,10.46,10.29,10.46,7281960,HPG,10.30698645450651,10.434941366386512,0.12795491188000163,0.13747648199550455,-0.00952157011550292,False,False,False,False,False,False,,
2018-09-19,10.56,10.58,10.5,10.52,4490210,HPG,10.322765235654177,10.448027310019356,0.12526207436517822,0.1350336004694393,-0.009771526104261075,False,True,False,True,False,False,,
2018-09-20,10.58,10.85,10.53,10.85,9974190,HPG,10.361819662642757,10.50986926232407,0.14804959968131293,0.13763680031181402,0.010412799369498904,False,False,False,False,False,False,,
2018-09-21,10.88,10.98,10.78,10.95,14273500,HPG,10.405388576521073,10.577581683504981,0.172193106983908,0.14454806164623282,0.027645045337675173,False,False,False,False,False,False,,
2018-09-24,11.06,11.06,10.9,10.95,4430010,HPG,10.445730163445438,10.634876809119598,0.1891466456741604,0.15346777845181836,0.03567886722234204,False,False,False,False,False,False,,
2018-09-25,10.88,10.98,10.84,10.94,4476220,HPG,10.48234274393096,10.681818838485814,0.1994760945548535,0.1626694416724254,0.0368066528824281,False,False,True,False,False,False,,
2018-09-26,10.94,10.99,10.88,10.88,5014340,HPG,10.511798836973112,10.712308247949535,0.20050941097642294,0.17023743553322493,0.030271975443198013,False,False,False,False,False,False,,
2018-09-27,10.93,11.03,10.9,11.02,5592570,HPG,10.549443367567696,10.759645440572683,0.2102020730049876,0.17823036302757747,0.03197170997741014,False,False,False,False,False,False,,
2018-09-28,11.03,11.23,11.01,11.22,9618060,HPG,10.599114229229349,10.830469218946115,0.23135498971676682,0.18885528836541535,0.042499701351351477,False,False,False,False,False,False,,
2018-10-01,11.22,11.39,11.15,11.25,6816120,HPG,10.647327990027176,10.895012416031328,0.2476844260041524,0.20062111589316278,0.04706331011098963,True,False,True,False,False,False,,
2018-10-02,11.07,11.15,10.91,10.95,10602070,HPG,10.669748138914052,10.9034720443342,0.2337239054201472,0.20724167379855968,0.026482231621587526,False,False,False,False,False,False,,
2018-10-03,10.88,11.03,10.88,10.95,4992960,HPG,10.69050753603153,10.910630191359706,0.22012265532817565,0.20981787010448288,0.01030478522369277,False,False,False,False,False,False,,
2018-10-04,10.93,10.98,10.85,10.98,11906470,HPG,10.711951422251417,10.92130246961206,0.20935104736064325,0.20972450555571498,-0.0003734581950717297,False,False,False,False,False,False,,
2018-10-05,10.98,11.11,10.93,10.99,6048270,HPG,10.732547613195758,10.931871320440974,0.19932370724521675,0.20764434589361536,-0.008320638648398604,False,False,False,False,False,False,,
2018-10-08,10.93,10.99,10.89,10.93,3740940,HPG,10.747173715921997,10.931583424988517,0.18440970906651977,0.20299741852819625,-0.018587709461676483,False,False,False,False,False,False,,
2018-10-09,11.01,11.01,10.88,10.88,3708340,HPG,10.757012699927776,10.923647513451822,0.16663481352404652,0.19572489752736633,-0.029090084003319805,False,False,False,False,False,False,,
2018-10-10,10.9,11.07,10.86,10.98,6742900,HPG,10.773530277710902,10.932317126766927,0.1587868490560247,0.18833728783309803,-0.029550438777073335,False,False,False,False,False,False,,
2018-10-11,10.64,10.77,10.42,10.58,15991110,HPG,10.75919470158417,10.878114491879707,0.11891979029553745,0.17445378832558592,-0.055533998030048465,False,False,False,True,False,False,,
2018-10-12,10.45,10.82,10.45,10.82,6596990,HPG,10.76369879776312,10.86917380082129,0.10547500305817081,0.1606580312721029,-0.05518302821393209,False,False,False,False,False,False,,
2018-10-15,10.8,10.8,10.66,10.7,4218380,HPG,10.758980368299184,10.843147062233399,0.08416669393421472,0.14535976380452528,-0.06119306987031056,False,True,False,True,False,False,,
2018-10-16,10.7,10.81,10.7,10.81,2908510,HPG,10.762759600277024,10.838047514197491,0.07528791392046763,0.13134539382771376,-0.05605747990724613,False,False,False,False,False,False,,
2018-10-17,10.93,10.94,10.84,10.88,5125430,HPG,10.771444074330578,10.844501742782493,0.07305766845191464,0.11968784875255395,-0.04663018030063931,False,False,False,False,False,False,,
2018-10-18,10.88,10.91,10.8,10.88,4084530,HPG,10.779485254009796,10.849963013123649,0.07047775911385301,0.10984583082481376,-0.03936807171096075,False,False,False,False,False,False,,
2018-10-19,10.8,10.89,10.72,10.81,4992750,HPG,10.781745605564625,10.843814857258472,0.06206925169384725,0.10029051499862046,-0.03822126330477321,False,False,False,False,False,False,,
2018-10-22,10.82,10.86,10.64,10.64,2565350,HPG,10.771245931078356,10.812458725372554,0.04121279429419822,0.08847497085773602,-0.0472621765635378,False,False,False,False,False,False,,
2018-10-23,10.6,10.6,10.32,10.48,10012340,HPG,10.749672158405886,10.761311229161393,0.011639070755506964,0.07310779083729022,-0.06146872008178325,False,False,False,False,False,False,,
2018-10-24,10.4,10.58,10.4,10.4,5213790,HPG,10.723770517042487,10.705724886213487,-0.01804563082900046,0.05487710650403208,-0.07292273733303253,False,False,False,False,False,False,,
2018-10-25,10.08,10.38,10.04,10.34,7241940,HPG,10.695343071335635,10.64945951910372,-0.0458835522319152,0.03472497475684263,-0.08060852698875784,False,False,False,False,False,False,,
2018-10-26,10.42,10.5,10.32,10.32,5147210,HPG,10.667539880866329,10.59877343924161,-0.06876644162471912,0.01402669148053028,-0.0827931331052494,False,True,False,True,False,False,,
2018-10-29,10.25,10.32,10.24,10.3,4460930,HPG,10.64031470450586,10.552808294742901,-0.08750640976295898,-0.0062799287681675735,-0.0812264809947914,False,False,False,False,False,False,,
2018-10-30,10.24,10.44,10.24,10.26,2685010,HPG,10.612143244912833,10.507760864782455,-0.10438238013037804,-0.02590041904060967,-0.07848196108976838,False,False,False,False,False,False,,
2018-10-31,10.37,10.68,10.36,10.68,4239400,HPG,10.617169671215585,10.53425919327746,-0.08291047793812467,-0.03730243082011267,-0.045608047118012,False,False,False,False,False,False,,
2018-11-01,10.58,10.6,10.45,10.5,2241010,HPG,10.608490436310728,10.52898854815785,-0.07950188815287795,-0.04574232228666573,-0.033759565866212225,False,False,False,False,False,False,,
2018-11-02,10.61,10.65,10.56,10.61,3595700,HPG,10.608602255843266,10.541451848441257,-0.06715040740200884,-0.05002393930973435,-0.017126468092274486,False,False,False,False,False,False,,
2018-11-05,10.5,10.61,10.48,10.61,2233570,HPG,10.608705792447468,10.551997717911833,-0.05670807453563498,-0.05136076635491448,-0.005347308180720496,False,False,False,False,False,False,,
2018-11-06,10.64,10.65,10.5,10.5,1700170,HPG,10.600653511525433,10.54399806900232,-0.0566554425231125,-0.052419701588554087,-0.0042357409345584116,False,False,False,False,False,False,,
2018-11-07,10.5,10.56,10.38,10.38,2813620,HPG,10.584308806967993,10.518767596848118,-0.0655412101198749,-0.055044003294818254,-0.01049720682505665,False,False,False,False,False,False,,
2018-11-08,10.57,10.57,10.32,10.32,2801350,HPG,10.564730376822217,10.488187966563792,-0.07654241025842445,-0.0593436846875395,-0.017198725570884955,False,False,False,False,False,False,,
2018-11-09,10.24,10.3,9.97,9.97,5710610,HPG,10.520676274835386,10.408466740938593,-0.11220953389679345,-0.0699168545293903,-0.04229267936740315,False,False,False,False,False,False,,
2018-11-12,9.97,10.01,9.85,9.96,2803560,HPG,10.479144698921655,10.339471857717271,-0.1396728412043835,-0.08386805186438895,-0.055804789339994554,False,False,False,False,False,False,,
2018-11-13,9.81,9.89,9.76,9.79,5403540,HPG,10.428096943445976,10.254937725760769,-0.1731592176852068,-0.10172628502855252,-0.07143293265665429,False,False,False,False,False,False,,
2018-11-14,9.77,9.77,9.35,9.5,8274360,HPG,10.359349021709237,10.138793460259112,-0.22055556145012467,-0.12549214031286696,-0.09506342113725771,False,False,False,False,False,False,,
2018-11-15,9.42,9.54,9.22,9.28,6829060,HPG,10.279397242323368,10.006671389450018,-0.27272585287335005,-0.1549388828249636,-0.11778697004838645,False,False,False,False,False,False,,
2018-11-16,9.42,9.47,9.3,9.34,2321900,HPG,10.209812261410525,9.904106560303862,-0.3057057011066622,-0.18509224648130332,-0.12061345462535886,False,True,False,True,False,False,,
2018-11-19,9.42,9.5,9.32,9.4,1664620,HPG,10.149826167972709,9.826551704872498,-0.32327446310021024,-0.2127286898050847,-0.11054577329512555,False,False,False,False,False,False,,
2018-11-20,9.44,9.72,9.39,9.68,5710000,HPG,10.11502422960436,9.804005288738267,-0.3110189408660933,-0.23238674001728643,-0.07863220084880684,False,False,False,False,False,False,,
2018-11-21,9.56,9.76,9.55,9.68,3805730,HPG,10.08280021259663,9.784927552009302,-0.29787266058732875,-0.2454839241312949,-0.05238873645603384,False,False,False,False,False,False,,
2018-11-22,9.71,9.75,9.5,9.5,2743490,HPG,10.039629826478363,9.741092544007872,-0.29853728247049105,-0.25609459579913413,-0.04244268667135692,False,False,False,False,False,False,,
2018-11-23,9.5,9.55,9.42,9.43,2056060,HPG,9.99447206155404,9.693232152622045,-0.30123990893199526,-0.26512365842570634,-0.036116250506288916,False,False,False,False,False,False,,
2018-11-26,9.44,9.6,9.43,9.44,2477200,HPG,9.953400056994482,9.65427335991096,-0.2991266970835227,-0.2719242661572696,-0.027202430926253074,False,False,False,False,False,False,,
2018-11-27,9.5,9.6,9.44,9.44,1896260,HPG,9.915370423143038,9.621308227616964,-0.2940621955260738,-0.27635185203103046,-0.017710343495043357,False,False,False,False,False,False,,
2018-11-28,9.47,9.51,9.27,9.34,4090120,HPG,9.872750391799109,9.578030038752814,-0.2947203530462943,-0.28002555223408326,-0.014694800812211029,False,False,False,False,False,False,,
2018-11-29,9.39,9.46,9.07,9.07,4059480,HPG,9.813287399813989,9.499871571252381,-0.31341582856160777,-0.2867036074995882,-0.026712221062019592,False,False,False,False,False,False,,
2018-11-30,9.02,9.02,8.81,8.81,7469210,HPG,9.738969814642582,9.3937374833674,-0.3452323312751826,-0.2984093522547071,-0.0468229790204755,False,True,False,True,True,False,2018-10-26,
2018-12-03,9.02,9.28,9.02,9.23,3769340,HPG,9.701268346891279,9.368547101310877,-0.3327212455804016,-0.305271730919846,-0.02744951466055562,False,False,False,False,False,False,,
2018-12-04,9.28,9.34,9.08,9.18,4310860,HPG,9.662655876751185,9.339539854955358,-0.3231160217958262,-0.3088405890950421,-0.01427543270078413,False,False,False,False,False,False,,
2018-12-05,9.11,9.42,9.08,9.36,8092180,HPG,9.640236922917763,9.342687569577611,-0.29754935334015187,-0.3065823419440641,0.009032988603912218,False,False,False,False,False,False,,
2018-12-06,9.31,9.39,9.15,9.18,4632240,HPG,9.606145298997928,9.317658712719517,-0.2884865862784114,-0.3029631908109336,0.014476604532522197,False,False,False,False,False,False,,
2018-12-07,9.26,9.28,9.16,9.19,3363510,HPG,9.575319721294377,9.298018910762668,-0.27730081053170963,-0.2978307147550888,0.020529904223379192,True,False,True,False,False,False,,
2018-12-10,9.15,9.18,8.93,8.95,5397970,HPG,9.528999741939238,9.244477539876103,-0.28452220206313505,-0.2951690122166981,0.010646810153563058,False,False,False,False,False,False,,
2018-12-11,8.91,9.01,8.7,8.87,6978590,HPG,9.480184946240035,9.186865610664395,-0.2933193355756405,-0.2947990768884866,0.0014797413128461168,False,False,False,False,False,False,,
2018-12-12,8.89,8.95,8.75,8.91,3581530,HPG,9.437949024296328,9.144270901331412,-0.29367812296491635,-0.2945748861037726,0.0008967631388562269,False,False,False,False,False,False,,
2018-12-13,8.98,9.04,8.94,9.02,5480330,HPG,9.406989837311416,9.12515230112658,-0.2818375361848364,-0.2920274161199854,0.010189879935148971,False,False,True,False,False,False,,
2018-12-14,9.01,9.01,8.86,8.89,3865790,HPG,9.368694293806866,9.088975024030182,-0.2797192697766846,-0.2895657868513252,0.009846517074640626,False,False,False,False,False,False,,
2018-12-17,8.89,8.89,8.59,8.59,4480980,HPG,9.311013235006357,9.012209635717847,-0.29880359928850986,-0.2914133493387622,-0.007390249949747685,False,False,False,False,False,False,,
2018-12-18,8.41,8.5,8.13,8.25,8158460,HPG,9.232419662042922,8.894946614838178,-0.33747304720474425,-0.3006252889119586,-0.03684775829278564,False,False,False,False,False,False,,
2018-12-19,8.25,8.33,7.69,7.88,10969390,HPG,9.13224042781752,8.73880098178615,-0.39343944603136904,-0.3191881203358407,-0.07425132569552834,False,False,False,False,False,False,,
2018-12-20,7.85,8.0,7.77,7.94,6098080,HPG,9.04392632205326,8.61590852304982,-0.42801779900343995,-0.3409540560693606,-0.08706374293407937,False,False,False,False,False,False,,
2018-12-21,7.77,7.96,7.77,7.94,4460780,HPG,8.962154001901167,8.511922596426771,-0.4502314054743959,-0.36280952595036764,-0.08742187952402825,False,True,False,True,False,False,,
2018-12-24,7.94,8.09,7.94,8.09,3262070,HPG,8.89755000176034,8.44701142774573,-0.45053857401460995,-0.38035533556321616,-0.07018323845139379,False,False,False,False,False,False,,
2018-12-25,7.86,8.06,7.68,8.06,4800740,HPG,8.835509260889204,8.387471208092542,-0.44803805279666165,-0.3938918790099053,-0.054146173786756346,False,False,False,False,False,False,,
2018-12-26,8.06,8.06,7.89,8.04,3827010,HPG,8.776582648971486,8.334014099155228,-0.44256854981625793,-0.40362721317117584,-0.03894133664508209,False,False,False,False,False,False,,
2018-12-27,8.18,8.25,8.04,8.21,4873610,HPG,8.734613563862487,8.3149350069775,-0.41967855688498723,-0.40683748191393815,-0.012841074971049082,False,False,False,False,False,False,,
2018-12-28,8.17,8.21,8.09,8.21,7473800,HPG,8.695753299872672,8.298791159750191,-0.396962140122481,-0.4048624135556467,0.007900273433165739,False,False,False,False,False,False,,
2019-01-02,8.2,8.34,8.17,8.17,4196210,HPG,8.656808610993215,8.278977135173239,-0.3778314758199759,-0.3994562260085126,0.021624750188536712,True,False,True,False,False,False,,
2019-01-03,8.16,8.2,7.82,7.82,6877510,HPG,8.594822787956682,8.20836526822351,-0.3864575197331721,-0.39685648475344454,0.010398965020272433,False,False,False,False,False,False,,
2019-01-04,7.8,7.96,7.61,7.88,5841290,HPG,8.541872951811742,8.157847534650662,-0.3840254171610802,-0.3942902712349717,0.010264854073891494,False,False,False,False,False,False,,
2019-01-07,8.04,8.05,7.73,7.78,2488920,HPG,8.485437918344205,8.099717144704407,-0.3857207736397985,-0.39257637171593707,0.006855598076138558,False,False,False,False,False,False,,
2019-01-08,7.8,7.82,7.61,7.65,3150620,HPG,8.423553628096487,8.030529891672959,-0.39302373642352784,-0.39266584465745524,-0.0003578917660725933,False,True,False,True,False,False,,
2019-01-09,7.69,7.9,7.69,7.82,1876020,HPG,8.37884595194119,7.9981406775694275,-0.3807052743717634,-0.3902737306003169,0.009568456228553512,False,False,False,False,False,False,,
2019-01-10,7.85,7.98,7.82,7.9,1783870,HPG,8.34337588142703,7.983042111789516,-0.3603337696375135,-0.38428573840775626,0.02395196877024275,False,False,False,False,False,False,,
2019-01-11,7.9,7.93,7.78,7.78,2659370,HPG,8.301644334654657,7.951804863821898,-0.3498394708327597,-0.377396484892757,0.02755701405999733,False,False,False,False,False,False,,
2019-01-14,7.8,7.81,7.65,7.77,3226780,HPG,8.262263272828386,7.923834884772376,-0.33842838805601083,-0.3696028655254078,0.031174477469396944,False,False,False,False,False,False,,
2019-01-15,7.77,7.85,7.73,7.77,2640430,HPG,8.22579932669295,7.900167979422779,-0.3256313472701713,-0.3608085618743605,0.03517721460418921,False,False,False,False,False,False,,
2019-01-16,7.8,7.86,7.73,7.81,2981480,HPG,8.194999376567546,7.886295982588505,-0.3087033939790409,-0.3503875282952966,0.04168413431625573,False,False,True,False,False,False,,
2019-01-17,7.81,7.81,7.67,7.67,1957850,HPG,8.15611053385884,7.853019677574888,-0.3030908562839514,-0.34092819389302764,0.03783733760907626,False,False,False,False,False,False,,
2019-01-18,7.77,7.81,7.73,7.75,2120620,HPG,8.126028272091519,7.837170496409521,-0.2888577756819979,-0.3305141102508217,0.04165633456882384,False,False,False,False,False,False,,
2019-01-21,7.77,7.89,7.75,7.84,1917140,HPG,8.104840992677332,7.83760580465421,-0.26723518802312185,-0.3178583258052818,0.05062313778215993,False,False,False,False,False,False,,
2019-01-22,7.88,7.92,7.81,7.82,1665310,HPG,8.08374165988642,7.834897219322793,-0.24884444056362653,-0.30405554875695073,0.0552111081933242,False,False,False,False,False,False,,
2019-01-23,7.8,8.06,7.78,7.97,3788700,HPG,8.075316351746684,7.855682262503901,-0.21963408924278305,-0.2871712568541172,0.06753716761133416,False,False,False,False,False,False,,
2019-01-24,7.98,8.06,7.92,7.92,2387030,HPG,8.063811436802485,7.865577299041762,-0.19823413776072307,-0.2693838330354384,0.07114969527471532,True,False,True,False,False,False,,
2019-01-25,7.96,7.98,7.84,7.88,1609890,HPG,8.050195774817116,7.86779617611226,-0.18239959870485567,-0.25198698616932186,0.06958738746446619,False,False,False,False,False,False,,
2019-01-28,7.9,7.9,7.85,7.89,1711540,HPG,8.03832942112696,7.871212149018066,-0.16711727210889382,-0.23501304335723627,0.06789577124834245,False,False,False,False,False,False,,
2019-01-29,7.92,7.92,7.82,7.88,1814550,HPG,8.026601315858295,7.872564126092209,-0.15403718976608616,-0.21881787263900626,0.0647806828729201,False,False,False,False,False,False,,
2019-01-30,7.85,7.85,7.65,7.69,6765640,HPG,8.001667885053978,7.844477337462639,-0.15719054759133932,-0.20649240762947288,0.049301860038133555,False,False,False,False,False,False,,
2019-01-31,7.69,7.73,7.32,7.35,7171640,HPG,7.953396189864795,7.7684039009299255,-0.1849922889348692,-0.20219238389055214,0.01720009495568295,False,False,False,False,False,False,,
2019-02-01,7.39,7.48,7.16,7.24,7100180,HPG,7.900552027652587,7.687110993094553,-0.2134410345580342,-0.20444211402404858,-0.008998920533985627,False,True,False,True,False,False,,
2019-02-11,7.33,7.67,7.32,7.67,2836470,HPG,7.883474099678321,7.684478532618469,-0.19899556705985244,-0.20335280463120936,0.00435723757135692,False,False,False,False,False,False,,
2019-02-12,7.67,7.92,7.63,7.82,7952400,HPG,7.878772314516964,7.705327989138704,-0.17344432537826027,-0.19737110878061956,0.023926783402359292,False,False,False,False,False,False,,
2019-02-13,7.82,8.25,7.82,8.2,11079510,HPG,7.902566957886078,7.781431375425057,-0.12113558246102141,-0.18212400351669994,0.06098842105567853,False,False,False,False,False,False,,
2019-02-14,8.2,8.3,8.17,8.22,6455840,HPG,7.926080516561184,7.84890347151351,-0.07717704504767386,-0.16113461182289474,0.08395756677522087,False,False,False,False,False,False,,
2019-02-15,8.22,8.62,8.17,8.38,9326200,HPG,7.959704182001095,7.930610629742201,-0.029093552258894206,-0.13472639991009464,0.10563284765120043,False,False,False,False,False,False,,
2019-02-18,8.51,8.63,8.47,8.53,6374370,HPG,8.001948316667681,8.022824379012631,0.020876062344949986,-0.10360590745908571,0.1244819698040357,False,False,True,False,False,False,,
2019-02-19,8.61,8.62,8.39,8.41,5904440,HPG,8.03217436728489,8.082389859164534,0.05021549187964425,-0.07284162759133972,0.12305711947098397,False,False,False,False,False,False,,
2019-02-20,8.41,8.57,8.39,8.54,5878290,HPG,8.069791080819343,8.152791419293067,0.0830003384737239,-0.041673234378327,0.1246735728520509,False,False,False,False,False,False,,
2019-02-21,8.57,8.67,8.46,8.67,6010110,HPG,8.11425100075865,8.232361970171056,0.11811096941240606,-0.00971639362018039,0.12782736303258646,False,False,False,False,False,False,,
2019-02-22,8.66,9.01,8.63,8.99,8269150,HPG,8.17912129699875,8.348921667067817,0.16980037006906734,0.02618695911766916,0.14361341095139818,False,False,False,False,False,False,,
2019-02-25,9.14,9.43,9.07,9.23,11781980,HPG,8.25696416388773,8.484472179826614,0.22750801593888426,0.06645117048191218,0.16105684545697208,True,False,True,False,False,False,,
2019-02-26,9.23,9.39,9.08,9.15,7383610,HPG,8.323114966562713,8.586861075237904,0.2637461086751909,0.10591015812056792,0.15783595055462296,False,False,False,False,False,False,,
2019-02-27,9.27,9.27,9.06,9.12,4999180,HPG,8.382143487558068,8.668882448278227,0.28673896072015914,0.14207591864048616,0.14466304207967298,False,False,False,False,False,False,,
2019-02-28,9.16,9.18,8.91,8.91,6952800,HPG,8.421243969961173,8.705977456235424,0.2847334862742503,0.170607432167239,0.11412605410701132,False,False,False,False,False,False,,
2019-03-01,8.91,9.08,8.91,9.08,4610790,HPG,8.470040712927013,8.763519386045358,0.2934786731183454,0.1951816803574603,0.0982969927608851,False,False,False,False,False,False,,
2019-03-04,9.22,9.38,9.2,9.38,5020420,HPG,8.53744510456205,8.858362557422996,0.32091745286094664,0.2203288348581576,0.10058861800278904,False,False,True,False,False,False,,
2019-03-05,9.31,9.44,9.27,9.3,5704900,HPG,8.593930652372268,8.926306779357919,0.33237612698565044,0.2427382932836562,0.08963783370199424,False,False,False,False,False,False,,
2019-03-06,9.28,9.34,9.12,9.28,3373240,HPG,8.644750604048397,8.980721120995163,0.33597051694676594,0.26138473801627815,0.07458577893048779,False,False,False,False,False,False,,
2019-03-07,9.28,9.3,9.04,9.04,4555440,HPG,8.674028337081849,8.989840948534368,0.31581261145251993,0.27227031270352653,0.0435422987489934,False,False,False,False,False,False,,
2019-03-08,8.89,9.1,8.86,9.01,4654840,HPG,8.698915126927638,8.992942341067543,0.2940272141399056,0.27662169299080236,0.017405521149103265,False,False,False,False,False,False,,
2019-03-11,9.07,9.07,8.91,8.97,4858680,HPG,8.718995487895961,8.989412750134075,0.270417262238114,0.27538080684026467,-0.004963544602150649,False,False,False,False,False,False,,
2019-03-12,9.04,9.06,8.94,8.98,5262570,HPG,8.738329155459224,8.987964634728833,0.2496354792696085,0.2702317413261334,-0.020596262056524928,False,False,False,False,False,False,,
2019-03-13,9.02,9.11,8.99,9.11,3200950,HPG,8.76586032912891,9.006739306309013,0.24087897718010254,0.26436118849692725,-0.023482211316824708,False,False,False,False,False,False,,
2019-03-14,9.11,9.19,8.99,9.07,4362150,HPG,8.78838919363788,9.016471720723011,0.22808252708513166,0.25710545621456815,-0.029022929129436492,False,False,False,False,False,False,,
2019-03-15,8.75,8.78,8.45,8.46,17029640,HPG,8.764064068183222,8.930860686765625,0.1667966185824028,0.2390436886881351,-0.07224707010573231,False,False,False,False,False,False,,
2019-03-18,8.36,8.59,8.1,8.45,10578940,HPG,8.740800063132614,8.856882119570914,0.11608205643829983,0.21445136223816808,-0.09836930579986825,False,False,False,False,False,False,,
2019-03-19,8.43,8.47,8.25,8.46,7385900,HPG,8.720000058456124,8.79582333194462,0.0758232734884956,0.1867257444882336,-0.11090247099973799,False,True,False,True,False,False,,
2019-03-20,8.36,8.65,8.36,8.57,5625190,HPG,8.70888894301493,8.761081280876216,0.05219233786128541,0.15981906316284397,-0.10762672530155856,False,False,False,False,False,False,,
2019-03-21,8.57,8.61,8.47,8.49,2737980,HPG,8.692674947236046,8.71937646843372,0.026701521197674438,0.13319555476981007,-0.10649403357213563,False,False,False,False,False,False,,
2019-03-22,8.51,8.54,8.45,8.47,4192750,HPG,8.676180506700042,8.681010857905456,0.004830351205413308,0.10752251405693072,-0.10269216285151742,False,False,False,False,False,False,,
2019-03-25,8.25,8.39,8.25,8.33,3736290,HPG,8.650537506203742,8.627009187458462,-0.02352831874527972,0.08131234749648865,-0.10484066624176837,False,False,False,True,False,False,,
2019-03-26,8.38,8.42,8.3,8.38,3515960,HPG,8.630497690929392,8.589007774003314,-0.04148991692607851,0.05675189461197522,-0.09824181153805372,False,False,False,False,False,False,,
2019-03-27,8.46,8.58,8.39,8.58,2539450,HPG,8.626757121230918,8.587621962618188,-0.03913515861272998,0.03757448396703418,-0.07670964257976416,False,False,False,False,False,False,,
2019-03-28,8.53,8.61,8.51,8.61,2513150,HPG,8.62551585299159,8.591064737600005,-0.03445111539158496,0.023169364095310355,-0.05762047948689532,False,False,False,False,False,False,,
2019-03-29,8.63,8.67,8.46,8.54,6534270,HPG,8.619181345362584,8.583208624123081,-0.0359727212395029,0.011340947028347705,-0.047313668267850606,False,False,False,False,False,False,,
2019-04-01,8.5,8.54,8.46,8.47,3670350,HPG,8.608130875335727,8.56579191271953,-0.042338962616197406,0.0006049650994386837,-0.04294392771563609,False,False,False,False,False,False,,
2019-04-02,8.54,8.55,8.47,8.51,1796860,HPG,8.600861921607155,8.55720854153191,-0.043653380075244996,-0.008246703935498053,-0.03540667613974694,False,False,False,False,False,False,,
2019-04-03,8.49,8.53,8.46,8.51,3775800,HPG,8.594131408895514,8.54994568898854,-0.04418571990697373,-0.01543450712979319,-0.02875121277718054,False,False,False,False,False,False,,
2019-04-04,8.53,8.59,8.49,8.59,2765210,HPG,8.593825378606956,8.556107890682611,-0.03771748792434515,-0.019891103288703582,-0.017826384635641568,False,False,False,False,False,False,,
2019-04-05,8.59,8.66,8.55,8.62,1836710,HPG,8.595764239450885,8.56593744596221,-0.029826793488675563,-0.021878241328697978,-0.007948552159977584,False,False,False,False,False,False,,
2019-04-08,8.62,8.66,8.57,8.59,1380890,HPG,8.595337258750819,8.569639377352638,-0.0256978813981803,-0.022642169342594443,-0.0030557120555858575,False,False,False,False,False,False,,
2019-04-09,8.61,8.62,8.49,8.51,2884050,HPG,8.589015980324833,8.560464088529155,-0.02855189179567752,-0.02382411383321106,-0.00472777796246646,False,False,False,False,False,False,,
2019-04-10,8.49,8.5,8.39,8.47,2207380,HPG,8.580199981782252,8.546546536447746,-0.033653445334506316,-0.025789980133470114,-0.007863465201036202,False,False,False,False,False,False,,
2019-04-11,8.49,8.5,8.45,8.47,1516930,HPG,8.572037020168752,8.534770146225016,-0.037266873943735845,-0.028085358895523264,-0.009181515048212581,False,False,False,True,False,False,,
2019-04-12,8.47,8.5,8.45,8.5,1576930,HPG,8.566700944600695,8.52942089295963,-0.037280051641065626,-0.02992429744463174,-0.007355754196433886,False,False,False,False,False,False,,
2019-04-16,8.46,8.49,8.37,8.42,1546470,HPG,8.555834207963606,8.512586909427379,-0.043247298536227774,-0.03258889766295095,-0.010658400873276824,False,False,False,False,False,False,,
2019-04-17,8.42,8.45,8.36,8.38,1860340,HPG,8.542809451818155,8.492188923361628,-0.05062052845652687,-0.036195223821666136,-0.014425304634860733,False,False,False,False,False,False,,
2019-04-18,8.33,8.37,8.3,8.3,2388910,HPG,8.524823566498291,8.462621396690608,-0.06220216980768356,-0.04139661301886963,-0.020805556788813934,False,True,False,True,True,False,2019-03-19,
2019-04-19,8.32,8.41,8.32,8.38,1213930,HPG,8.514095894905825,8.44991041258436,-0.0641854823214647,-0.045954386879388645,-0.01823109544207606,False,False,False,False,False,False,,
2019-04-22,8.32,8.51,8.32,8.45,1823920,HPG,8.509348050838728,8.449924195263689,-0.05942385557503904,-0.04864828061851873,-0.01077557495652031,False,False,False,False,False,False,,
2019-04-23,8.49,8.49,8.45,8.46,1685950,HPG,8.505692639665488,8.451474319069275,-0.05421832059621323,-0.04976228861405763,-0.004456031982155599,False,False,False,False,False,False,,
2019-04-24,8.49,8.85,8.46,8.85,5801340,HPG,8.531196888579156,8.512785962289387,-0.01841092628976959,-0.04349201614920003,0.025081089859430437,False,False,False,False,False,False,,
2019-04-25,8.89,8.93,8.75,8.78,4094750,HPG,8.549626748684403,8.553895814244866,0.004269065560462693,-0.03393979980726749,0.03820886536773018,False,False,False,False,False,False,,
2019-04-26,8.81,8.97,8.78,8.91,2820780,HPG,8.57632106359667,8.60868107359181,0.032360009995141326,-0.020679837846785728,0.05303984784192706,False,False,False,False,False,False,,
2019-05-02,8.94,9.02,8.83,9.02,3807620,HPG,8.609186169996915,8.67196090842384,0.06277473842692416,-0.00398892259204375,0.06676366101896791,False,False,False,False,False,False,,
2019-05-03,9.02,9.12,8.94,9.06,3495970,HPG,8.642579787034181,8.731659230204787,0.0890794431706059,0.01462475056048618,0.07445469261011972,True,False,True,False,False,False,,
2019-05-06,8.86,8.97,8.81,8.87,4500050,HPG,8.659425728735354,8.752942425557897,0.09351669682254382,0.03040313981289771,0.0631135570096461,False,False,False,False,False,False,,
2019-05-07,8.97,8.97,8.86,8.89,2820070,HPG,8.676505304384586,8.774028206241297,0.09752290185671164,0.043827092221660494,0.05369580963505115,False,False,False,False,False,False,,
2019-05-08,8.82,8.83,8.75,8.79,2812600,HPG,8.684912318874616,8.776485405281097,0.09157308640648054,0.05337629105862451,0.038196795347856034,False,False,False,False,False,False,,
2019-05-09,8.77,8.82,8.65,8.73,2112430,HPG,8.688252147106127,8.76933380446862,0.08108165736249262,0.05891736431939813,0.022164293043094488,False,False,False,False,False,False,,
2019-05-10,8.78,8.81,8.65,8.71,1909270,HPG,8.68986309917234,8.760205526858062,0.07034242768572163,0.06120237699266284,0.009140050693058795,False,False,False,False,False,False,,
2019-05-13,8.74,8.74,8.49,8.5,3810530,HPG,8.675799165900315,8.720173907341437,0.0443747414411213,0.05783684988235453,-0.013462108441233231,False,False,False,False,False,False,,
2019-05-14,8.41,8.59,8.41,8.59,1820770,HPG,8.66944367212992,8.700147152365831,0.03070348023591052,0.052410175953065734,-0.021706695717155215,False,False,False,False,False,False,,
2019-05-15,8.59,8.67,8.57,8.59,2537170,HPG,8.663558955675851,8.683201436617242,0.019642480941390872,0.045856636950730764,-0.026214156009339892,False,False,False,False,False,False,,
2019-05-16,8.61,8.67,8.57,8.57,1378610,HPG,8.656628662662825,8.66578583098382,0.009157168320994558,0.038516743224783524,-0.029359574903788967,False,False,False,False,False,False,,
2019-05-17,8.57,8.59,8.54,8.55,1491570,HPG,8.64873024320632,8.64797262621708,-0.0007576169892402618,0.030661871181978766,-0.03141948817121903,False,True,False,True,False,False,,
2019-05-20,8.55,8.77,8.55,8.7,2216410,HPG,8.652528002968815,8.655976837568298,0.003448834599483419,0.025219263865479697,-0.021770429265996278,False,False,False,False,False,False,,
2019-05-21,8.74,8.81,8.7,8.73,2147580,HPG,8.65826666941557,8.667365016403945,0.009098346988375638,0.021995080490058886,-0.012896733501683248,False,False,False,False,False,False,,
2019-05-22,8.75,8.86,8.73,8.75,2514350,HPG,8.665061730940343,8.680078090803338,0.015016359862995543,0.02059933636464622,-0.005582976501650676,False,False,False,False,False,False,,
2019-05-23,8.75,8.77,8.66,8.69,2533270,HPG,8.666909010129947,8.681604538372055,0.014695528242107514,0.01941857474013848,-0.004723046498030965,False,False,False,False,False,False,,
2019-05-24,8.62,8.66,8.53,8.53,3667800,HPG,8.656767601972174,8.658280763237892,0.0015131612657182103,0.015837492045254427,-0.014324330779536217,False,False,False,False,False,False,,
2019-05-27,8.51,8.58,8.51,8.54,1699260,HPG,8.648118149974236,8.640083722739755,-0.008034427234481,0.011063108189307343,-0.019097535423788344,False,False,False,False,False,False,,
2019-05-28,8.62,8.62,8.5,8.5,2839040,HPG,8.63714643516133,8.618532380779794,-0.01861405438153696,0.005127675675138482,-0.02374173005667544,False,False,False,True,False,False,,
2019-05-29,8.57,8.62,8.5,8.62,1660260,HPG,8.635876328853085,8.618758168352132,-0.01711816050095294,0.0006785084399201979,-0.017796668940873138,False,False,False,False,False,False,,
2019-05-30,8.62,8.62,8.47,8.49,4194290,HPG,8.625070674863968,8.59894921937488,-0.026121455489088063,-0.004681484345881455,-0.02143997114320661,False,False,False,True,False,False,,
2019-05-31,8.49,8.54,8.49,8.51,3394280,HPG,8.616546921170341,8.585264724086436,-0.03128219708390567,-0.010001626893486298,-0.021280570190419373,False,False,False,False,False,False,,
2019-06-03,8.5,8.51,8.33,8.36,12274790,HPG,8.597543445528094,8.550608612688523,-0.04693483283957178,-0.017388268082703398,-0.029546564756868385,False,False,False,False,False,False,,
2019-06-04,8.48,8.55,8.29,8.38,3337800,HPG,8.581429116229717,8.524361133813365,-0.05706798241635269,-0.02532421094943326,-0.03174377146691943,False,False,False,False,False,False,,
2019-06-05,8.41,8.52,8.17,8.21,2988710,HPG,8.55391584836085,8.475997882457463,-0.07791796590338684,-0.035842961940223975,-0.04207500396316287,False,False,False,False,False,False,,
2019-06-06,8.24,8.24,7.71,7.83,7082600,HPG,8.500292452185972,8.376613592848623,-0.12367885933734968,-0.053410141419649115,-0.07026871791770056,False,False,False,False,False,False,,
2019-06-07,7.93,8.03,7.88,7.91,5101320,HPG,8.456567085357381,8.304826886256526,-0.15174019910085512,-0.07307615295589032,-0.0786640461449648,False,False,False,False,False,False,,
2019-06-10,8.02,8.07,7.88,7.9,6567230,HPG,8.415339893849428,8.242545826832444,-0.17279406701698363,-0.09301973576810899,-0.07977433124887465,False,True,False,True,False,False,,
2019-06-11,7.93,8.0,7.83,7.93,4409100,HPG,8.379388790601322,8.194461853473607,-0.1849269371277149,-0.11140117604003018,-0.07352576108768473,False,False,False,False,False,False,,
2019-06-12,7.9,8.02,7.88,7.97,3132550,HPG,8.349063695001224,8.159929260631513,-0.189134434369711,-0.12694782770596635,-0.06218660666374465,False,False,False,False,False,False,,
2019-06-13,8.07,8.07,7.9,7.93,2523260,HPG,8.318021939815948,8.124555528226665,-0.19346641158928257,-0.1402515444826296,-0.05321486710665296,False,False,False,False,False,False,,
2019-06-14,7.93,7.95,7.91,7.91,2068100,HPG,8.287798092422173,8.091546985422562,-0.19625110699961112,-0.1514514569860259,-0.04479965001358521,False,False,False,False,False,False,,
2019-06-17,7.91,7.93,7.74,7.74,3644160,HPG,8.247220455946458,8.037462833819092,-0.20975762212736626,-0.163112690014294,-0.046644932113072274,False,False,False,True,False,False,,
2019-06-18,7.74,7.97,7.74,7.95,5058220,HPG,8.22520412587635,8.02400701323154,-0.20119711264481133,-0.17072957454039744,-0.030467538104413883,False,False,False,False,False,False,,
2019-06-19,8.09,8.22,8.03,8.22,8365940,HPG,8.224818635070696,8.054159780426687,-0.17065885464400843,-0.17071543056111965,5.657591711122345e-05,False,False,False,False,False,False,,
2019-06-20,8.31,8.31,8.14,8.14,4370160,HPG,8.218535773213606,8.06736596805335,-0.15116980516025613,-0.16680630548094696,0.015636500320690833,False,False,False,False,False,False,,
2019-06-21,8.24,8.24,8.14,8.17,4429070,HPG,8.214940530753339,8.083155819122066,-0.1317847116312727,-0.15980198671101212,0.028017275079739418,False,False,False,False,False,False,,
2019-06-24,8.21,8.29,8.03,8.05,3089270,HPG,8.2027227136605,8.078054923872518,-0.12466778978798132,-0.15277514732640599,0.028107357538424665,True,False,True,False,False,False,,
2019-06-25,8.0,8.07,7.93,7.97,3284860,HPG,8.185483994130092,8.061431089430592,-0.12405290469950003,-0.14703069880102482,0.022977794101524784,False,False,False,False,False,False,,
2019-06-26,7.95,8.02,7.9,7.9,1906040,HPG,8.164337031601937,8.0365955372105,-0.12774149439143656,-0.14317285791910717,0.015431363527670605,False,False,False,False,False,False,,
2019-06-27,7.9,7.91,7.78,7.78,3756880,HPG,8.135867621853645,7.997119300716577,-0.1387483211370686,-0.14228795056269944,0.0035396294256308525,False,False,False,False,False,False,,
2019-06-28,7.78,8.1,7.74,8.1,3923340,HPG,8.133210760975597,8.012947100606334,-0.12026366036926284,-0.13788309252401212,0.017619432154749287,False,False,True,False,False,False,,
2019-07-01,8.0,8.03,7.86,7.93,3836540,HPG,8.118158112014441,8.00018600820536,-0.11797210380908218,-0.13390089478102615,0.015928790971943968,False,False,False,False,False,False,,
2019-07-02,7.93,7.93,7.78,7.79,4776600,HPG,8.093850103717076,7.967849699250689,-0.12600040446638694,-0.13232079671809832,0.006320392251711382,False,False,False,False,False,False,,
2019-07-03,7.79,7.81,7.62,7.64,6315440,HPG,8.060231577515811,7.917411283981352,-0.14282029353445935,-0.13442069608137053,-0.008399597453088825,False,False,False,False,False,False,,
2019-07-04,7.59,7.76,7.59,7.69,5056190,HPG,8.032807016218344,7.882424932599605,-0.15038208361873906,-0.13761297358884425,-0.012769110029894809,False,False,False,False,False,False,,
2019-07-05,7.69,7.74,7.64,7.69,3066930,HPG,8.007413903905874,7.852821096815051,-0.15459280709082357,-0.14100894028924013,-0.013583866801583439,False,False,False,False,False,False,,
2019-07-08,7.66,7.69,7.48,7.5,7429100,HPG,7.969827688801735,7.798540928074274,-0.17128676072746085,-0.1470645043768843,-0.024222256350576565,False,False,False,False,False,False,,
2019-07-09,7.52,7.57,7.36,7.36,6316400,HPG,7.9246552674090145,7.731073092985925,-0.19358217442308945,-0.15636803838612534,-0.03721413603696411,False,False,False,False,False,False,,
2019-07-10,7.38,7.5,7.34,7.36,3745990,HPG,7.882828951304643,7.673984924834244,-0.20884402647039924,-0.16686323600298014,-0.041980790467419093,False,True,False,True,False,False,,
2019-07-11,7.38,7.47,7.38,7.43,3104040,HPG,7.849286066022818,7.636448782552052,-0.21283728347076547,-0.17605804549653722,-0.036779237974228246,False,False,False,False,False,False,,
2019-07-12,7.48,7.59,7.47,7.55,3366890,HPG,7.827116727798906,7.623148969851736,-0.20396775794716948,-0.1816399879866637,-0.022327769960505783,False,False,False,False,False,False,,
2019-07-15,7.59,7.59,7.4,7.4,3902390,HPG,7.7954784516656535,7.588818359105316,-0.20666009256033746,-0.18664400890139846,-0.020016083658939005,False,False,False,False,False,False,,
2019-07-16,7.45,7.47,7.4,7.45,3475800,HPG,7.769887455245975,7.567461688473729,-0.20242576677224555,-0.18980036047556786,-0.012625406296677688,False,False,False,False,False,False,,
2019-07-17,7.47,7.47,7.34,7.36,5461170,HPG,7.739525421524051,7.535544505631616,-0.2039809158924344,-0.19263647155894117,-0.011344444333493214,False,False,False,False,False,False,,
2019-07-18,7.36,7.38,7.19,7.22,8482000,HPG,7.701042056966713,7.486999197072906,-0.2140428598938069,-0.19691774922591432,-0.017125110667892574,False,False,False,False,False,False,,
2019-07-19,7.24,7.31,7.03,7.1,11182000,HPG,7.656520423117327,7.427460859061689,-0.2290595640556381,-0.20334611219185908,-0.02571345186377902,False,True,False,True,False,False,,
2019-07-22,7.1,7.31,7.0,7.16,6886080,HPG,7.619741132516044,7.38631303459066,-0.23342809792538421,-0.2093625093385641,-0.02406558858682012,False,False,False,False,False,False,,
2019-07-23,7.17,7.5,7.17,7.48,9013000,HPG,7.609389937514855,7.400726413884404,-0.2086635236304515,-0.2092227121969416,0.0005591885664901208,False,False,False,False,False,False,,
2019-07-24,7.48,7.52,7.38,7.43,3697610,HPG,7.596101793995236,7.405230042517572,-0.19087175147766366,-0.20555252005308602,0.01468076857542236,False,False,False,False,False,False,,
2019-07-25,7.41,7.72,7.41,7.72,9473450,HPG,7.6052794388844775,7.453656189822562,-0.15162324906191582,-0.194766665854852,0.04314341679293618,False,False,False,False,False,False,,
2019-07-26,7.79,7.95,7.74,7.78,9789570,HPG,7.618221702670812,7.50386292984986,-0.1143587728209523,-0.17868508724807208,0.06432631442711978,False,False,False,False,False,False,,
2019-07-29,7.78,7.78,7.5,7.62,6954310,HPG,7.6183534283989,7.52173017141142,-0.09662325698748031,-0.16227272119595373,0.06564946420847342,False,False,True,False,False,False,,
2019-07-30,7.62,7.66,7.41,7.41,6111110,HPG,7.602919841110093,7.504540914271201,-0.09837892683889127,-0.14949396232454124,0.05111503548564997,False,False,False,False,False,False,,
2019-07-31,7.38,7.78,7.34,7.78,6538340,HPG,7.616036889916752,7.546919235152555,-0.06911765476419696,-0.13341870081247237,0.06430104604827541,False,False,False,False,False,False,,
2019-08-01,7.76,7.84,7.67,7.79,5949030,HPG,7.6289230462192155,7.584316275898316,-0.044606770320899436,-0.11565631471415778,0.07104954439325835,True,False,True,False,False,False,,
2019-08-02,7.66,7.78,7.62,7.74,7142250,HPG,7.637150968721496,7.6082676180678055,-0.02888335065369052,-0.09830172190206433,0.06941837124837381,False,False,False,False,False,False,,
2019-08-05,7.71,7.76,7.59,7.64,6163970,HPG,7.63736200807546,7.613149522980451,-0.02421248509500895,-0.08348387454065326,0.05927138944564431,False,False,False,False,False,False,,
2019-08-06,7.43,7.59,7.43,7.5,5651180,HPG,7.627187044514314,7.5957419040603815,-0.03144514045393265,-0.07307612772330914,0.04163098726937649,False,False,False,False,False,False,,
2019-08-07,7.55,7.64,7.52,7.62,3485020,HPG,7.626654670846587,7.599473918820323,-0.0271807520262648,-0.06389705258390027,0.03671630055763547,False,False,False,False,False,False,,
2019-08-08,7.64,8.03,7.64,8.03,11123430,HPG,7.65653210263573,7.665708700540272,0.009176597904542838,-0.04928232248621165,0.05845892039075449,False,False,False,False,False,False,,
2019-08-09,8.07,8.1,7.93,7.97,3683200,HPG,7.6797519468849345,7.7125227466110005,0.032770799726066,-0.03287169804375612,0.06564249776982212,False,False,False,False,False,False,,
2019-08-12,7.97,8.22,7.97,8.14,8127360,HPG,7.713844395263829,7.778288477901617,0.06444408263778811,-0.013408541907447277,0.0778526245452354,False,False,False,False,False,False,,
2019-08-13,8.03,8.24,8.03,8.09,6419220,HPG,7.741707773392434,7.826244096685984,0.08453632329354921,0.0061804311327520196,0.07835589216079719,True,False,True,False,False,False,,
2019-08-14,8.21,8.21,8.07,8.09,3871400,HPG,7.767507197585587,7.866821927965063,0.09931473037947569,0.024807290982096757,0.07450743939737893,False,False,False,False,False,False,,
2019-08-15,7.93,8.02,7.86,8.02,6880640,HPG,7.786210368134803,7.890387785201208,0.10417741706640449,0.0406813161989583,0.06349610086744618,False,False,False,False,False,False,,
2019-08-16,8.02,8.05,7.9,7.95,8856190,HPG,7.798342933458151,7.8995588951702524,0.10121596171210179,0.052788245301587,0.048427716410514784,False,False,False,False,False,False,,
2019-08-19,7.93,8.03,7.91,7.95,2540900,HPG,7.809576790239028,7.90731906514406,0.09774227490503229,0.06177905122227606,0.03596322368275623,False,False,False,False,False,False,,
2019-08-20,7.95,8.03,7.84,7.9,4790700,HPG,7.816274805776878,7.906193055121897,0.08991824934501924,0.0674068908468247,0.022511358498194536,False,False,False,False,False,False,,
2019-08-21,7.9,8.02,7.86,8.0,4819580,HPG,7.829884079423035,7.920624892795452,0.0907408133724168,0.07207367535194312,0.018667138020473678,False,False,False,False,False,False,,
2019-08-22,8.03,8.05,7.93,7.95,3314500,HPG,7.8387815550213285,7.92514414005769,0.08636258503636185,0.07493145728882686,0.011431127747534992,False,False,False,False,False,False,,
2019-08-23,8.02,8.09,7.97,8.07,5386570,HPG,7.855908847241971,7.9474296569718925,0.09152080972992138,0.07824932777704577,0.013271481952875613,False,False,True,False,False,True,,2019-08-01
2019-08-26,7.97,7.98,7.83,7.86,5677560,HPG,7.856211895594418,7.933978940514678,0.0777670449202601,0.07815287120568865,-0.0003858262854285477,False,False,False,False,False,False,,
2019-08-27,7.93,7.95,7.72,7.72,8995460,HPG,7.846122125550387,7.90105910351242,0.054936977962032785,0.07350969255695747,-0.018572714594924683,False,False,False,False,False,False,,
2019-08-28,7.72,7.76,7.62,7.67,4335410,HPG,7.833076042176284,7.865511549125895,0.032435506949610726,0.06529485543548813,-0.032859348485877404,False,False,False,False,False,False,,
2019-08-29,7.67,7.67,7.59,7.64,4942140,HPG,7.818774113126189,7.830817464644988,0.012043351518799206,0.054644554652150346,-0.04260120313335114,False,False,False,False,False,False,,
2019-08-30,7.64,7.74,7.6,7.66,3329430,HPG,7.807013067709434,7.804537854699605,-0.0024752130098288916,0.0432206011197545,-0.045695814129583394,False,False,False,False,False,False,,
2019-09-03,7.66,7.69,7.47,7.47,5373060,HPG,7.782049136767995,7.753070492438127,-0.028978644329868075,0.02878075202982999,-0.05775939635969807,False,False,False,False,False,False,,
2019-09-04,7.41,7.52,7.41,7.45,5849460,HPG,7.75745290441481,7.706444262832261,-0.05100864158254925,0.012822873307354142,-0.06383151488990339,False,False,False,True,False,False,,
2019-09-05,7.47,7.57,7.45,7.48,2479020,HPG,7.73690083742112,7.67160668393499,-0.06529415348613021,-0.0028005320513427284,-0.06249362143478748,False,False,False,False,False,False,,
2019-09-06,7.52,7.55,7.38,7.38,4205690,HPG,7.71046373835289,7.626744117175761,-0.08371962117712872,-0.01898434987649993,-0.0647352713006288,False,False,False,False,False,False,,
2019-09-09,7.41,7.43,7.31,7.31,3551180,HPG,7.680799757734158,7.578014252994874,-0.10278550473928316,-0.03574458084905658,-0.06704092389022659,False,True,False,True,False,False,,
2019-09-10,7.31,7.36,7.28,7.34,3449940,HPG,7.655555331235331,7.541396675611048,-0.11415865562428351,-0.051427395804101966,-0.06273125982018155,False,False,False,False,False,False,,
2019-09-11,7.34,7.6,7.33,7.6,4701010,HPG,7.651440121514195,7.550412571670887,-0.10102754984330797,-0.06134742661194317,-0.0396801232313648,False,False,False,False,False,False,,
2019-09-12,7.64,7.79,7.64,7.78,5565420,HPG,7.660963075476107,7.58573371449075,-0.07522936098535649,-0.06412381348662584,-0.011105547498730647,False,False,False,False,False,False,,
2019-09-13,7.76,7.81,7.72,7.79,4664730,HPG,7.670521366181581,7.617159296876789,-0.05336206930479204,-0.06197146465025908,0.008609395345467043,False,False,False,False,False,False,,
2019-09-16,7.74,7.81,7.67,7.81,5400470,HPG,7.680853116834798,7.646827097357283,-0.0340260194775146,-0.05638237561571019,0.022356356138195588,False,False,False,False,False,False,,
2019-09-17,7.81,7.83,7.72,7.83,3597090,HPG,7.691901034106294,7.675007543917701,-0.01689349018859332,-0.04848459853028682,0.0315911083416935,False,False,False,False,False,False,,
2019-09-18,7.83,7.95,7.79,7.93,6151170,HPG,7.709537994542865,7.7142371525457465,0.004699158002881454,-0.03784784722365316,0.042547005226534616,False,False,False,False,False,False,,
2019-09-19,7.93,7.95,7.83,7.91,3407530,HPG,7.724387031984135,7.744354513692555,0.01996748170842011,-0.02628478143723851,0.04625226314565862,True,False,True,False,False,False,,
2019-09-20,7.91,7.91,7.78,7.81,5099340,HPG,7.730728733318643,7.754453819278316,0.02372508595967293,-0.01628280795785622,0.04000789391752915,False,False,False,False,False,False,,
2019-09-23,7.79,7.79,7.59,7.59,5357440,HPG,7.720304382702447,7.729153231697037,0.008848848994589709,-0.011256476567367037,0.020105325561956745,False,False,False,False,False,False,,
2019-09-24,7.57,7.64,7.53,7.64,1984900,HPG,7.714355909909673,7.715437349897493,0.0010814399878196213,-0.008788893256329705,0.009870333244149326,False,False,False,False,False,False,,
2019-09-25,7.62,7.62,7.5,7.55,3962320,HPG,7.702181398064512,7.689985449913263,-0.012195948151249247,-0.009470304235313615,-0.0027256439159356327,False,False,False,False,False,False,,
2019-09-26,7.59,7.67,7.48,7.67,3332860,HPG,7.6997975908004745,7.686910765311223,-0.01288682548925113,-0.01015360848610112,-0.002733217003150011,False,False,False,False,False,False,,
2019-09-27,7.67,7.74,7.64,7.64,3189980,HPG,7.6953681396300695,7.679693724494112,-0.015674415135957354,-0.011257769816072367,-0.004416645319884987,False,False,False,False,False,False,,
2019-09-30,7.66,7.67,7.57,7.57,3421220,HPG,7.686081610768583,7.662817766879634,-0.023263843888948976,-0.01365898463064769,-0.009604859258301287,False,False,False,False,False,False,,
2019-10-01,7.57,7.66,7.53,7.55,4063670,HPG,7.676001491452392,7.6454611873596905,-0.030540304092701476,-0.017035248523058447,-0.013505055569643029,False,False,False,False,False,False,,
2019-10-02,7.59,7.6,7.48,7.5,4362700,HPG,7.6629643439374,7.623082543150508,-0.039881800786892185,-0.021604558975825194,-0.01827724181106699,False,False,False,False,False,False,,
2019-10-03,7.48,7.48,7.4,7.43,4558270,HPG,7.645707725867963,7.5933775365119685,-0.05233018935599443,-0.02774968505185904,-0.024580504304135387,False,False,False,False,False,False,,
2019-10-04,7.45,7.48,7.34,7.36,4775630,HPG,7.624544190618485,7.557473300125512,-0.06707089049297288,-0.03561392614008181,-0.03145696435289107,False,False,False,False,False,False,,
2019-10-07,7.36,7.41,7.31,7.34,3320870,HPG,7.603466843165264,7.524015869336972,-0.07945097382829225,-0.0443813356777239,-0.03506963815056835,False,True,False,True,False,False,,
2019-10-08,7.38,7.55,7.33,7.55,3977030,HPG,7.599506336264134,7.528013427900515,-0.0714929083636191,-0.04980365021490294,-0.02168925814871616,False,False,False,False,False,False,,
2019-10-09,7.55,7.55,7.48,7.55,3081260,HPG,7.595839200244568,7.531395977454282,-0.06444322279028647,-0.05273156472997965,-0.011711658060306822,False,False,False,False,False,False,,
2019-10-10,7.55,7.62,7.41,7.41,3934250,HPG,7.582073333559785,7.512719673230546,-0.06935366032923973,-0.05605598384983167,-0.013297676479408063,False,False,False,True,False,False,,
2019-10-11,7.45,7.48,7.38,7.41,4148140,HPG,7.569327160703505,7.496916646579692,-0.07241051412381339,-0.05932688990462801,-0.013083624219185373,False,False,False,False,False,False,,
2019-10-14,7.48,7.48,7.4,7.4,2957400,HPG,7.556784408058801,7.48200639325974,-0.07477801479906176,-0.062417114883514764,-0.012360899915547001,False,False,False,False,False,False,,
2019-10-15,7.41,7.48,7.36,7.36,3612960,HPG,7.542207785239631,7.463236178912087,-0.07897160632754385,-0.06572801317232059,-0.013243593155223263,False,False,False,False,False,False,,
2019-10-16,7.38,7.41,7.34,7.34,2621160,HPG,7.527229430777436,7.444276766771766,-0.0829526640056697,-0.06917294333899042,-0.013779720666679277,False,True,False,True,False,False,,
2019-10-17,7.34,7.47,7.34,7.38,4831150,HPG,7.516323547016145,7.434388033422264,-0.08193551359388085,-0.07172545738996851,-0.01021005620391234,False,False,False,False,False,False,,
2019-10-18,7.43,7.43,7.34,7.38,2289250,HPG,7.506225506496431,7.426020643664993,-0.08020486283143846,-0.0734213384782625,-0.00678352435317596,False,False,False,False,False,False,,
2019-10-21,7.38,7.4,7.31,7.31,3170430,HPG,7.491690283792992,7.408171313870378,-0.08351896992261398,-0.0754408647671328,-0.008078105155481186,False,False,False,True,False,False,,
2019-10-22,7.31,7.47,7.31,7.45,4095850,HPG,7.488602114623141,7.414606496351858,-0.07399561827128309,-0.07515181546796286,0.0011561971966797674,False,False,False,False,False,False,,
2019-10-23,7.45,7.62,7.45,7.53,6895670,HPG,7.491668624651057,7.432359343066957,-0.05930928158409987,-0.07198330869119027,0.012674027107090396,False,False,False,False,False,False,,
2019-10-24,7.55,7.62,7.53,7.59,5143080,HPG,7.49895243023246,7.4566117518258865,-0.04234067840657385,-0.06605478263426698,0.023714104227693128,False,False,False,False,False,False,,
2019-10-25,7.59,7.59,7.5,7.52,2378380,HPG,7.5005115094745,7.466363790006519,-0.03414771946798112,-0.059673370001009814,0.025525650533028695,False,False,False,False,False,False,,
2019-10-28,7.52,7.69,7.47,7.66,7281100,HPG,7.5123254717356485,7.496153976159363,-0.01617149557628572,-0.050972995116065,0.034801499539779276,False,False,False,False,False,False,,
2019-10-29,7.66,7.74,7.62,7.66,5344070,HPG,7.523264325681156,7.52136105675023,-0.001903268930925961,-0.04115904987903719,0.03925578094811123,True,False,True,False,False,False,,
2019-10-30,7.67,7.67,7.59,7.59,3066190,HPG,7.528207708964033,7.531920894173272,0.0037131852092384676,-0.03218460286138206,0.03589778807062053,False,False,False,False,False,False,,
2019-10-31,7.59,7.6,7.48,7.52,5768030,HPG,7.527599730522253,7.5300869104543064,0.002487179932053607,-0.02525024630269493,0.027737426234748536,False,False,False,False,False,False,,
2019-11-01,7.55,7.62,7.52,7.55,4059500,HPG,7.529259009742827,7.533150462692106,0.0038914529492792838,-0.01942190645230009,0.023313359401579373,False,False,False,False,False,False,,
2019-11-04,7.62,7.66,7.48,7.5,6038610,HPG,7.527091675687802,7.528050391508705,0.0009587158209027891,-0.015345781997659515,0.016304497818562302,False,False,False,False,False,False,,
2019-11-05,7.52,7.64,7.5,7.55,5517760,HPG,7.5287885885998165,7.5314272543535195,0.0026386657537029734,-0.011748892447387018,0.014387558201089992,False,False,False,False,False,False,,
2019-11-06,7.59,7.64,7.57,7.59,4525660,HPG,7.533322767222052,7.540438445991439,0.007115678769387124,-0.00797597820403219,0.015091656973419314,False,False,False,False,False,False,,
2019-11-07,7.64,7.84,7.62,7.83,13242680,HPG,7.555298858538937,7.584986377377372,0.029687518838434457,-0.00044327879553886056,0.03013079763397332,False,False,False,False,False,False,,
2019-11-08,7.83,7.86,7.76,7.83,5281950,HPG,7.575647091239757,7.622680780857776,0.04703368961801857,0.009052114887172625,0.03798157473084594,False,False,False,False,False,False,,
2019-11-11,7.79,7.97,7.79,7.86,8000180,HPG,7.596710269666442,7.6591914299565795,0.062481160290137616,0.019737923967765622,0.042743236322371994,False,False,False,False,False,False,,
2019-11-12,7.84,7.97,7.78,7.93,6553550,HPG,7.621398397839298,7.7008542868863366,0.07945588904703893,0.03168151698362029,0.04777437206341864,True,False,True,False,False,False,,
2019-11-13,7.97,7.98,7.81,7.81,6513310,HPG,7.635368886888239,7.71764593505767,0.0822770481694306,0.04180062322078235,0.04047642494864825,False,False,False,False,False,False,,
2019-11-14,7.81,7.88,7.76,7.81,5526590,HPG,7.648304524896518,7.731854252741105,0.08354972784458692,0.050150444145543274,0.033399283699043644,False,False,False,False,False,False,,
2019-11-15,7.81,7.86,7.78,7.81,3431350,HPG,7.6602819674967755,7.743876675396319,0.08359470789954315,0.05683929689634326,0.02675541100319989,False,False,False,False,False,False,,
2019-11-18,7.83,7.93,7.83,7.9,3835760,HPG,7.678038858793311,7.76789564841227,0.08985678961895882,0.06344279544086637,0.026413994178092454,False,False,False,False,False,False,,
2019-11-19,7.91,7.91,7.83,7.86,4169110,HPG,7.691517461845658,7.782065548656536,0.09054808681087856,0.0688638537148688,0.021684233096009753,False,False,False,False,False,False,,
2019-11-20,7.86,7.86,7.67,7.72,6959150,HPG,7.69362727948672,7.772517002709376,0.0788897232226562,0.07086902761642629,0.008020695606229908,False,False,False,False,False,False,,
2019-11-21,7.69,7.71,7.59,7.59,7500750,HPG,7.685951184709926,7.7444374638310105,0.05848627912108473,0.06839247791735797,-0.009906198796273247,False,False,False,False,False,False,,
2019-11-22,7.66,7.71,7.59,7.62,5765620,HPG,7.68106591176845,7.725293238626239,0.04422732685778907,0.0635594477054442,-0.01933212084765512,False,False,False,False,False,False,,
2019-11-25,7.64,7.71,7.59,7.67,4233870,HPG,7.680246214600417,7.716786586529896,0.03654037192947879,0.058155632550251114,-0.021615260620772327,False,True,False,True,False,False,,
2019-11-26,7.71,7.86,7.71,7.81,5487610,HPG,7.689857606111497,7.731127111679143,0.04126950556764619,0.05477840715373013,-0.013508901586083935,False,False,False,False,False,False,,
2019-11-27,7.84,7.86,7.78,7.79,3524960,HPG,7.697275561214349,7.740184479113121,0.042908917898771826,0.05240450930273847,-0.009495591403966643,False,False,False,False,False,False,,
2019-11-28,7.79,7.83,7.74,7.79,3754940,HPG,7.704144038161434,7.74784840540341,0.04370436724197546,0.050664480890585874,-0.006960113648610412,False,False,False,False,False,False,,
2019-11-29,7.79,7.91,7.74,7.88,6338320,HPG,7.717170405705032,7.768179419956731,0.051009014251699014,0.050733387562808506,0.0002756266888905082,False,False,False,False,False,False,,
2019-12-02,7.88,8.0,7.88,7.91,9096550,HPG,7.731454079356511,7.789997970732618,0.05854389137610738,0.05229548832546828,0.006248403050639104,False,False,False,False,False,False,,
2019-12-03,7.91,8.17,7.83,8.09,9332060,HPG,7.758013036441214,7.836152129081446,0.07813909264023255,0.057464209188421135,0.02067488345181142,False,False,False,False,False,False,,
2019-12-04,8.07,8.14,8.05,8.09,4913700,HPG,7.782604663371495,7.8752056476843,0.0926009843128055,0.06449156421329802,0.02810942009950748,False,False,True,False,False,False,,
2019-12-05,8.05,8.09,7.95,7.97,5182270,HPG,7.7964857994180505,7.889789394194407,0.09330359477635675,0.07025397032590977,0.023049624450446976,False,False,False,False,False,False,,
2019-12-06,7.97,8.24,7.97,8.22,7127130,HPG,7.82785722168338,7.940591025856806,0.11273380417342604,0.07874993709541303,0.033983867078013014,False,False,False,False,False,False,,
2019-12-09,8.22,8.43,8.22,8.34,7902140,HPG,7.865793723780907,8.002038560340374,0.13624483655946662,0.09024891698822375,0.04599591957124287,False,False,False,False,False,False,,
2019-12-10,8.34,8.47,8.31,8.41,10161370,HPG,7.906105299797137,8.064801858749547,0.15869655895241053,0.10393844538106112,0.05475811357134941,False,False,False,False,False,False,,
2019-12-11,8.38,8.41,8.24,8.41,5402830,HPG,7.943430833145497,8.11790926509577,0.17447843195027346,0.1180464426949036,0.056431989255369866,True,False,True,False,False,False,,
2019-12-12,8.38,8.41,8.31,8.34,4152040,HPG,7.9728063269865705,8.152077070465651,0.17927074347908079,0.13029130285173904,0.04897944062734175,False,False,False,False,False,False,,
2019-12-13,8.34,8.45,8.21,8.21,9476390,HPG,7.990376228691269,8.160988290394013,0.17061206170274357,0.13835545462193996,0.032256607080803607,False,False,False,False,False,False,,
2019-12-16,8.21,8.24,8.12,8.19,5120410,HPG,8.005163174714138,8.165451630333395,0.16028845561925742,0.14274205482140345,0.017546400797853967,False,False,False,False,False,False,,
2019-12-17,8.19,8.22,7.9,7.98,9866630,HPG,8.003299235846423,8.136920610282104,0.13362137443568045,0.14091791874425885,-0.007296544308578401,False,False,False,False,False,False,,
2019-12-18,7.98,7.98,7.76,7.78,7586700,HPG,7.986758551709651,8.08200974716178,0.09525119545212934,0.13178457408583294,-0.036533378633703595,False,False,False,False,False,False,,
2019-12-19,7.78,7.97,7.78,7.86,5752800,HPG,7.977369029360789,8.047854401444583,0.07048537208379457,0.11952473368542528,-0.04903936160163071,False,False,False,False,False,False,,
2019-12-20,7.91,8.02,7.86,7.93,5415140,HPG,7.9738602123711,8.029722955068493,0.055862742697392775,0.10679233548781877,-0.050929592790426,False,True,False,True,False,False,,
2019-12-23,7.98,8.1,7.91,7.95,4009100,HPG,7.9720927892325,8.017457885057956,0.045365095825456336,0.09450688755534628,-0.049141791729889944,False,False,False,False,False,False,,
2019-12-24,7.95,8.03,7.91,8.0,3219640,HPG,7.974159990030093,8.014772056587502,0.04061206655740879,0.08372792335575878,-0.04311585679834999,False,False,False,False,False,False,,
2019-12-25,8.0,8.07,7.98,7.98,2378750,HPG,7.974592583361197,8.009422509420194,0.03482992605899682,0.07394832389640639,-0.03911839783740957,False,False,False,False,False,False,,
2019-12-26,8.03,8.03,7.93,7.93,3007690,HPG,7.971289429038145,7.997203661817087,0.025914232778942115,0.06434150567291354,-0.03842727289397142,False,False,False,False,False,False,,
2019-12-27,7.93,8.12,7.88,8.12,4181570,HPG,7.982305026887171,8.01609540615292,0.03379037926574835,0.058231280391480504,-0.024440901125732155,False,False,False,False,False,False,,
2019-12-30,8.16,8.22,8.1,8.16,2937980,HPG,7.995467617488122,8.038234574437086,0.04276695694896393,0.05513841570297719,-0.012371458754013263,False,False,False,False,False,False,,
2019-12-31,8.16,8.17,8.05,8.1,2876730,HPG,8.003210756933447,8.047736947600612,0.04452619066716501,0.05301597069581476,-0.008489780028649752,False,False,False,False,False,False,,
2020-01-02,8.1,8.28,8.05,8.28,4232230,HPG,8.023713663827266,8.083469724892826,0.05975606106555986,0.05436398876976379,0.005392072295796073,False,False,False,False,False,False,,
2020-01-03,8.34,8.4,8.29,8.33,7832210,HPG,8.046401540580801,8.1213974595247,0.07499591894389823,0.05849037480459068,0.016505544139307556,False,False,False,False,False,False,,
2020-01-06,8.28,8.36,8.22,8.28,5371060,HPG,8.063705130167408,8.145797850367053,0.08209272019964509,0.06321084388360157,0.018881876316043517,True,False,True,False,False,False,,
2020-01-07,8.31,8.34,8.14,8.17,4871220,HPG,8.071578824229082,8.14952125800289,0.07794243377380816,0.06615716186164289,0.011785271912165274,False,False,False,False,False,False,,
2020-01-08,8.1,8.16,7.98,8.09,6421130,HPG,8.072943355767668,8.140364141387062,0.0674207856193938,0.06640988661319308,0.0010108990062007162,False,False,False,False,False,False,,
2020-01-09,8.14,8.33,8.14,8.28,4613440,HPG,8.088280884970063,8.161846581173668,0.07356569620360531,0.06784104853127554,0.0057246476723297746,False,False,False,False,False,False,,
2020-01-10,8.31,8.47,8.29,8.34,10006180,HPG,8.106926745342651,8.189254799454643,0.08232805411199173,0.07073844964741878,0.011589604464572953,False,False,False,False,False,False,,
2020-01-13,8.34,8.41,8.31,8.36,4456520,HPG,8.125672912354307,8.215523291846235,0.08985037949192787,0.0745608356163206,0.01528954387560727,False,False,False,False,False,False,,
2020-01-14,8.36,8.64,8.34,8.62,9565300,HPG,8.162289733661396,8.277750477716046,0.11546074405464957,0.08274081730398639,0.03271992675066318,False,False,False,False,False,False,,
2020-01-15,8.64,8.74,8.59,8.67,5881520,HPG,8.199897901538328,8.338096558067424,0.13819865652909513,0.09383238514900813,0.044366271380087,False,False,False,False,False,False,,
2020-01-16,8.62,8.74,8.6,8.72,6855030,HPG,8.238423982905859,8.39685093374936,0.15842695084350034,0.10675129828790658,0.051675652555593754,False,False,True,False,False,False,,
2020-01-17,8.72,8.84,8.59,8.62,6329150,HPG,8.26668887306098,8.431181559326381,0.16449268626540103,0.11829957588340548,0.046193110381995556,False,False,False,False,False,False,,
2020-01-20,8.62,8.79,8.52,8.79,5711790,HPG,8.305452660241649,8.486384396353092,0.1809317361114431,0.130826007929013,0.05010572818243009,False,False,False,False,False,False,,
2020-01-21,8.88,8.97,8.81,8.91,5911660,HPG,8.350233944668194,8.551556027683386,0.20132208301519228,0.14492522294624885,0.05639686006894343,False,False,False,False,False,False,,
2020-01-22,8.91,9.1,8.91,9.07,8919900,HPG,8.403549948766846,8.63131663880902,0.22776669004217354,0.1614935163654338,0.06627317367673974,True,False,True,False,False,False,,
2020-01-30,8.81,8.93,8.6,8.72,13028790,HPG,8.426990693302635,8.644960232838402,0.21796953953576725,0.1727887209995005,0.045180818536266765,False,False,False,False,False,False,,
2020-01-31,8.62,8.72,8.31,8.31,10994970,HPG,8.418324716020958,8.5934278893248,0.1751031733038424,0.17325161146036888,0.0018515618434735148,False,False,False,False,False,False,,
2020-02-03,8.03,8.55,7.83,8.47,12079180,HPG,8.42215251483422,8.574438983274831,0.1522864684406109,0.16905858285641728,-0.016772114415806394,False,False,False,False,False,False,,
2020-02-04,8.5,8.55,8.31,8.48,8086090,HPG,8.426437513735388,8.559909908924856,0.13347239518946807,0.16194134532302745,-0.02846895013355938,False,False,False,False,False,False,,
2020-02-05,8.57,8.62,8.34,8.43,6938550,HPG,8.426701401606842,8.539923769090263,0.11322236748342185,0.15219754975510635,-0.038975182271684505,False,False,False,True,False,False,,
2020-02-06,8.41,8.69,8.38,8.69,9214150,HPG,8.446205001487815,8.563012419999454,0.11680741851163923,0.14511952350641294,-0.028312104994773712,False,False,False,False,False,False,,
2020-02-07,8.69,8.72,8.34,8.4,8120240,HPG,8.442782408785014,8.537933586153384,0.0951511773683702,0.1351258542788044,-0.039974676910434215,False,False,False,False,False,False,,
2020-02-10,8.28,8.5,8.26,8.4,4794830,HPG,8.439613341467606,8.51671303443748,0.07709969296987396,0.12352062201701833,-0.04642092904714437,False,False,False,False,False,False,,
2020-02-11,8.43,8.48,8.09,8.14,12551620,HPG,8.417419760618154,8.45875718298556,0.04133742236740545,0.10708398208709576,-0.0657465597196903,False,False,False,False,False,False,,
2020-02-12,8.1,8.33,8.09,8.21,9581940,HPG,8.402055333905698,8.420486847141628,0.01843151323592984,0.08935348831686259,-0.07092197508093274,False,False,False,False,False,False,,
2020-02-13,8.19,8.24,8.14,8.17,5263180,HPG,8.384866049912684,8.38195040911984,-0.002915640792844343,0.0708996624949212,-0.07381530328776555,False,True,False,True,False,False,,
2020-02-14,8.14,8.19,8.05,8.17,5052290,HPG,8.36895004621545,8.349342653870634,-0.01960739234481501,0.05279825152697397,-0.07240564387178898,False,False,False,False,False,False,,
2020-02-17,8.17,8.22,8.14,8.19,2716840,HPG,8.355694487236526,8.324828399428998,-0.030866087807527975,0.036065383660073586,-0.06693147146760156,False,False,False,False,False,False,,
2020-02-18,8.22,8.22,8.03,8.03,7456030,HPG,8.33156896966345,8.27947018413223,-0.05209878553122138,0.018432549821814595,-0.07053133535303598,False,False,False,True,False,False,,
2020-02-19,8.03,8.09,7.97,8.02,5481650,HPG,8.308489786725417,8.239551694265732,-0.06893809245968541,0.0009584213655145935,-0.0698965138252,False,False,False,False,False,False,,
2020-02-20,8.09,8.19,8.02,8.19,5225250,HPG,8.299712765486497,8.231928356686389,-0.06778440880010805,-0.012790144667609936,-0.05499426413249812,False,False,False,False,False,False,,
2020-02-21,8.19,8.21,8.1,8.12,4513960,HPG,8.286400708783793,8.214708609503868,-0.07169209927992526,-0.024570535590073002,-0.04712156368985226,False,False,False,False,False,False,,
2020-02-24,7.84,7.98,7.83,7.83,12938030,HPG,8.252593248873882,8.155522669580195,-0.09707057929368723,-0.03907054433079585,-0.058000034962891384,False,False,False,True,False,False,,
2020-02-25,7.79,7.97,7.79,7.97,5303830,HPG,8.231660415623965,8.12698072041401,-0.10467969520995446,-0.05219237450662757,-0.05248732070332689,False,False,False,False,False,False,,
2020-02-26,7.84,7.93,7.83,7.84,4502880,HPG,8.202648532985153,8.082829840350318,-0.11981869263483524,-0.06571763813226911,-0.05410105450256614,False,False,False,True,False,False,,
2020-02-27,7.83,7.95,7.83,7.91,3318240,HPG,8.180970863875142,8.056240634142576,-0.12473022973256676,-0.07752015645232864,-0.047210073280238116,False,False,False,False,False,False,,
2020-02-28,7.78,7.86,7.67,7.71,6583970,HPG,8.146084133217725,8.002972844274487,-0.14311128894323843,-0.0906383829505106,-0.05247290599272783,False,False,False,False,False,False,,
2020-03-02,7.66,7.76,7.66,7.69,3957540,HPG,8.112300123349746,7.954823175924566,-0.15747694742518004,-0.1040060958454445,-0.05347085157973554,False,False,False,True,True,False,2020-02-13,
2020-03-03,7.86,7.86,7.69,7.69,4411940,HPG,8.081018632731245,7.914081148859248,-0.16693748387199747,-0.1165923734507551,-0.05034511042124237,False,False,False,False,False,False,,
2020-03-04,7.72,7.79,7.71,7.71,2946050,HPG,8.05353577104745,7.882684049034749,-0.17085172201270105,-0.1274442431631443,-0.04340747884955676,False,False,False,False,False,False,,
2020-03-05,7.79,7.81,7.71,7.71,2594810,HPG,8.028088676895788,7.856117272260173,-0.1719714046356149,-0.13634967545763843,-0.03562172917797646,False,False,False,False,False,False,,
2020-03-06,7.71,7.74,7.67,7.72,3035470,HPG,8.005267293422026,7.835176153450915,-0.17009113997111136,-0.143097968360333,-0.026993171610778355,False,False,False,False,False,False,,
2020-03-09,7.19,7.43,7.19,7.19,16567350,HPG,7.944877123538913,7.7359182836892355,-0.20895883984967778,-0.15627014265820197,-0.052688697191475814,False,False,False,True,True,False,2020-02-13,
2020-03-10,7.07,7.5,7.07,7.47,8137980,HPG,7.909701040313809,7.695007778506276,-0.21469326180753345,-0.16795476648806829,-0.04673849531946517,False,False,False,False,False,False,,
2020-03-11,7.48,7.52,6.95,7.09,8527920,HPG,7.848982444735008,7.601929658736079,-0.2470527859989291,-0.18377437039024044,-0.06327841560868866,False,False,False,False,False,False,,
2020-03-12,6.74,6.83,6.6,6.64,13041040,HPG,7.759428189569452,7.45394048046899,-0.3054877091004622,-0.2081170381322848,-0.09737067096817739,False,False,False,False,False,False,,
2020-03-13,6.22,6.79,6.19,6.57,12836580,HPG,7.671322397749493,7.317949637319915,-0.3533727604295782,-0.2371681825917435,-0.11620457783783472,False,False,False,False,False,False,,
2020-03-16,6.62,6.84,6.53,6.59,9283920,HPG,7.591224442360641,7.205957385424543,-0.3852670569360983,-0.26678795746061446,-0.11847909947548385,False,True,False,True,False,False,,
2020-03-17,6.41,6.66,6.41,6.62,6053400,HPG,7.519281891074668,7.115810095359229,-0.403471795715439,-0.2941247251115794,-0.10934707060385962,False,False,False,False,False,False,,
2020-03-18,6.69,6.93,6.67,6.79,10396530,HPG,7.465261010254322,7.065685465303963,-0.3995755449503591,-0.31521488907933537,-0.0843606558710237,False,False,False,False,False,False,,
2020-03-19,6.69,6.72,6.52,6.6,7773200,HPG,7.401167602087335,6.994041547564891,-0.4071260545224433,-0.333597122167957,-0.07352893235448632,False,False,False,False,False,False,,
2020-03-20,6.64,6.66,6.41,6.41,13401260,HPG,7.327747779710496,6.904189001785677,-0.42355877792481866,-0.35158945331932934,-0.07196932460548933,False,False,False,False,False,False,,
2020-03-23,6.0,6.21,5.97,5.97,12947170,HPG,7.227173870102311,6.760467616895572,-0.46670625320673853,-0.3746128132968112,-0.09209343990992735,False,False,False,False,False,False,,
2020-03-24,5.86,5.98,5.74,5.9,13831390,HPG,7.1288646945391765,6.628087983527023,-0.5007767110121533,-0.39984559283987964,-0.10093111817227363,False,False,False,True,False,False,,
2020-03-25,6.16,6.16,6.0,6.14,7758210,HPG,7.055615457906645,6.5529975245228655,-0.502617933383779,-0.42040006094865956,-0.08221787243511947,False,False,False,False,False,False,,
2020-03-26,6.05,6.07,5.83,5.84,8514960,HPG,6.965569868432079,6.443305597673194,-0.5222642707588845,-0.4407729029107046,-0.0814913678481799,False,False,False,False,False,False,,
2020-03-27,5.83,5.86,5.45,5.59,13442640,HPG,6.863675804103777,6.31202781341578,-0.5516479906879974,-0.4629479204661632,-0.08870007022183424,False,False,False,True,False,False,,
2020-03-30,5.28,5.76,5.26,5.64,10870540,HPG,6.773033151947941,6.208638919044121,-0.5643942329038198,-0.48323718295369456,-0.08115704995012529,False,False,False,False,False,False,,
2020-03-31,5.64,5.98,5.26,5.81,11163440,HPG,6.701697362914761,6.147309854575795,-0.5543875083389658,-0.4974672480307488,-0.05692026030821695,False,False,False,False,False,False,,
2020-04-01,5.76,6.03,5.74,5.95,4859650,HPG,6.646016076772926,6.116954492333365,-0.5290615844395612,-0.5037861153125113,-0.02527546912704992,False,False,False,False,False,False,,
2020-04-03,5.95,6.1,5.93,6.09,6503290,HPG,6.604829700715673,6.112807647359001,-0.4920220533566715,-0.5014333029213434,0.009411249564671875,False,False,False,False,False,False,,
2020-04-06,6.26,6.5,6.17,6.5,10207240,HPG,6.597064537699698,6.172375701611463,-0.4246888360882348,-0.48608440955472165,0.06139557346648683,False,False,False,False,False,False,,
2020-04-07,6.57,6.59,6.29,6.55,7655220,HPG,6.593578275647868,6.230471747517392,-0.3631065281304764,-0.46148883326987267,0.09838230513939628,False,False,False,False,False,False,,
2020-04-08,6.34,6.48,6.31,6.45,5106690,HPG,6.5829428478221,6.264245324822408,-0.3186975229996918,-0.43293057121583656,0.11423304821614477,False,False,False,False,False,False,,
2020-04-09,6.48,6.55,6.4,6.4,7134720,HPG,6.569391525761203,6.285130659465114,-0.2842608662960888,-0.403196630231887,0.11893576393579819,False,False,False,False,False,False,,
2020-04-10,6.38,6.55,6.31,6.48,5558450,HPG,6.562769931260373,6.315110558008943,-0.24765937325143028,-0.37208917883579573,0.12442980558436545,False,False,False,False,False,False,,
2020-04-13,6.48,6.72,6.45,6.67,9039420,HPG,6.5707128993151604,6.369708933699875,-0.20100396561528555,-0.3378721361916937,0.13686817057640815,False,False,False,False,False,False,,
2020-04-14,6.66,6.88,6.62,6.88,8744760,HPG,6.593623054921445,6.448215251592202,-0.14540780332924275,-0.2993792696192035,0.15397146628996078,False,False,False,False,False,False,,
2020-04-15,6.9,7.0,6.88,6.93,5960450,HPG,6.618539865668005,6.522335982116479,-0.0962038835515262,-0.25874419240566804,0.16254030885414184,False,False,False,False,False,False,,
2020-04-16,6.88,7.03,6.81,6.98,6665670,HPG,6.645314690433338,6.592745831021636,-0.05256885941170175,-0.2175091258068748,0.16494026639517304,False,False,False,False,False,False,,
2020-04-17,6.98,7.17,6.97,7.14,8818780,HPG,6.6819580466975355,6.676938780095231,-0.005019266602304562,-0.17501115396596076,0.1699918873636562,False,False,False,False,False,False,,
2020-04-20,7.24,7.41,7.09,7.31,9422860,HPG,6.7284796728680885,6.774332813926733,0.04585314105864491,-0.13083829496103963,0.17669143601968454,True,False,True,False,False,False,,
2020-04-21,7.16,7.33,6.95,6.97,11934810,HPG,6.746370067470452,6.8044354579380055,0.058065390467553435,-0.09305755787532102,0.15112294834287446,False,False,False,False,False,False,,
2020-04-22,7.07,7.34,7.0,7.17,11038450,HPG,6.7777500624726414,6.8606761567167736,0.08292609424413211,-0.0578608274514304,0.1407869216955625,False,False,False,False,False,False,,
2020-04-23,7.34,7.57,7.34,7.45,8345940,HPG,6.827546354141335,6.9513413633757315,0.12379500923439668,-0.021529660114264982,0.14532466934866167,False,False,False,False,False,False,,
2020-04-24,7.48,7.66,7.34,7.62,8301090,HPG,6.88624662420494,7.054211922856389,0.16796529865144905,0.016369331638877823,0.15159596701257122,False,False,True,False,False,False,,
2020-04-27,7.67,7.79,7.53,7.57,6636160,HPG,6.936895022411981,7.133563934724638,0.19666891231265637,0.05242924777363353,0.14423966453902284,False,False,False,False,False,False,,
2020-04-28,7.59,7.62,7.33,7.38,7687010,HPG,6.969717613344428,7.171477175536232,0.20175956219180424,0.08229531065726768,0.11946425153453656,False,False,False,False,False,False,,
2020-04-29,7.38,7.48,7.24,7.41,7447050,HPG,7.002331123467062,7.208172994684505,0.20584187121744257,0.10700462276930266,0.09883724844813992,False,False,False,False,False,False,,
2020-05-04,7.41,7.43,7.24,7.24,4834580,HPG,7.019936225432465,7.213069457040735,0.1931332316082699,0.12423034453709611,0.06890288707117379,False,False,False,False,False,False,,
2020-05-05,7.38,7.47,7.34,7.38,5894530,HPG,7.046607616141172,7.2387510790344685,0.19214346289329676,0.13781296820833625,0.05433049468496051,False,False,False,False,False,False,,
2020-05-06,7.43,7.66,7.41,7.66,7620940,HPG,7.092044089019604,7.303558605336859,0.21151451631725493,0.15255327783012,0.05896123848713494,False,False,False,False,False,False,,
2020-05-07,7.69,8.14,7.69,8.14,14733250,HPG,7.169670452795929,7.432241896823497,0.26257144402756794,0.17455691106960958,0.08801453295795836,False,False,False,False,False,False,,
2020-05-08,8.21,8.33,8.07,8.07,12484610,HPG,7.236361530366601,7.530358528081421,0.29399699771482,0.1984449283986517,0.09555206931616833,False,False,False,False,False,False,,
2020-05-11,8.17,8.31,8.03,8.26,7220240,HPG,7.312186602191297,7.642611062222741,0.3304244600314439,0.22484083472521013,0.10558362530623375,True,False,True,False,False,True,,2020-04-20
2020-05-12,8.16,8.24,8.07,8.16,10527620,HPG,7.374987594621572,7.72220936034232,0.3472217657207475,0.24931702092431762,0.09790474479642985,False,False,False,False,False,False,,
2020-05-13,8.09,8.34,8.03,8.31,9608210,HPG,7.444247772797753,7.8126386895204245,0.36839091672267177,0.27313180008398846,0.0952591166386833,False,False,False,False,False,False,,
2020-05-14,8.21,8.31,8.17,8.26,6517150,HPG,7.504673863701623,7.8814635065172824,0.37678964281565985,0.29386336863032275,0.0829262741853371,False,False,False,False,False,False,,
2020-05-15,8.26,8.29,8.07,8.1,7931980,HPG,7.548772096020021,7.915084505514623,0.3663124094946024,0.3083531768031787,0.05795923269142372,False,False,False,False,False,False,,
2020-05-18,8.43,8.66,8.28,8.66,13491620,HPG,7.631085274092611,8.029686889281605,0.3986016151889933,0.3264028644803416,0.07219875070865167,False,False,False,False,False,False,,
2020-05-19,9.1,9.26,8.98,9.02,18842950,HPG,7.733967846382048,8.18204275246905,0.44807490608700196,0.3507372728016737,0.09733763328532824,False,False,False,False,False,False,,
2020-05-20,8.97,9.17,8.84,9.12,11584470,HPG,7.836636894798192,8.326343867473811,0.48970697267561913,0.37853121277646284,0.11117575989915629,False,False,False,False,False,False,,
2020-05-21,9.09,9.16,9.0,9.14,11213810,HPG,7.933182309998326,8.451521734016303,0.5183394240179773,0.40649285502476573,0.11184656899321155,False,False,False,False,False,False,,
2020-05-22,9.09,9.47,9.05,9.4,16252810,HPG,8.041835472220672,8.597441467244565,0.5556059950238925,0.4363154830245911,0.11929051199930141,False,False,True,False,False,True,,2020-04-20
2020-05-25,9.48,9.59,9.36,9.41,11168880,HPG,8.14318099279692,8.722450472283862,0.5792694794869426,0.46490628231706144,0.11436319716988119,False,False,False,False,False,False,,
2020-05-26,9.43,9.79,9.41,9.79,11503490,HPG,8.265167585923074,8.886688861163268,0.6215212752401946,0.4962292809016881,0.12529199433850652,True,False,True,False,False,True,,2020-04-20
2020-05-27,9.86,9.86,9.38,9.38,19779140,HPG,8.347747764743588,8.962582882522765,0.6148351177791778,0.5199504482771861,0.0948846695019917,False,False,False,False,False,False,,
2020-05-28,9.48,9.52,9.28,9.38,14486370,HPG,8.4242108932811,9.026800900596186,0.6025900073150865,0.5364783600847661,0.06611164723032037,False,False,False,False,False,False,,
2020-05-29,9.41,9.55,9.31,9.45,12580390,HPG,8.500195271556573,9.091908454350618,0.5917131827940452,0.547525324626622,0.04418785816742321,False,False,False,False,False,False,,
2020-06-01,9.59,9.59,9.47,9.53,8022890,HPG,8.576477103293122,9.159307153681292,0.5828300503881696,0.5545862697789316,0.028243780609238045,False,False,False,False,False,False,,
2020-06-02,9.59,9.59,9.29,9.33,11489000,HPG,8.632293614160298,9.185567591576477,0.553273977416179,0.5543238113063811,-0.0010498338902020787,False,False,False,False,False,False,,
2020-06-03,9.33,9.38,9.17,9.29,12018120,HPG,8.68101260570398,9.201634115949327,0.5206215102453466,0.5475833510941742,-0.02696184084882758,False,False,False,False,False,False,,
2020-06-04,9.31,9.45,9.17,9.17,13488200,HPG,8.717233894170352,9.196767328880199,0.4795334347098468,0.5339733678173088,-0.05443993310746198,False,False,False,False,False,False,,
2020-06-05,9.14,9.41,9.03,9.33,13532060,HPG,8.76262397608366,9.21726466289863,0.4546406868149706,0.5181068316168411,-0.06346614480187052,False,False,False,True,False,False,,
2020-06-08,9.48,9.69,9.41,9.55,17144920,HPG,8.820948126003389,9.26845471476038,0.44750658875699223,0.5039867830448713,-0.05648019428787909,False,False,False,False,False,False,,
2020-06-09,9.64,9.66,9.29,9.34,18693450,HPG,8.8593964129661,9.279461681720322,0.4200652687542217,0.4872024801867414,-0.06713721143251972,False,False,False,False,False,False,,
2020-06-10,9.31,9.45,9.19,9.31,9871400,HPG,8.892774456450095,9.284159884532581,0.39138542808248644,0.4680390697658904,-0.07665364168340394,False,False,False,False,False,False,,
2020-06-11,9.26,9.36,8.79,8.79,22873160,HPG,8.885161533750088,9.208135286912183,0.32297375316209553,0.4390260064451314,-0.11605225328303587,False,False,False,False,False,False,,
2020-06-12,8.45,9.14,8.45,9.14,18881260,HPG,8.904038457176007,9.197652935079539,0.2936144779035317,0.4099437007368115,-0.11632922283327984,False,False,False,False,False,False,,
2020-06-15,9.07,9.14,8.74,8.76,11332840,HPG,8.893368941829637,9.130321714298072,0.2369527724684346,0.3753455150831362,-0.13839274261470158,False,True,False,True,False,False,,
2020-06-16,8.97,9.1,8.84,9.03,9024610,HPG,8.903489760953368,9.11488760440606,0.2113978434526924,0.34255598075704746,-0.13115813730435505,False,False,False,False,False,False,,
2020-06-17,9.03,9.12,8.93,9.05,7066110,HPG,8.91434237125312,9.104904896035897,0.19056252478277713,0.3121572895621934,-0.12159476477941628,False,False,False,False,False,False,,
2020-06-18,8.95,9.26,8.91,9.24,9055090,HPG,8.938465158567704,9.125688758184221,0.1872235996165177,0.28717055157305826,-0.09994695195654058,False,False,False,False,False,False,,
2020-06-19,9.31,9.43,9.31,9.43,10532760,HPG,8.974875146821947,9.172505872309726,0.1976307254877785,0.2692625863560023,-0.07163186086822382,False,False,False,False,False,False,,
2020-06-22,9.41,9.59,9.29,9.41,9729970,HPG,9.007106617427729,9.209043430415921,0.20193681298819222,0.2557974316824403,-0.053860618694248075,False,False,False,False,False,False,,
2020-06-23,9.41,9.55,9.22,9.31,11382760,HPG,9.029543164284934,9.224575210351933,0.19503204606699853,0.24364435455935196,-0.04861230849235343,False,False,False,False,False,False,,
2020-06-24,9.31,9.43,9.24,9.31,6516760,HPG,9.050317744708273,9.237717485682404,0.18739974097413103,0.23239543184230776,-0.04499569086817673,False,False,False,False,False,False,,
2020-06-25,9.21,9.59,9.16,9.41,24410040,HPG,9.076960874729883,9.264222487885112,0.18726161315522916,0.22336866810489206,-0.0361070549496629,False,False,False,False,False,False,,
2020-06-26,9.45,9.52,9.31,9.38,9363870,HPG,9.099408217342486,9.282034412825864,0.18262619548337788,0.21522017358058923,-0.032593978097211346,False,False,False,False,False,False,,
2020-06-29,9.31,9.31,9.05,9.19,12378070,HPG,9.106118719761561,9.267875272391114,0.16175655262955324,0.20452744939038203,-0.04277089676082879,False,False,False,False,False,False,,
2020-06-30,9.24,9.45,9.16,9.24,14826230,HPG,9.116035851631075,9.263586768946327,0.14755091731525205,0.19313214297535602,-0.045581225660103974,False,False,False,True,False,False,,
2020-07-01,9.31,9.48,9.28,9.45,10843030,HPG,9.140773936695439,9.29226572756997,0.15149179087453035,0.18480407255519088,-0.03331228168066053,False,False,False,False,False,False,,
2020-07-02,9.47,9.57,9.45,9.52,13000820,HPG,9.16886475619948,9.32730176948228,0.1584370132828017,0.17953066070071305,-0.021093647417911365,False,False,False,False,False,False,,
2020-07-03,9.55,9.57,9.45,9.48,8111500,HPG,9.191911811295814,9.350793804946546,0.1588819936507324,0.17540092729071693,-0.016518933639984523,False,False,False,False,False,False,,
2020-07-06,9.55,9.57,9.47,9.52,9764620,HPG,9.216214640088715,9.376825527262461,0.16061088717374616,0.1724429192673228,-0.011832032093576639,False,False,False,False,False,False,,
2020-07-07,9.57,9.97,9.55,9.78,28048770,HPG,9.257976518600662,9.438852369222083,0.18087585062142075,0.17412950553814238,0.006746345083278371,False,False,False,False,False,False,,
2020-07-08,9.71,9.81,9.62,9.67,9155900,HPG,9.288496776482095,9.474413543187916,0.18591676670582125,0.17648695777167817,0.00942980893414308,False,False,False,False,False,False,,
2020-07-09,9.69,9.76,9.64,9.71,7588480,HPG,9.31971923748342,9.510657613466698,0.19093837598327745,0.17937724141399805,0.011561134569279402,True,False,True,False,False,False,,
2020-07-10,9.66,9.74,9.52,9.57,14457460,HPG,9.33825855322539,9.519787211394899,0.18152865816950836,0.17980752476510015,0.001721133404408215,False,False,False,False,False,False,,
2020-07-13,9.5,9.6,9.4,9.53,14702360,HPG,9.352461623356842,9.521358409641838,0.16889678628499638,0.17762537706907938,-0.008728590784083001,False,False,False,False,False,False,,
2020-07-14,9.47,9.64,9.45,9.62,5757320,HPG,9.372279280885964,9.536534038927709,0.1642547580417446,0.17495125326361244,-0.01069649522186783,False,True,False,True,False,False,,
2020-07-15,9.72,9.79,9.67,9.67,6561150,HPG,9.394332667487003,9.557067263708062,0.16273459622105868,0.1725079218551017,-0.009773325634043012,False,False,False,False,False,False,,
2020-07-16,9.72,9.97,9.64,9.86,17916710,HPG,9.428826543969446,9.603672300060667,0.1748457560912211,0.1729754887023256,0.001870267388895508,False,False,False,False,False,False,,
2020-07-17,9.9,9.91,9.84,9.84,6759400,HPG,9.459283837008748,9.640030407743643,0.18074657073489497,0.17452970510883947,0.006216865626055501,True,False,True,False,False,False,,
2020-07-20,9.84,9.9,9.66,9.66,11602590,HPG,9.474151700934026,9.643102652706158,0.16895095177213193,0.17341395444149799,-0.004463002669366056,False,False,False,False,False,False,,
2020-07-21,9.69,9.74,9.59,9.69,11724470,HPG,9.490140463827803,9.650317629212903,0.1601771653851003,0.17076659663021845,-0.010589431245118158,False,False,False,False,False,False,,
2020-07-22,9.76,9.79,9.64,9.69,7461530,HPG,9.504944873914633,9.656422609333996,0.1514777354193626,0.1669088243880473,-0.015431088968684697,False,False,False,False,False,False,,
2020-07-23,9.69,9.72,9.55,9.72,10177170,HPG,9.52087488325429,9.666203746359535,0.14532886310524518,0.16259283213148687,-0.017263969026241693,False,False,False,False,False,False,,
2020-07-24,9.66,9.67,9.07,9.26,21288480,HPG,9.501550817828045,9.603710862304222,0.10216004447617699,0.15050627460042493,-0.048346230124247935,False,False,False,False,False,False,,
2020-07-27,8.98,9.36,8.9,8.95,18389440,HPG,9.460695201692635,9.503139960411266,0.04244475871863074,0.1288939714240661,-0.08644921270543537,False,True,False,True,False,False,,
2020-07-28,9.14,9.48,9.03,9.43,14119250,HPG,9.458421483048737,9.491887658809533,0.0334661757607968,0.10980841229141225,-0.07634223653061545,False,False,False,False,False,False,,
2020-07-29,9.4,9.61,8.91,9.17,18544880,HPG,9.43705692874883,9.442366480531144,0.005309551782312738,0.08890864018959235,-0.08359908840727961,False,False,False,True,False,False,,
2020-07-30,9.23,9.4,9.21,9.32,11357060,HPG,9.428386045137806,9.423540868141737,-0.004845176996068901,0.0701578767524601,-0.075003053748529,False,False,False,False,False,False,,
2020-07-31,9.04,9.29,9.04,9.15,7656240,HPG,9.407764856609079,9.381457657658393,-0.026307198950686228,0.05086486161183084,-0.07717206056251708,False,False,False,True,False,False,,
2020-08-03,9.17,9.69,9.15,9.65,16896050,HPG,9.425708200563962,9.422771864172486,-0.0029363363914765017,0.04010462201116938,-0.04304095840264588,False,False,False,False,False,False,,
2020-08-04,9.78,9.82,9.61,9.69,11086090,HPG,9.445285370892558,9.463883885069027,0.018598514176469294,0.03580340044422936,-0.017204886267760067,False,False,False,False,False,False,,
2020-08-05,9.69,10.26,9.65,10.16,25912970,HPG,9.498227195270886,9.570978671981486,0.07275147671060012,0.043193015697503515,0.0295584610130966,False,False,False,False,False,False,,
2020-08-06,10.16,10.28,10.03,10.14,13744810,HPG,9.545765921547117,9.658520414753566,0.11275449320644881,0.057105311199292574,0.05564918200715624,False,False,False,False,False,False,,
2020-08-07,10.12,10.24,10.09,10.2,12162410,HPG,9.594227705136218,9.74182496632994,0.14759726119372196,0.07520370119817846,0.0723935599955435,False,False,False,False,False,False,,
2020-08-10,10.31,10.43,10.24,10.24,14144220,HPG,9.642062689940943,9.818467279202258,0.17640458926131508,0.0954438788108058,0.08096071045050929,True,False,True,False,False,False,,
2020-08-11,10.31,10.35,10.16,10.22,9675910,HPG,9.684872861056428,9.880241543940372,0.19536868288394338,0.11542883962543332,0.07993984325851006,False,False,False,False,False,False,,
2020-08-12,10.24,10.33,10.16,10.24,8827420,HPG,9.725993389867064,9.935588998718776,0.20959560885171236,0.13426219347068913,0.07533341538102323,False,False,False,False,False,False,,
2020-08-13,10.33,10.37,10.24,10.33,7562850,HPG,9.770734620247282,9.996267614300502,0.22553299405321958,0.15251635358719523,0.07301664046602435,False,False,False,False,False,False,,
2020-08-14,10.33,10.37,10.07,10.16,15356070,HPG,9.799569092821557,10.021457212100426,0.2218881192788693,0.16639070672553005,0.05549741255333926,False,False,False,False,False,False,,
2020-08-17,10.14,10.24,10.09,10.24,8428450,HPG,9.832193604464406,10.055079179469592,0.22288557500518635,0.17768968038146132,0.04519589462372503,False,False,False,False,False,False,,
2020-08-18,10.28,10.28,10.16,10.18,5130610,HPG,9.857957041170746,10.0742977672435,0.21634072607275456,0.18541988951971997,0.030920836553034597,False,False,False,False,False,False,,
2020-08-19,10.2,10.28,10.16,10.22,9266940,HPG,9.884775038121061,10.096713495359884,0.21193845723882276,0.19072360306354053,0.02121485417528224,False,False,False,False,False,False,,
2020-08-20,10.22,10.26,10.12,10.16,9685120,HPG,9.905162072334315,10.106449880689134,0.2012878083548184,0.19283644412179612,0.008451364233022285,False,False,False,False,False,False,,
2020-08-21,10.16,10.28,10.14,10.26,8930990,HPG,9.931446363272514,10.13007297596773,0.1986266126952163,0.19399447783648016,0.004632134858736148,False,False,False,False,False,False,,
2020-08-24,10.35,10.52,10.28,10.45,13933710,HPG,9.969857743770845,10.179292518126541,0.2094347743556959,0.19708253714032334,0.012352237215372569,False,False,True,False,False,False,,
2020-08-25,10.5,10.56,10.35,10.35,10722520,HPG,9.99801642941745,10.205555207645535,0.2075387782280842,0.19917378535787553,0.00836499287020867,False,False,False,False,False,False,,
2020-08-26,10.33,10.35,10.2,10.2,16327190,HPG,10.012978175386527,10.204700560315452,0.19172238492892468,0.19768350527208536,-0.005961120343160681,False,False,False,False,False,False,,
2020-08-27,10.2,10.26,10.16,10.24,8801320,HPG,10.029794606839378,10.210131243343843,0.18033663650446563,0.19421413151856143,-0.013877495014095798,False,False,False,False,False,False,,
2020-08-28,10.33,10.33,10.22,10.24,11603550,HPG,10.045365376703128,10.21472643667556,0.16936105997243267,0.1892435172093357,-0.019882457236903017,False,True,False,True,False,False,,
2020-08-31,10.2,10.45,10.2,10.35,13334160,HPG,10.067930904354746,10.235537754110089,0.16760684975534268,0.18491618371853707,-0.017309333963194395,False,False,False,False,False,False,,
2020-09-01,10.35,10.52,10.31,10.45,16754410,HPG,10.096232318846987,10.26853194578546,0.17229962693847334,0.18239287236252433,-0.01009324542405099,False,False,False,False,False,False,,
2020-09-03,10.54,10.62,10.5,10.54,14553930,HPG,10.129103998932395,10.310296261818467,0.18119226288607138,0.18215275046723375,-0.0009604875811623781,False,False,False,False,False,False,,
2020-09-04,10.39,10.58,10.39,10.52,18820560,HPG,10.158059258270736,10.342558375384856,0.18449911711411993,0.182622023796611,0.0018770933175089322,True,False,True,False,False,False,,
2020-09-07,10.54,10.58,10.33,10.33,14336100,HPG,10.170795609509941,10.340626317633339,0.1698307081233974,0.18006376066196828,-0.010233052538570875,False,False,False,False,False,False,,
2020-09-08,10.37,10.41,10.31,10.39,12260110,HPG,10.187032971768465,10.348222268766671,0.16118929699820583,0.17628886792921578,-0.015099570931009942,False,False,False,False,False,False,,
2020-09-09,10.28,10.52,10.26,10.33,19632380,HPG,10.197623122007839,10.345418842802568,0.14779572079472914,0.17059023850231847,-0.022794517707589335,False,False,False,False,False,False,,
2020-09-10,10.41,10.47,10.33,10.35,12106250,HPG,10.208910298155406,10.346123636217557,0.13721333806215164,0.1639148584142851,-0.026701520352133468,False,False,False,False,False,False,,
2020-09-11,10.35,10.39,10.31,10.31,11672440,HPG,10.216398424217967,10.340566153722548,0.1241677295045811,0.1559654326323443,-0.0317977031277632,False,True,False,True,False,False,,
2020-09-14,10.33,10.43,10.33,10.37,12723310,HPG,10.22777631872034,10.345094437765233,0.11731811904489398,0.14823596991485424,-0.030917850869960267,False,False,False,False,False,False,,
2020-09-15,10.43,10.52,10.39,10.41,8859250,HPG,10.241274369185499,10.355079908878276,0.11380553969277685,0.14134988387043876,-0.02754434417766191,False,False,False,False,False,False,,
2020-09-16,10.43,10.45,10.37,10.41,6887240,HPG,10.253772564060647,10.363529153666233,0.10975658960558654,0.13503122501746834,-0.025274635411881796,False,False,False,False,False,False,,
2020-09-17,10.43,10.75,10.41,10.71,26759480,HPG,10.287567188945044,10.416832360794505,0.12926517184946107,0.1338780143838669,-0.004612842534405831,False,False,False,False,False,False,,
2020-09-18,10.77,10.83,10.75,10.83,12475700,HPG,10.327747397171336,10.480396612979966,0.1526492158086299,0.1376322546688195,0.01501696113981038,False,False,False,False,False,False,,
2020-09-21,10.92,10.94,10.79,10.83,11631470,HPG,10.364951293677162,10.534181749444587,0.16923045576742446,0.14395189488854052,0.025278560878883943,False,False,True,False,False,False,,
2020-09-22,10.75,10.83,10.71,10.77,15285880,HPG,10.394954901552929,10.570461480299265,0.17550657874633657,0.15026283166009974,0.025243747086236834,False,False,False,False,False,False,,
2020-09-23,10.81,10.92,10.77,10.87,12589480,HPG,10.430143427363822,10.616544329483993,0.18640090212017135,0.15749044575211407,0.02891045636805728,False,False,True,False,False,False,,
2020-09-24,10.83,10.92,10.75,10.81,12435190,HPG,10.458280951262799,10.64630674033261,0.18802578906981182,0.16359751441565362,0.0244282746541582,False,False,False,False,False,False,,
2020-09-25,10.87,10.87,10.75,10.85,10094210,HPG,10.487297177095185,10.677644164896824,0.1903469878016395,0.1689474090928508,0.021399578708788697,False,False,False,False,False,False,,
2020-09-28,10.87,11.13,10.83,11.13,17573130,HPG,10.534904793606652,10.747237370297313,0.2123325766906614,0.17762444261241292,0.03470813407824849,False,False,False,False,False,False,,
2020-09-29,11.15,11.3,11.11,11.11,18456820,HPG,10.577504438524677,10.803047005636188,0.22554256711151055,0.18720806751223246,0.038334499599278093,False,False,True,False,False,False,,
2020-09-30,11.11,11.19,11.0,11.13,12985480,HPG,10.618430035670997,10.853347466307545,0.23491743063654802,0.19674994013709557,0.03816749049945245,False,False,False,False,False,False,,
2020-10-01,11.19,11.46,11.17,11.38,17161730,HPG,10.674842625621293,10.934370933029461,0.2595283074081678,0.20930561359131003,0.05022269381685776,False,False,True,False,False,False,,
2020-10-02,11.4,11.49,10.96,11.25,20213120,HPG,10.717446875575272,10.982929251024927,0.2654823754496558,0.22054096596297917,0.04494140948667663,False,False,False,False,False,False,,
2020-10-05,11.32,11.55,11.32,11.53,12791350,HPG,10.77763599590303,11.067093981636477,0.2894579857334474,0.23432436991707284,0.05513361581637455,False,False,False,False,False,False,,
2020-10-06,11.59,11.91,11.46,11.91,23609700,HPG,10.861514811021323,11.19677183061548,0.33525701959415777,0.25451089985248987,0.0807461197416679,False,False,True,False,False,False,,
2020-10-07,11.84,11.93,11.72,11.72,14752610,HPG,10.925106306501224,11.277268472059252,0.3521621655580276,0.27404115299359744,0.07812101256443016,False,False,False,False,False,False,,
2020-10-08,11.78,11.84,11.68,11.84,18239670,HPG,10.992876209723354,11.363842553280904,0.37096634355754965,0.2934261911063879,0.07754015245116175,False,False,False,False,False,False,,
2020-10-09,11.89,12.1,11.8,12.01,9464850,HPG,11.068218712706809,11.463251391237687,0.3950326785308782,0.313747488591286,0.08128518993959222,True,False,True,False,False,False,,
2020-10-12,12.08,12.12,11.82,11.91,12258740,HPG,11.130572882135933,11.53198194643189,0.40140906429595624,0.3312798037322201,0.07012926056373614,False,False,False,False,False,False,,
2020-10-13,11.89,11.91,11.76,11.8,10665790,HPG,11.18016007605179,11.573215493134676,0.39305541708288594,0.34363492640235327,0.04942049068053267,False,False,False,False,False,False,,
2020-10-14,11.78,11.95,11.72,11.95,14240330,HPG,11.237185255603508,11.631182340344726,0.3939970847412173,0.3537073580701261,0.04028972667109121,False,False,False,False,False,False,,
2020-10-15,12.65,12.65,12.24,12.24,30525160,HPG,11.311467829262508,11.724846595676308,0.4133787664137998,0.3656416397388608,0.04773712667493896,False,False,False,False,False,False,,
2020-10-16,12.31,12.43,12.2,12.27,17319070,HPG,11.3824702122801,11.808716350187646,0.42624613790754573,0.37776253937259785,0.04848359853494788,False,False,True,False,False,False,,
2020-10-19,12.29,12.33,12.16,12.18,10939140,HPG,11.441546492851947,11.865836911697238,0.42429041884529184,0.3870681152671367,0.03722230357815515,False,False,False,False,False,False,,
2020-10-20,12.1,12.37,12.1,12.37,13319200,HPG,11.510320826714766,11.943400463743817,0.43307963702905106,0.3962704196195196,0.03680921740953147,False,False,False,False,False,False,,
2020-10-21,12.41,12.48,12.22,12.27,10669590,HPG,11.566593358069229,11.993646546244769,0.42705318817553994,0.4024269733307237,0.024626214844816252,False,False,False,False,False,False,,
2020-10-22,12.22,12.48,12.18,12.48,13072020,HPG,11.63425310932336,12.068470154514804,0.4342170451914438,0.4087849877028677,0.025432057488576076,False,False,False,False,False,False,,
2020-10-23,12.56,13.02,12.5,13.02,29534980,HPG,11.736901027151259,12.214859361512527,0.47795833436126856,0.4226196570345479,0.05533867732672065,False,False,False,False,False,False,,
2020-10-26,13.07,13.49,12.94,12.98,20357350,HPG,11.82898243254746,12.332573305895215,0.5035908733477541,0.43881390029718914,0.06477697305056496,False,False,False,False,False,False,,
2020-10-27,12.92,13.36,12.88,13.24,25281540,HPG,11.93350225235876,12.472177412680567,0.538675160321807,0.4587861523021127,0.07988900801969423,True,False,True,False,False,True,,2020-10-09
2020-10-28,13.15,13.34,12.73,12.81,25663180,HPG,11.998428011443298,12.524150118422018,0.5257221069787192,0.4721733432374341,0.053548763741285144,False,False,False,False,False,False,,
2020-10-29,12.62,12.96,12.62,12.9,20778840,HPG,12.065211121706758,12.581973177126322,0.516762055419564,0.4810910856738601,0.035670969745703884,False,False,False,False,False,False,,
2020-10-30,12.98,13.02,12.6,12.88,19039190,HPG,12.125565853432184,12.627823457568425,0.5022576041362417,0.48532438936633643,0.016933214769905225,False,False,False,False,False,False,,
2020-11-02,12.88,12.94,12.79,12.9,10385290,HPG,12.182931345770541,12.669696771788667,0.4867654260181258,0.4856125966966943,0.0011528293214314589,False,False,False,False,False,False,,
2020-11-03,13.07,13.19,12.88,12.94,17521020,HPG,12.239010505343094,12.71128188382118,0.4722713784780854,0.48294435305297256,-0.01067297457488714,False,False,False,False,False,False,,
2020-11-04,12.94,13.07,12.79,12.92,18293400,HPG,12.289454171613976,12.743392363233307,0.453938191619331,0.47714312076624427,-0.023204929146913245,False,False,False,False,False,False,,
2020-11-05,12.92,12.96,12.75,12.75,11598310,HPG,12.323568677420347,12.744408922735875,0.420840245315528,0.46588254567610105,-0.04504230036057305,False,False,False,False,False,False,,
2020-11-06,12.77,12.94,12.73,12.81,13410500,HPG,12.359600627241061,12.754499857699585,0.39489923045852393,0.45168588263258563,-0.0567866521740617,False,True,False,True,False,False,,
2020-11-09,12.98,13.28,12.94,13.28,18314360,HPG,12.427778358556537,12.83534603343811,0.4075676748815731,0.44286224108238315,-0.03529456620081006,False,False,False,False,False,False,,
2020-11-10,13.51,13.57,13.19,13.19,20645160,HPG,12.484239220885684,12.88990818213994,0.405668961254257,0.43542358511675794,-0.02975462386250094,False,False,False,False,False,False,,
2020-11-11,13.21,13.32,13.13,13.19,14564290,HPG,12.536517797116375,12.936076154118412,0.39955835700203757,0.42825053949381386,-0.028692182491776297,False,False,False,False,False,False,,
2020-11-12,13.21,13.28,13.17,13.26,9803730,HPG,12.59010907140405,12.98591059194635,0.39580152054229956,0.421760735703511,-0.02595921516121147,False,False,False,False,False,False,,
2020-11-13,13.28,13.47,13.26,13.47,12161630,HPG,12.655286177225973,13.060385885493066,0.40509970826709285,0.41842853021622745,-0.013328821949134595,False,False,False,False,False,False,,
2020-11-16,13.61,13.8,13.45,13.59,25538500,HPG,12.724524238172197,13.141864980032594,0.4173407418603965,0.41821097254506123,-0.0008702306846647412,False,False,False,False,False,False,,
2020-11-17,13.7,14.06,13.66,14.06,16228900,HPG,12.82344836867796,13.283116521566042,0.4596681528880815,0.4265024086136653,0.03316574427441621,False,False,False,False,False,False,,
2020-11-18,14.16,14.58,14.06,14.58,22115200,HPG,12.953563304331444,13.482637056709727,0.5290737523782827,0.4470166773665888,0.0820570750116939,False,False,False,False,False,False,,
2020-11-19,14.58,14.96,14.52,14.84,26533130,HPG,13.093299355862449,13.691462124908231,0.598162769045782,0.4772458957024275,0.12091687334335455,False,False,False,False,False,False,,
2020-11-20,14.86,15.05,14.73,15.05,18141040,HPG,13.238240144317082,13.900467951845426,0.6622278075283443,0.5142422780676109,0.1479855294607334,False,False,False,False,False,False,,
2020-11-23,15.05,15.95,14.96,15.81,23681540,HPG,13.42874087436767,14.194242113099975,0.7655012387323055,0.5644940702005499,0.2010071685317556,False,False,False,False,False,False,,
2020-11-24,15.89,16.23,15.3,15.81,48936510,HPG,13.605130439229324,14.442820249546134,0.8376898103168102,0.619133218223802,0.21855659209300826,True,False,True,False,False,False,,
2020-11-25,15.51,15.55,14.84,15.01,55697460,HPG,13.709194851138264,14.530078672692882,0.8208838215546184,0.6594833388899652,0.16140048266465312,False,False,False,False,False,False,,
2020-11-26,14.79,14.92,14.46,14.79,33163400,HPG,13.78925449179469,14.57006656920167,0.7808120774069796,0.6837490865933682,0.09706299081361136,False,False,False,False,False,False,,
2020-11-27,14.75,15.34,14.75,15.28,16027210,HPG,13.899680084995083,14.679287097016797,0.7796070120217138,0.7029206716790373,0.07668634034267652,False,False,False,False,False,False,,
2020-11-30,15.3,15.34,14.96,14.96,17459270,HPG,13.978222300921374,14.72247369747575,0.7442513965543771,0.7111868166541053,0.033064579900271784,False,False,False,False,False,False,,
2020-12-01,14.71,15.01,14.56,15.01,21802760,HPG,14.054650278630902,14.766708513248712,0.7120582346178104,0.7113611002468464,0.0006971343709639699,False,False,False,False,False,False,,
2020-12-02,15.01,15.03,14.79,14.88,14643640,HPG,14.115787295028612,14.78413797274891,0.6683506777202979,0.7027590157415368,-0.03440833802123888,False,True,False,True,False,False,,
2020-12-03,14.96,15.53,14.88,15.53,22511210,HPG,14.220543791693158,14.898885976941385,0.6783421852482263,0.6978756496428747,-0.019533464394648425,False,False,False,False,False,False,,
2020-12-04,15.62,15.7,15.47,15.57,17767110,HPG,14.320503510826999,15.002134288181173,0.6816307773541741,0.6946266751851347,-0.012995897830960557,False,False,False,False,False,False,,
2020-12-07,15.62,16.19,15.53,16.1,24400300,HPG,14.452318065580554,15.17103670538407,0.7187186398035159,0.699445068108811,0.019273571694704894,False,False,False,False,False,False,,
2020-12-08,16.1,16.35,16.02,16.19,20333880,HPG,14.58103524590792,15.327800289171137,0.7467650432632169,0.7089090631396922,0.03785598012352476,False,False,False,False,False,False,,
2020-12-09,16.23,16.27,16.06,16.23,15264400,HPG,14.703180783248074,15.466600244683269,0.7634194614351948,0.7198111427987927,0.04360831863640213,True,False,True,False,False,False,,
2020-12-10,16.23,16.27,15.68,15.85,30402770,HPG,14.788130354859328,15.525584822424305,0.7374544675649766,0.7233398077520294,0.014114659812947128,False,False,False,False,False,False,,
2020-12-11,16.02,16.35,15.89,16.35,16641080,HPG,14.903824402647526,15.65241792666672,0.7485935240191939,0.7283905510054623,0.02020297301373153,False,False,False,False,False,False,,
2020-12-14,16.59,16.65,16.42,16.54,14483540,HPG,15.025022595044007,15.78896901487184,0.7639464198278336,0.7355017247699367,0.02844469505789693,False,False,True,False,False,False,,
2020-12-15,16.48,16.5,16.23,16.27,19581910,HPG,15.117243143559266,15.862973781814635,0.7457306382553686,0.7375475074670231,0.008183130788345427,False,False,False,False,False,False,,
2020-12-16,16.35,16.59,16.23,16.35,17322370,HPG,15.20855846625858,15.937900892304691,0.7293424260461112,0.7359064911828408,-0.00656406513672958,False,False,False,False,False,False,,
2020-12-17,16.19,16.29,15.87,15.87,30645570,HPG,15.257554135424613,15.927454601180893,0.6699004657562799,0.7227052860975287,-0.05280482034124878,False,False,False,False,False,False,,
2020-12-18,16.06,16.33,15.97,16.27,19956910,HPG,15.33255012539316,15.980153893306909,0.6476037679137487,0.7076849824607727,-0.060081214547023976,False,False,False,False,False,False,,
2020-12-21,16.44,16.46,16.16,16.25,15789770,HPG,15.400509375364038,16.021668678952,0.6211593035879623,0.6903798466862107,-0.06922054309824832,False,True,False,True,False,False,,
2020-12-22,16.25,16.63,16.14,16.59,26050910,HPG,15.488619792003739,16.109104266805538,0.620484474801799,0.6764007723093284,-0.055916297507529356,False,False,False,False,False,False,,
2020-12-23,16.63,17.37,16.61,16.86,28097610,HPG,15.590203511114574,16.224626687296993,0.6344231761824197,0.6680052530839466,-0.033582076901526925,False,False,False,False,False,False,,
2020-12-24,17.11,17.2,16.27,16.84,18507480,HPG,15.682781028809789,16.319299504635918,0.6365184758261293,0.6617078976323832,-0.025189421806253942,False,False,False,False,False,False,,
2020-12-25,16.86,17.22,16.65,17.18,22667520,HPG,15.793686137786842,16.45171496546116,0.6580288276743183,0.6609720836407703,-0.002943255966452063,False,False,False,False,False,False,,
2020-12-28,17.62,17.68,17.28,17.51,21024800,HPG,15.920820497950778,16.614528047697906,0.6937075497471277,0.6675191768620419,0.026188372885085798,False,False,False,False,False,False,,
2020-12-29,17.39,17.64,17.3,17.53,13443950,HPG,16.040018979584055,16.755369886513613,0.715350906929558,0.6770855228755451,0.03826538405401292,True,False,True,False,False,False,,
2020-12-30,17.53,17.53,17.18,17.24,21907500,HPG,16.128906462577827,16.829928365511517,0.7010219029336895,0.681872798887174,0.019149104046515486,False,False,False,False,False,False,,
2020-12-31,17.24,17.6,17.16,17.47,11867640,HPG,16.2282467246091,16.928400924663592,0.7001542000544916,0.6855290791206377,0.01462512093385393,False,False,False,False,False,False,,
2021-01-04,17.68,18.12,17.56,17.83,15832600,HPG,16.346895115378796,17.067108474715347,0.720213359336551,0.6924659351638204,0.027747424172730573,False,False,False,False,False,False,,
2021-01-05,17.62,18.04,17.58,17.85,18634100,HPG,16.45823621794333,17.18755332475914,0.7293171068158095,0.6998361694942182,0.029480937321591294,False,False,False,False,False,False,,
2021-01-06,17.91,18.25,17.83,18.04,17948600,HPG,16.575403905503084,17.318698967103888,0.7432950616008043,0.7085279479155355,0.03476711368526875,False,False,True,False,False,False,,
2021-01-07,18.19,18.21,17.81,18.04,21780700,HPG,16.683892505095447,17.429668356780212,0.7457758516847655,0.7159775286693816,0.029798323015383876,False,False,False,False,False,False,,
2021-01-08,18.08,18.25,17.96,18.02,19978500,HPG,16.782863430643932,17.520488609583257,0.7376251789393251,0.7203070587233703,0.017318120215954802,False,False,False,False,False,False,,
2021-01-11,18.17,18.25,17.96,18.15,16645100,HPG,16.88413280615179,17.617336515801217,0.7332037096494268,0.7228863889085817,0.010317320740845126,False,False,False,False,False,False,,
2021-01-12,18.21,18.93,18.08,18.93,22738800,HPG,17.03567852421462,17.81928474413949,0.7836062199248701,0.7350303551118393,0.04857586481303078,False,False,False,False,False,False,,
2021-01-13,19.09,19.16,18.71,18.84,16131800,HPG,17.16933196686539,17.976317860425723,0.8069858935603342,0.7494214628015383,0.057564430758795915,True,False,True,False,False,False,,
2021-01-14,18.84,18.84,18.48,18.74,17527000,HPG,17.285677747097584,18.09380742036023,0.8081296732626448,0.7611631048937596,0.04696656836888524,False,False,False,False,False,False,,
2021-01-15,18.74,18.99,18.67,18.76,14788300,HPG,17.394886802868136,18.196298586458656,0.8014117835905203,0.7692128406331118,0.03219894295740855,False,False,False,False,False,False,,
2021-01-18,18.76,18.9,18.65,18.8,18112900,HPG,17.49896926191494,18.289175727003478,0.7902064650885379,0.7734115655241971,0.01679489956434077,False,False,False,False,False,False,,
2021-01-19,18.76,18.8,17.49,17.53,25778200,HPG,17.50126783510643,18.172379461310634,0.6711116262042047,0.7529515776601987,-0.08183995145599399,False,False,False,False,False,False,,
2021-01-20,17.7,18.1,16.86,17.58,37915600,HPG,17.50709984732077,18.081244159570534,0.5741443122497643,0.7171901245781118,-0.14304581232834757,False,False,False,True,False,False,,
2021-01-21,18.06,18.63,17.62,18.63,20829700,HPG,17.59027763640812,18.16566813502122,0.5753904986130998,0.6888301993851095,-0.11343970077200971,False,False,False,False,False,False,,
2021-01-22,18.67,18.84,18.36,18.4,14798600,HPG,17.65025707074826,18.2017191911718,0.5514621204235404,0.6613565835927957,-0.10989446316925533,False,False,False,False,False,False,,
2021-01-25,18.23,19.16,18.17,18.42,33091200,HPG,17.70727506550765,18.23530085406845,0.5280257885608002,0.6346904245863967,-0.1066646360255965,False,False,False,False,False,False,,
2021-01-26,18.38,18.38,17.53,17.83,24099500,HPG,17.716365801395973,18.172946876519458,0.4565810751234842,0.5990685546938143,-0.14248747957033003,False,False,False,False,False,False,,
2021-01-27,17.45,17.87,16.65,16.99,28056100,HPG,17.662560927218493,17.99095504936262,0.32839412214412533,0.5449336681838766,-0.21653954603975123,False,False,False,False,False,False,,
2021-01-28,15.85,16.46,15.81,15.81,49934800,HPG,17.525334191868975,17.65542350330683,0.13008931143785674,0.4619647968346726,-0.3318754853968159,False,False,False,False,False,False,,
2021-01-29,15.6,16.84,15.6,16.5,40248000,HPG,17.44938351098979,17.477666041259628,0.028282530269837736,0.3752283435217057,-0.34694581325186796,False,False,False,False,False,False,,
2021-02-01,16.44,16.8,16.1,16.16,21323900,HPG,17.353873621286844,17.274948188758145,-0.07892543252869899,0.2843975883116248,-0.3633230208403238,False,True,False,True,False,False,,
2021-02-02,16.23,17.07,16.12,17.07,28541100,HPG,17.332845945635967,17.243417698179968,-0.08942824745599864,0.20963242115810013,-0.29906066861409875,False,False,False,False,False,False,,
2021-02-03,17.37,17.85,17.28,17.7,34839600,HPG,17.360042542255524,17.313661129229203,-0.04638141302632093,0.15842965432121592,-0.20481106734753685,False,False,False,False,False,False,,
2021-02-04,17.7,17.79,17.51,17.62,22252900,HPG,17.379298650236596,17.360790186270865,-0.01850846396573047,0.12304203066382664,-0.1415504946295571,False,False,False,False,False,False,,
2021-02-05,17.68,18.0,17.58,17.91,23371200,HPG,17.418609861330182,17.445284003767654,0.02667414243747146,0.10376845301855561,-0.07709431058108415,False,False,False,False,False,False,,
2021-02-08,17.87,17.96,16.86,17.24,32918400,HPG,17.40537950123165,17.41370184934186,0.008322348110208821,0.08467923203688626,-0.07635688392667744,False,False,False,False,False,False,,
2021-02-09,17.24,17.66,17.05,17.62,26164800,HPG,17.42127731595523,17.44544002636619,0.024162710410958965,0.07257592771170081,-0.04841321730074184,False,False,False,False,False,False,,
2021-02-17,17.89,18.31,17.83,18.31,24253200,HPG,17.48710862588447,17.578449253079082,0.09134062719461156,0.07632886760828296,0.015011759586328596,False,False,False,False,False,False,,
2021-02-18,18.29,18.55,18.1,18.48,21343800,HPG,17.560656135078215,17.717149367989993,0.15649323291177808,0.09236174066898198,0.0641314922427961,False,False,False,False,False,False,,
2021-02-19,18.25,18.5,18.17,18.31,17007500,HPG,17.616163088035385,17.808357157529993,0.19219406949460804,0.11232820643410721,0.07986586306050084,False,False,False,False,False,False,,
2021-02-22,18.34,18.71,18.12,18.29,21362500,HPG,17.6660769333661,17.882456056371534,0.21637912300543505,0.13313838974837278,0.08324073325706227,False,False,True,False,False,False,,
2021-02-23,18.21,18.44,18.1,18.25,17921700,HPG,17.7093304938575,17.939001278468222,0.22967078461072177,0.1524448687208426,0.07722591588987918,False,False,False,False,False,False,,
2021-02-24,18.4,18.71,18.25,18.38,27282600,HPG,17.75900971653472,18.006847235626957,0.2478375190922364,0.17152339879512135,0.07631412029711504,False,False,False,False,False,False,,
2021-02-25,18.5,18.71,18.4,18.61,21931700,HPG,17.822046033828446,18.099639968607427,0.27759393477898087,0.19273750599189327,0.0848564287870876,False,False,False,False,False,False,,
2021-02-26,18.42,19.26,18.38,19.22,40928500,HPG,17.925598179470786,18.27200305036013,0.34640487088934435,0.22347097897138352,0.12293389191796084,False,False,False,False,False,False,,
2021-03-01,19.52,19.52,19.3,19.47,21998200,HPG,18.039998314324805,18.456310273381646,0.4163119590568414,0.2620391749884751,0.15427278406836625,False,False,False,False,False,False,,
2021-03-02,19.73,19.85,19.47,19.68,23670800,HPG,18.161479920671116,18.64457023132293,0.4830903106518143,0.30624940212114293,0.17684090853067136,False,False,False,False,False,False,,
2021-03-03,19.62,19.83,19.6,19.73,22262900,HPG,18.277666593213997,18.81155942650402,0.5338928332900217,0.3517780883549187,0.182114744935103,True,False,True,False,False,False,,
2021-03-04,19.77,19.77,18.97,19.35,27962100,HPG,18.35709869742037,18.894396437811093,0.5372977403907235,0.3888820187620797,0.14841572162864386,False,False,False,False,False,False,,
2021-03-05,19.24,19.43,19.01,19.39,21396800,HPG,18.43360990501886,18.97064313968631,0.5370332346674509,0.41851226194315394,0.11852097272429696,False,False,False,False,False,False,,
2021-03-08,19.64,19.77,19.39,19.52,17777700,HPG,18.514083245387834,19.055159579734568,0.5410763343467337,0.4430250764238699,0.09805125792286384,False,False,False,False,False,False,,
2021-03-09,19.39,19.47,18.99,19.33,16289800,HPG,18.574521523507254,19.097442721313865,0.5229211978066104,0.45900430070041803,0.06391689710619236,False,False,False,False,False,False,,
2021-03-10,19.3,19.33,19.03,19.22,15772500,HPG,18.6223347439882,19.116297687265575,0.4939629432773742,0.4659960292158093,0.02796691406156493,False,False,False,False,False,False,,
2021-03-11,19.35,19.66,19.3,19.56,15569400,HPG,18.691791429618704,19.184559581532408,0.4927681519137046,0.4713504537553884,0.02141769815831618,False,False,False,False,False,False,,
2021-03-12,19.64,19.64,19.47,19.58,12153700,HPG,18.757584657054352,19.245396568988962,0.48781191193461027,0.4746427453912328,0.013169166543377464,False,False,False,False,False,False,,
2021-03-15,19.64,19.77,19.56,19.6,11905100,HPG,18.819985793568843,19.29995094299066,0.47996514942181534,0.47570722619734934,0.004257923224465998,False,False,False,False,False,False,,
2021-03-16,19.64,19.64,19.3,19.43,14097300,HPG,18.865172031082263,19.319958490222863,0.4547864591405997,0.4715230727859995,-0.0167366136453998,False,False,False,False,False,False,,
2021-03-17,19.45,19.58,19.41,19.52,12191800,HPG,18.91367780655765,19.350734107111652,0.43705630055400135,0.4646297183395999,-0.02757341778559852,False,False,False,False,False,False,,
2021-03-18,19.68,19.71,19.54,19.64,11166600,HPG,18.967479450516343,19.395236552171397,0.4277571016550539,0.4572551950026907,-0.02949809334763681,False,False,False,True,False,False,,
2021-03-19,19.64,20.0,19.64,19.87,18392100,HPG,19.03433282455217,19.468277082606566,0.43394425805439596,0.45259300761303173,-0.01864874955863577,False,False,False,False,False,False,,
2021-03-22,19.94,20.0,19.68,19.71,11047900,HPG,19.084382244955712,19.505465223744018,0.4210829787883057,0.44629100184808657,-0.02520802305978087,False,False,False,False,False,False,,
2021-03-23,19.66,19.85,19.56,19.64,12487200,HPG,19.125539115699734,19.526162881629553,0.40062376592981863,0.437157554664433,-0.03653378873461438,False,False,False,False,False,False,,
2021-03-24,19.41,19.54,19.01,19.16,23653500,HPG,19.12809177379605,19.46983013060962,0.34173835681356834,0.4180737150942601,-0.07633535828069177,False,False,False,False,False,False,,
2021-03-25,19.26,19.28,18.88,18.97,19929000,HPG,19.11638127203338,19.39293318743891,0.2765519154055305,0.3897693551565142,-0.1132174397509837,False,True,False,True,False,False,,
2021-03-26,19.18,19.47,18.99,19.47,28109800,HPG,19.14257525188276,19.404789620140615,0.2622143682578546,0.3642583577767823,-0.10204398951892768,False,False,False,False,False,False,,
2021-03-29,19.6,19.64,19.45,19.52,13251900,HPG,19.17053264063219,19.422514293965133,0.251981653332944,0.3418030168880146,-0.08982136355507064,False,False,False,False,False,False,,
2021-03-30,19.6,19.71,19.43,19.58,13333800,HPG,19.200863556140913,19.446742864124346,0.24587930798343294,0.3226182751070983,-0.07673896712366535,False,False,False,False,False,False,,
2021-03-31,19.58,19.96,19.54,19.73,16323700,HPG,19.240058848278622,19.490320885028293,0.25026203674967107,0.30814702743561284,-0.05788499068594177,False,False,False,False,False,False,,
2021-04-01,19.83,20.44,19.79,20.44,27681900,HPG,19.32894337803576,19.63642536425471,0.3074819862189493,0.3080140191922801,-0.0005320329733308204,False,False,False,False,False,False,,
2021-04-02,20.55,20.78,20.48,20.67,16678500,HPG,19.428280905588668,19.79543684667706,0.36715594108839156,0.3198424035715024,0.04731353751688916,False,False,False,False,False,False,,
2021-04-05,20.86,20.91,20.63,20.78,15377800,HPG,19.528408245915436,19.946908101034435,0.41849985511899845,0.3395738938810017,0.07892596123799678,False,False,False,False,False,False,,
2021-04-06,20.78,20.89,20.7,20.82,14033300,HPG,19.62408170918096,20.081229931644522,0.45714822246356235,0.3630887595975138,0.09405946286604855,False,False,False,False,False,False,,
2021-04-07,20.82,20.91,20.61,20.84,14407800,HPG,19.714149730723108,20.197963788314595,0.48381405759148777,0.3872338191963086,0.09658023839517915,False,False,True,False,False,False,,
2021-04-08,20.86,20.91,20.65,20.8,11970000,HPG,19.794583084002877,20.290584743958505,0.4960016599556276,0.40898738734817247,0.08701427260745515,False,False,False,False,False,False,,
2021-04-09,20.78,21.03,20.67,20.89,15623400,HPG,19.875725077780444,20.382802475657197,0.5070773978767527,0.42860538945388854,0.07847200842286411,False,False,False,False,False,False,,
2021-04-12,21.03,21.71,20.97,21.58,27010400,HPG,20.00196766461152,20.566986710171474,0.5650190455599535,0.45588812067510154,0.10913092488485199,False,False,True,False,False,False,,
2021-04-13,21.71,21.71,21.12,21.12,26956900,HPG,20.084784874640295,20.652065677837403,0.5672808031971073,0.4781666571795027,0.08911414601760459,False,False,False,False,False,False,,
2021-04-14,21.12,22.47,21.03,22.34,28753300,HPG,20.25183784688916,20.91174788124703,0.6599100343578712,0.5145153326151763,0.14539470174269487,False,False,False,False,False,False,,
2021-04-15,22.55,23.06,22.13,22.97,32078100,HPG,20.453183191564037,21.22840205336287,0.7752188617988338,0.5666560384519078,0.208562823346926,False,False,False,False,False,False,,
2021-04-16,22.8,23.48,22.55,23.01,28433700,HPG,20.64257702922596,21.502494045153195,0.859917015927234,0.6253082339469731,0.23460878198026092,False,False,False,False,False,False,,
2021-04-19,23.27,24.36,23.06,24.36,34808100,HPG,20.917941693727744,21.942110345898858,1.024168652171113,0.7050803175918011,0.31908833457931196,False,False,False,False,False,False,,
2021-04-20,24.45,24.7,23.6,24.11,37829300,HPG,21.15439045715532,22.27563183114519,1.1212413739898714,0.7883125288714152,0.3329288451184562,True,False,True,False,False,False,,
2021-04-22,23.86,24.4,23.18,23.18,33049800,HPG,21.30443560847715,22.414765395584393,1.1103297871072435,0.852715980518581,0.2576138065886625,False,False,False,False,False,False,,
2021-04-23,23.39,23.77,23.1,23.77,28493500,HPG,21.487070007849212,22.623263027032948,1.136193019183736,0.909411388251612,0.2267816309321239,False,False,False,False,False,False,,
2021-04-26,23.81,23.86,23.18,23.22,25156400,HPG,21.615435192452974,22.715068715181726,1.0996335227287517,0.94745581514704,0.15217770758171167,False,False,False,False,False,False,,
2021-04-27,23.22,23.77,22.93,23.73,21294400,HPG,21.772069622641645,22.871211989769154,1.0991423671275093,0.977793125543134,0.12134924158437532,False,False,False,False,False,False,,
2021-04-28,23.73,23.81,23.39,23.6,15619100,HPG,21.907471872816338,22.983333222112364,1.0758613492960265,0.9974067702937126,0.0784545790023139,False,False,False,False,False,False,,
2021-04-29,23.81,24.74,23.77,24.49,27877700,HPG,22.09877025260772,23.215128111018153,1.1163578584104314,1.0211969879170564,0.09516087049337507,False,False,False,False,False,False,,
2021-05-04,24.15,25.46,24.03,25.21,32996000,HPG,22.329231715377517,23.522031478553824,1.192799763176307,1.0555175429689065,0.13728222020740044,False,False,True,False,False,False,,
2021-05-05,25.29,25.42,25.0,25.0,24468200,HPG,22.527066403127332,23.749411251084005,1.2223448479566734,1.08888300396646,0.13346184399021332,False,False,False,False,False,False,,
2021-05-06,25.0,25.42,24.78,25.04,21609700,HPG,22.71320963252531,23.947963366301853,1.234753733776543,1.1180571499284768,0.11669658384806625,False,False,False,False,False,False,,
2021-05-07,25.0,25.92,24.91,25.63,29552700,HPG,22.929268178264174,24.206738233024645,1.277470054760471,1.1499397308948758,0.12753032386559515,False,False,False,False,False,False,,
2021-05-10,25.67,26.68,25.63,26.55,28160100,HPG,23.19747053542979,24.567240043328546,1.3697695078987557,1.1939056862956519,0.17586382160310388,True,False,True,False,False,True,,2021-04-20
2021-05-11,26.68,26.68,26.13,26.13,29565200,HPG,23.41469494021277,24.80766465204723,1.3929697118344606,1.2337184914034136,0.159251220431047,False,False,False,False,False,False,,
2021-05-12,25.96,26.43,25.84,26.43,29316300,HPG,23.63805087056738,25.057254705578423,1.419203835011043,1.2708155601249396,0.1483882748861034,False,False,False,False,False,False,,
2021-05-13,26.3,26.55,25.92,25.92,24654400,HPG,23.807084139414243,25.189984750874054,1.3829006114598101,1.2932325703919139,0.08966804106789628,False,False,False,False,False,False,,
2021-05-14,26.13,26.34,25.71,25.88,31815400,HPG,23.960633462420596,25.296140943047277,1.3355074806266813,1.3016875524388674,0.033819928187813986,False,False,False,False,False,False,,
2021-05-17,25.88,26.3,25.54,26.09,34004200,HPG,24.118364317056106,25.418273105655388,1.2999087885992822,1.3013317996709504,-0.001423011071668201,False,True,False,True,False,False,,
2021-05-18,26.34,26.85,26.34,26.72,39146300,HPG,24.311078071348245,25.618538781708402,1.3074607103601572,1.3025575818087918,0.004903128551365432,False,False,False,False,False,False,,
2021-05-19,26.98,28.11,26.77,27.86,28407500,HPG,24.573961177174304,25.963378969137878,1.3894177919635737,1.3199296238397482,0.06948816812382552,False,False,False,False,False,False,,
2021-05-20,27.9,28.11,27.61,28.07,21552100,HPG,24.832927015902133,26.287474512347433,1.4545474964453007,1.3468531983608587,0.10769429808444198,True,False,True,False,False,False,,
2021-05-21,27.86,27.99,27.57,27.65,22951900,HPG,25.04159908879827,26.497093818140137,1.455494729341865,1.36858150455706,0.08691322478480501,False,False,False,False,False,False,,
2021-05-24,27.65,27.86,27.4,27.57,23592200,HPG,25.228888045183584,26.66215630765704,1.4332682624734545,1.381518856140339,0.05174940633311542,False,False,False,False,False,False,,
2021-05-25,27.57,28.58,27.48,28.41,22689000,HPG,25.464525967762576,26.931055337248264,1.4665293694856878,1.3985209588094087,0.06800841067627905,False,False,False,False,False,False,,
2021-05-26,28.41,28.58,28.32,28.58,15485000,HPG,25.695301822002385,27.184739131517762,1.4894373095153774,1.4167042289506027,0.07273308056477479,False,False,True,False,False,False,,
2021-05-27,28.54,28.58,27.9,28.16,19165200,HPG,25.87787205740962,27.334779265130415,1.4569072077207963,1.4247448247046415,0.032162383016154816,False,False,False,False,False,False,,
2021-05-28,28.28,28.37,27.9,28.28,30138100,HPG,26.055807460564463,27.480197839725736,1.4243903791612738,1.424673935595968,-0.0002835564346943542,False,True,False,True,False,False,,
2021-05-31,30.21,30.21,29.7,30.21,60309100,HPG,26.363525426448575,27.900167402844858,1.5366419763962824,1.447067543756031,0.08957443264025144,False,False,False,False,False,False,,
2021-06-01,31.3,32.28,30.96,31.82,33413400,HPG,26.767708728193128,28.50321857163796,1.7355098434448308,1.504756003693791,0.2307538397510398,False,False,False,False,False,False,,
2021-06-02,31.53,31.82,30.39,30.96,40000100,HPG,27.078248822401044,28.881184945232118,1.802936122831074,1.5643920275212477,0.23854409530982634,True,False,True,False,False,False,,
2021-06-03,30.96,31.3,30.39,31.13,36969900,HPG,27.378378539260225,29.227156492119484,1.8487779528592583,1.62126921258885,0.22750874027040835,False,False,False,False,False,False,,
2021-06-04,31.25,31.7,31.13,31.25,31679400,HPG,27.665165314129837,29.53836318563956,1.8731978715097242,1.6716549443730249,0.2015429271366993,False,False,False,False,False,False,,
2021-06-07,31.3,31.53,29.81,30.21,34653300,HPG,27.853671587157258,29.6416919263104,1.7880203391531424,1.6949280233290485,0.09309231582409394,False,False,False,False,False,False,,
2021-06-08,29.98,30.33,28.67,28.67,38486300,HPG,27.914140358478942,29.492200860724182,1.5780605022452399,1.671554519112287,-0.09349401686704706,False,False,False,False,False,False,,
2021-06-09,28.61,29.47,28.09,28.84,40956800,HPG,27.98272255414717,29.391862266766616,1.4091397126194458,1.619071557813719,-0.2099318451942731,False,False,False,False,False,False,,
2021-06-10,29.24,30.16,28.67,29.58,29312900,HPG,28.101039401988118,29.420806533417906,1.3197671314297885,1.559210672536933,-0.2394435411071445,False,False,False,True,False,False,,
2021-06-11,29.87,30.5,29.58,30.44,29030300,HPG,28.27429574258159,29.577605528276692,1.3033097856951024,1.508030495168567,-0.20472070947346466,False,False,False,False,False,False,,
2021-06-14,30.67,31.13,30.27,30.73,28587500,HPG,28.45619976164962,29.754896985464892,1.298697223815271,1.466163840897908,-0.1674666170826371,False,False,False,False,False,False,,
2021-06-15,30.39,30.73,30.21,30.5,21707700,HPG,28.6075923718978,29.869528218470293,1.261935846572495,1.4253182420328254,-0.1633823954603304,False,False,False,False,False,False,,
2021-06-16,30.33,30.39,29.53,29.7,28929200,HPG,28.688511455460922,29.843446954090247,1.1549354986293245,1.3712416933521254,-0.21630619472280088,False,False,False,False,False,False,,
2021-06-17,29.18,29.76,29.18,29.47,20215900,HPG,28.74639949579715,29.785993576537898,1.0395940807407484,1.3049121708298501,-0.2653180900891017,False,False,False,False,False,False,,
2021-06-18,29.76,30.56,29.47,29.87,28992700,HPG,28.829629162775138,29.79891764168591,0.969288478910773,1.237787432446035,-0.268498953535262,False,False,False,False,False,False,,
2021-06-21,29.87,30.1,29.35,29.35,22610800,HPG,28.868175150717722,29.729853389118848,0.8616782384011259,1.1625655936370531,-0.30088735523592725,False,False,False,True,False,False,,
2021-06-22,29.41,30.04,29.35,29.64,18459100,HPG,28.925347361775668,29.716029790792874,0.7906824290172061,1.088188960713084,-0.2975065316958778,False,False,False,False,False,False,,
2021-06-23,29.58,29.76,29.3,29.47,18559200,HPG,28.965692001644136,29.67817905374782,0.7124870521036826,1.0130485789912038,-0.30056152688752125,False,False,False,False,False,False,,
2021-06-24,29.47,29.64,28.95,29.01,19985600,HPG,28.96897407559642,29.575382276248153,0.6064082006517317,0.9317205033233095,-0.32531230267157774,False,False,False,False,False,False,,
2021-06-25,29.07,29.35,28.55,29.07,26191200,HPG,28.976457477404093,29.497631156825364,0.5211736794212705,0.8496111385429017,-0.32843745912163125,False,True,False,True,False,False,,
2021-06-28,29.41,30.1,29.12,30.04,39158500,HPG,29.05523840500379,29.58107251731377,0.5258341123099797,0.7848557332963173,-0.25902162098633763,False,False,False,False,False,False,,
2021-06-29,30.1,30.16,29.64,29.7,19830300,HPG,29.10299852315166,29.59936905311165,0.496370529959993,0.7271586926290525,-0.23078816266905955,False,False,False,False,False,False,,
2021-06-30,29.7,29.93,29.47,29.53,18899100,HPG,29.13462826217746,29.588696891094475,0.45406862891701394,0.6725406798866449,-0.21847205096963096,False,False,False,False,False,False,,
2021-07-01,29.64,30.33,29.58,30.27,39670000,HPG,29.218729872386536,29.693512754003017,0.4747828816164805,0.6329891202326121,-0.1582062386161316,False,False,False,False,False,False,,
2021-07-02,30.39,30.62,29.93,29.98,30058700,HPG,29.275120252209756,29.737587714925628,0.46246746271587114,0.5988847887292639,-0.13641732601339274,False,False,False,False,False,False,,
2021-07-05,29.98,29.98,29.12,29.35,37065500,HPG,29.28066690019422,29.6779588357063,0.3972919355120794,0.5585662180858271,-0.16127428257374765,False,False,False,False,False,False,,
2021-07-06,29.3,29.93,27.52,27.52,48216300,HPG,29.15024712980946,29.34596516867456,0.19571803886509898,0.48599658224168146,-0.2902785433765825,False,False,False,False,False,False,,
2021-07-07,28.09,28.61,27.43,28.61,40552700,HPG,29.11022882389765,29.232739758109243,0.12251093421159354,0.41329945263566387,-0.29078851842407033,False,False,False,False,False,False,,
2021-07-08,28.61,28.72,27.86,28.09,30632700,HPG,29.03465631842375,29.056933641477052,0.02227732305330221,0.33509502671919156,-0.31281770366588935,False,False,False,False,False,False,,
2021-07-09,27.81,28.15,26.37,27.12,46892600,HPG,28.892829924466437,28.758943850480584,-0.1338860739858525,0.24129880657818276,-0.37518488056403526,False,False,False,False,False,False,,
2021-07-12,26.77,26.89,25.23,25.77,75500300,HPG,28.661509189320775,28.29910633502203,-0.3624028542987432,0.12055847440279759,-0.4829613287015408,False,False,False,False,False,False,,
2021-07-13,26.09,26.37,25.54,26.09,25498600,HPG,28.471027027148864,27.95924382194172,-0.5117832052071449,-0.005909861519190929,-0.505873343687954,False,False,False,False,False,False,,
2021-07-14,26.32,26.37,25.43,25.8,27431000,HPG,28.273173173285986,27.627052464719917,-0.6461207085660696,-0.13395203092856667,-0.512168677637503,False,True,False,True,False,False,,
2021-07-15,25.57,26.86,25.57,26.66,28546500,HPG,28.15367886415369,27.47827516245531,-0.6754037016983787,-0.24224236508252908,-0.43316133661584966,False,False,False,False,False,False,,
2021-07-16,26.77,27.2,26.66,26.8,22253900,HPG,28.05340635569786,27.373925137462187,-0.6794812182356722,-0.32969013571315775,-0.34979108252251445,False,False,False,False,False,False,,
2021-07-19,26.17,26.32,25.23,25.4,39426100,HPG,27.856857736757277,27.07024434708339,-0.7866133896738887,-0.42107478650530394,-0.3655386031685848,False,False,False,True,False,False,,
2021-07-20,25.8,27.12,25.48,27.12,40965600,HPG,27.802275682182664,27.077899062916714,-0.72437661926595,-0.4817351530574332,-0.2426414662085168,False,False,False,False,False,False,,
2021-07-21,27.23,27.4,26.72,26.8,21335700,HPG,27.728033039058023,27.035145360929526,-0.6928876781284963,-0.5239656580716459,-0.16892202005685042,False,False,False,False,False,False,,
2021-07-22,26.77,27.35,26.54,27.06,21494600,HPG,27.67854911023891,27.03896915155575,-0.6395799586831608,-0.5470885181939489,-0.09249144048921187,False,False,False,False,False,False,,
2021-07-23,26.83,26.95,26.26,26.26,28904400,HPG,27.573471398369364,26.919127743624095,-0.6543436547452686,-0.5685395455042128,-0.08580410924105575,False,False,False,False,False,False,,
2021-07-26,26.09,26.43,25.6,26.14,23485200,HPG,27.467288331823482,26.799261936912696,-0.6680263949107861,-0.5884369153855274,-0.07958947952525863,False,False,False,False,False,False,,
2021-07-27,26.37,26.83,26.2,26.49,18206300,HPG,27.394896603540264,26.751683177387665,-0.6432134261525988,-0.5993922175389418,-0.043821208613657014,False,False,False,False,False,False,,
2021-07-28,26.54,27.0,26.49,26.77,21215200,HPG,27.348607966240984,26.754501150097255,-0.5941068161437286,-0.5983351372598992,0.0042283211161705525,False,False,False,False,False,False,,
2021-07-29,26.92,27.35,26.83,27.0,32783300,HPG,27.322785153926837,26.792270203928446,-0.5305149499983912,-0.5847710998075976,0.054256149809206344,False,False,False,False,False,False,,
2021-07-30,27.0,27.29,27.0,27.12,23016300,HPG,27.30776403141374,26.84269017255484,-0.46507385885890073,-0.5608316516178582,0.09575779275895746,False,False,False,False,False,False,,
2021-08-02,27.0,27.46,26.89,27.09,24207000,HPG,27.291633362420132,26.880737838315632,-0.41089552410450025,-0.5308444261151867,0.11994890201068642,False,False,False,False,False,False,,
2021-08-03,27.12,27.32,26.8,27.09,28297300,HPG,27.27669755779642,26.912932017036304,-0.3637655407601166,-0.4974286490441727,0.13366310828405614,False,False,False,False,False,False,,
2021-08-04,27.26,27.52,27.09,27.23,24329100,HPG,27.273238479441133,26.961711706723026,-0.311526772718107,-0.4602482737789596,0.14872150106085258,False,False,False,False,False,False,,
2021-08-05,27.2,28.09,27.15,27.98,29704100,HPG,27.325591184667715,27.118371444150252,-0.20721974051746272,-0.40964256712666025,0.20242282660919753,False,False,False,False,False,False,,
2021-08-06,27.86,28.15,27.69,27.75,20101800,HPG,27.357028874692325,27.21554506812714,-0.1414838065651871,-0.35601081501436566,0.21452700844917855,False,False,False,False,False,False,,
2021-08-09,27.58,28.49,27.49,28.49,30419600,HPG,27.440952661752153,27.411615057646042,-0.02933760410611086,-0.2906761728327147,0.2613385687266038,False,False,False,False,False,False,,
2021-08-10,28.72,28.95,28.15,28.32,23318400,HPG,27.506067279400142,27.55136658723896,0.045299307838817526,-0.22348107669840825,0.26878038453722575,True,False,True,False,False,False,,
2021-08-11,28.55,28.55,28.06,28.06,21895900,HPG,27.547099332777908,27.629617881509887,0.08251854873197928,-0.16228115161233075,0.24479970034431003,False,False,False,False,False,False,,
2021-08-12,28.04,28.09,27.75,27.75,21547600,HPG,27.562129011831395,27.648138207431444,0.08600919560004883,-0.11262308216985485,0.19863227776990366,False,False,False,False,False,False,,
2021-08-13,27.75,27.92,27.35,27.89,25809500,HPG,27.586415751695736,27.685347713980455,0.09893196228471979,-0.07031207327893993,0.16924403556365972,False,False,False,False,False,False,,
2021-08-16,28.09,28.38,28.06,28.35,22222700,HPG,27.642977547866423,27.787601911829615,0.14462436396319234,-0.027324785830513478,0.17194914979370582,False,False,False,False,False,False,,
2021-08-17,28.47,29.18,28.44,28.9,45483400,HPG,27.736090322098537,27.958740079240442,0.22264975714190527,0.022670122763970273,0.199979634377935,False,False,False,False,False,False,,
2021-08-18,28.95,29.18,28.61,28.9,20163600,HPG,27.82230585379494,28.103549297818837,0.28124344402389667,0.07438478701595555,0.20685865700794112,False,False,False,False,False,False,,
2021-08-19,29.01,29.41,28.9,29.18,27506300,HPG,27.92287579055087,28.269157098154402,0.34628130760353315,0.12876409113347106,0.21751721647006209,True,False,True,False,False,False,,
2021-08-20,29.12,29.24,27.63,28.09,49333500,HPG,27.935255361621174,28.24159446766911,0.3063391060479361,0.1642790941163641,0.14206001193157203,False,False,False,False,False,False,,
2021-08-23,28.09,28.09,27.23,27.23,32825800,HPG,27.883014223723308,28.085964549566167,0.20295032584285977,0.17201334046166322,0.030936985381196547,False,False,False,False,False,False,,
2021-08-24,27.29,27.66,27.23,27.38,21929400,HPG,27.845753910854913,27.977354618863682,0.13160070800876866,0.16393081397108433,-0.03233010596231567,False,False,False,False,False,False,,
2021-08-25,27.49,27.81,27.18,27.75,16402800,HPG,27.838661028569362,27.942376985192347,0.1037159566229846,0.1518878425014644,-0.04817188587847979,False,False,False,False,False,False,,
2021-08-26,27.86,27.86,27.26,27.35,13857800,HPG,27.802463915342003,27.851242064393524,0.04877814905152178,0.13126590381147588,-0.0824877547599541,False,False,False,False,False,False,,
2021-08-27,27.23,27.43,26.8,27.29,24491000,HPG,27.764503625316667,27.764897131409903,0.00039350609323562935,0.10509142426782783,-0.1046979181745922,False,True,False,True,False,False,,
2021-08-30,27.52,27.95,27.32,27.92,17004600,HPG,27.77602187529321,27.788759111192995,0.012737235899784594,0.08662058659421919,-0.0738833506944346,False,False,False,False,False,False,,
2021-08-31,28.09,28.49,27.98,28.26,25872600,HPG,27.811872106752972,27.861257709470998,0.04938560271802572,0.0791735898189805,-0.029787987100954774,False,False,False,False,False,False,,
2021-09-01,28.09,28.41,28.04,28.21,15066500,HPG,27.84136306180831,27.91491036955238,0.07354730774407159,0.07804833340399872,-0.0045010256599271325,False,False,False,False,False,False,,
2021-09-06,28.38,29.47,28.32,29.35,48098900,HPG,27.953113946118805,28.135693389621245,0.1825794435024406,0.0989545554236871,0.0836248880787535,False,False,False,False,False,False,,
2021-09-07,29.58,29.81,29.01,29.07,31246800,HPG,28.0358462464063,28.27943286814105,0.24358662173474954,0.1278809686858996,0.11570565304884994,False,False,False,False,False,False,,
2021-09-08,29.07,29.76,28.9,29.41,33040000,HPG,28.13763541333917,28.453366273042427,0.3157308597032582,0.16545094688937134,0.15027991281388686,False,False,False,False,False,False,,
2021-09-09,29.58,30.04,29.53,29.76,36718200,HPG,28.25781056790664,28.654386846420515,0.39657627851387645,0.21167601321427237,0.18490026529960407,True,False,True,False,False,False,,
2021-09-10,29.81,29.93,29.47,29.53,17217900,HPG,28.352046822135776,28.78909656235582,0.4370497402200435,0.2567507586154266,0.18029898160461688,False,False,False,False,False,False,,
2021-09-13,29.53,29.53,29.07,29.12,27227400,HPG,28.40893224271831,28.840004783531846,0.43107254081353474,0.2916151150550482,0.13945742575848652,False,False,False,False,False,False,,
2021-09-14,29.12,29.24,28.78,28.84,22432900,HPG,28.440863187702142,28.84000404760387,0.39914085990172765,0.3131202640243841,0.08602059587734356,False,False,False,False,False,False,,
2021-09-15,28.72,29.81,28.61,29.58,25908900,HPG,28.5252436923168,28.953849578741735,0.42860588642493624,0.3362173885044945,0.09238849792044174,False,False,True,False,False,False,,
2021-09-16,29.81,29.98,29.41,29.41,17982000,HPG,28.590781196589628,29.024026566627622,0.43324537003799435,0.3556229848111945,0.07762238522679987,False,False,False,False,False,False,,
2021-09-17,29.47,29.81,29.41,29.7,24548600,HPG,28.672945552397803,29.12802247945414,0.45507692705633573,0.3755137732602227,0.079563153796113,False,False,True,False,False,False,,
2021-09-20,30.04,30.04,29.18,29.41,32328300,HPG,28.727542178146113,29.171403636461193,0.44386145831508017,0.38918331027119424,0.05467814804388593,False,False,False,False,False,False,,
2021-09-21,29.01,29.35,28.78,29.12,28847000,HPG,28.756613127913067,29.16349538469793,0.4068822567848649,0.39272309957392837,0.014159157210936524,False,False,False,False,False,False,,
2021-09-22,29.12,29.3,29.01,29.18,13143800,HPG,28.787975118438023,29.166034556282863,0.37805943784483986,0.38979036722811067,-0.011730929383270805,False,False,False,False,False,False,,
2021-09-23,29.41,29.76,29.18,29.24,17773400,HPG,28.82145844299817,29.177413855316267,0.3559554123180959,0.3830233762461077,-0.027067963928011807,False,False,False,False,False,False,,
2021-09-24,29.24,29.64,29.07,29.12,15884400,HPG,28.843572632405714,29.16858095449838,0.3250083220926676,0.3714203654154197,-0.04641204332275206,False,False,False,False,False,False,,
2021-09-27,29.47,29.81,29.12,29.12,28469400,HPG,28.864048733708994,29.161106961498632,0.29705822778963764,0.3565479378902633,-0.05948971010062565,False,True,False,True,False,False,,
2021-09-28,29.01,30.21,29.01,30.16,35611100,HPG,28.960045123804623,29.314782813575764,0.3547376897711416,0.35618588826643893,-0.0014481984952973148,False,False,False,False,False,False,,
2021-09-29,30.21,30.73,30.16,30.56,34898800,HPG,29.078560299819095,29.506354688410262,0.4277943885911668,0.37050758833138453,0.05728680025978228,False,False,False,False,False,False,,
2021-09-30,30.79,30.79,30.27,30.33,23148500,HPG,29.17125953686953,29.63306935173176,0.46180981486222805,0.3887680336375533,0.07304178122467475,False,False,False,False,False,False,,
2021-10-01,30.33,30.79,30.21,30.62,30478300,HPG,29.278573645249566,29.78490483608072,0.5063311908311547,0.4122806650762736,0.09405052575488115,False,False,False,False,False,False,,
2021-10-04,30.9,32.05,30.9,31.82,45357500,HPG,29.466827449305153,30.09799639976061,0.6311689504554572,0.4560583221521104,0.17511062830334678,False,False,False,False,False,False,,
2021-10-05,31.82,32.05,31.59,31.7,26571500,HPG,29.632247638245513,30.344458492105133,0.7122108538596201,0.5072888284936123,0.2049220253660078,False,False,False,False,False,False,,
2021-10-06,31.99,32.28,31.76,32.16,26766100,HPG,29.81948855393103,30.623772570242803,0.8042840163117724,0.5666878660572444,0.23759615025452796,True,False,True,False,False,False,,
2021-10-07,32.34,32.51,31.82,31.88,26772300,HPG,29.97211903141762,30.81703832866699,0.8449192972493691,0.6223341522956694,0.22258514495369974,False,False,False,False,False,False,,
2021-10-08,31.99,32.22,31.65,31.93,21693600,HPG,30.11714725131261,30.98826320117976,0.8711159498671499,0.6720905118099655,0.19902543805718442,False,False,False,False,False,False,,
2021-10-11,32.16,32.85,31.93,32.79,25548600,HPG,30.31513634380797,31.265453477921334,0.9503171341133623,0.727735836270645,0.2225812978427173,False,False,True,False,False,False,,
2021-10-12,32.85,33.02,32.56,32.68,18107600,HPG,30.490311429451825,31.483076019779592,0.9927645903277664,0.7807415870820693,0.21202300324569712,False,False,False,False,False,False,,
2021-10-13,32.68,32.91,32.39,32.56,15582700,HPG,30.643621693936872,31.64875663212119,1.0051349381843195,0.8256202573025194,0.17951468088180011,False,False,False,False,False,False,,
2021-10-14,32.56,32.91,32.51,32.56,19279700,HPG,30.78557564253414,31.788947919487164,1.003372276953023,0.8611706612326202,0.14220161572040269,False,False,False,False,False,False,,
2021-10-15,32.85,33.08,32.68,32.85,18520000,HPG,30.93849596530939,31.952186701104523,1.0136907357951337,0.891674676145123,0.12201605965001072,False,False,False,False,False,False,,
2021-10-18,33.02,33.48,32.97,33.2,20737100,HPG,31.10601478269388,32.144157977857674,1.0381431951637943,0.9209683799488573,0.117174815214937,False,False,False,False,False,False,,
2021-10-19,33.02,33.25,32.74,32.79,23720900,HPG,31.23075442842026,32.243518288956494,1.0127638605362357,0.939327476066333,0.07343638446990264,False,False,False,False,False,False,,
2021-10-20,32.91,32.97,31.99,32.62,34660900,HPG,31.333661507796535,32.30143855219396,0.9677770443974225,0.945017389732551,0.02275965466487151,False,False,False,False,False,False,,
2021-10-21,32.79,33.37,32.45,32.79,39192300,HPG,31.441538433144938,32.37660185185643,0.9350634187114899,0.9430265955283388,-0.007963176816848883,False,False,False,False,False,False,,
2021-10-22,32.91,33.14,32.51,32.51,19849100,HPG,31.52068373439346,32.39712464387851,0.8764409094850514,0.9297094583196814,-0.05326854883463006,False,False,False,False,False,False,,
2021-10-25,32.39,32.51,31.59,31.59,41605900,HPG,31.525818272586537,32.27295162174336,0.7471333491568224,0.8931942364871097,-0.14606088733028733,False,False,False,False,False,False,,
2021-10-26,31.42,32.28,31.07,32.28,27910500,HPG,31.581683585728275,32.274035987629,0.6923524019007239,0.8530258695698326,-0.16067346766910873,False,False,False,True,False,False,,
2021-10-27,32.28,33.2,32.28,33.2,28938100,HPG,31.70155887567433,32.41649198953223,0.7149331138579029,0.8254073184274467,-0.11047420456954382,False,False,False,False,False,False,,
2021-10-28,33.2,33.37,32.85,33.25,21923800,HPG,31.816258218216973,32.54472399114266,0.7284657729256878,0.806019009327095,-0.07755323640140721,False,False,False,False,False,False,,
2021-10-29,33.25,33.31,32.74,32.74,23878000,HPG,31.884683535386085,32.57476645404379,0.6900829186577049,0.7828317911932171,-0.09274887253551223,False,False,False,False,False,False,,
2021-11-01,32.74,32.74,31.93,31.93,45218500,HPG,31.88804031054267,32.47557161496013,0.5875313044174604,0.7437716938380659,-0.15624038942060547,False,False,False,False,False,False,,
2021-11-02,31.82,32.34,31.65,31.82,25669500,HPG,31.883000287539513,32.374714443427806,0.4917141558882925,0.6933601862481112,-0.20164603035981876,False,False,False,False,False,False,,
2021-11-03,32.22,32.28,31.7,31.88,29867100,HPG,31.882778044018067,32.298604529054295,0.4158264850362272,0.6378534460057346,-0.22202696096950736,False,True,False,True,False,False,,
2021-11-04,31.88,32.62,31.88,32.28,14849100,HPG,31.91220189260932,32.295742293815174,0.38354040120585253,0.5869908370457582,-0.20345043583990563,False,False,False,False,False,False,,
2021-11-05,32.28,32.68,31.93,32.45,19377600,HPG,31.952038789453077,32.31947424861284,0.36743545915976483,0.5430797614685595,-0.1756443023087947,False,False,False,False,False,False,,
2021-11-08,32.62,32.68,32.22,32.56,21255400,HPG,31.997072953197296,32.35647821036471,0.3594052571674169,0.506344860608331,-0.14693960344091406,False,False,False,False,False,False,,
2021-11-09,32.56,33.02,32.34,32.39,24717300,HPG,32.02617866036787,32.36163540877014,0.33545674840227235,0.47216723816711925,-0.1367104897648469,False,False,False,False,False,False,,
2021-11-10,32.39,32.45,31.65,31.7,43376600,HPG,32.0020172781184,32.259845345882425,0.25782806776402367,0.4292994040865002,-0.17147133632247652,False,False,False,False,False,False,,
2021-11-11,31.53,31.7,30.73,30.96,54292800,HPG,31.924830813072592,32.059869138823586,0.13503832575099395,0.370447188419399,-0.23540886266840505,False,False,False,False,False,False,,
2021-11-12,30.9,31.42,30.84,31.3,20846900,HPG,31.87854704914129,31.94296619438919,0.06441914524789993,0.3092415797850992,-0.24482243453719926,False,False,False,False,False,False,,
2021-11-15,31.25,31.3,30.56,30.73,30647000,HPG,31.793469489945636,31.756356010637006,-0.03711347930862985,0.23997056796635338,-0.27708404727498326,False,False,False,False,False,False,,
2021-11-16,30.56,30.73,29.81,29.81,39777000,HPG,31.646545824023736,31.45691662438516,-0.18962919963857772,0.15405061444536716,-0.3436798140839449,False,False,False,False,False,False,,
2021-11-17,29.81,30.16,29.47,29.47,30002700,HPG,31.485320207429382,31.151237143710517,-0.33408306371886454,0.056423878812520825,-0.39050694253138535,False,False,False,False,False,False,,
2021-11-18,29.47,29.47,28.44,28.64,58606300,HPG,31.274555747619797,30.764892967755053,-0.509662779864744,-0.056793452922932135,-0.4528693269418118,False,False,False,False,False,False,,
2021-11-19,28.44,28.49,27.46,27.52,48471400,HPG,30.996440507055368,30.265678665023508,-0.7307618420318605,-0.1915871307447178,-0.5391747112871427,False,False,False,False,False,False,,
2021-11-22,27.63,28.21,27.52,27.89,22630400,HPG,30.766333802829042,29.900189639635276,-0.8661441631937663,-0.32649853723452754,-0.5396456259592388,False,True,False,True,False,False,,
2021-11-23,28.04,28.55,27.86,28.41,15649600,HPG,30.59179055817504,29.670929695076,-0.9208608630990369,-0.44537100240742944,-0.4754898606916075,False,False,False,False,False,False,,
2021-11-24,28.38,28.49,27.81,27.89,27126800,HPG,30.391657924236146,29.396940511218155,-0.994717413017991,-0.5552402845295418,-0.4394771284884492,False,False,False,False,False,False,,
2021-11-25,27.92,28.29,27.92,28.24,21763400,HPG,30.232275855774212,29.21894966333844,-1.0133261924357733,-0.6468574661107881,-0.3664687263249852,False,False,False,False,False,False,,
2021-11-26,28.26,28.64,28.09,28.12,26729700,HPG,30.075810977568715,29.049880484363296,-1.0259304932054185,-0.7226720715297142,-0.30325842167570427,False,False,False,False,False,False,,
2021-11-29,27.63,28.04,27.63,27.75,21801500,HPG,29.903528682933995,28.84989887138433,-1.0536298115496656,-0.7888636195337045,-0.2647661920159611,False,False,False,False,False,False,,
2021-11-30,28.06,28.64,27.81,28.06,22176200,HPG,29.766971002716662,28.728375968094433,-1.0385950346222295,-0.8388099025514095,-0.19978513207081994,False,False,False,False,False,False,,
2021-12-01,28.38,28.38,28.04,28.09,13823900,HPG,29.642750928441355,28.63016428069529,-1.0125866477460654,-0.8735652515903407,-0.13902139615572473,False,False,False,False,False,False,,
2021-12-02,28.21,28.24,27.86,27.86,12832300,HPG,29.510695304112367,28.51167746828063,-0.9990178358317365,-0.8986557684386199,-0.1003620673931166,False,False,False,False,False,False,,
2021-12-03,27.98,28.18,27.35,27.35,21682500,HPG,29.350643800104045,28.33295785777592,-1.017685942328125,-0.922461803216521,-0.09522413911160399,False,False,False,False,False,False,,
2021-12-06,27.23,27.49,26.09,26.23,34633900,HPG,29.119485000096336,28.009425879656547,-1.1100591204397894,-0.9599812666611747,-0.1500778537786147,False,False,False,True,True,False,2021-11-03,
2021-12-07,26.63,27.29,26.37,27.29,21935200,HPG,28.983967592681793,27.898744975094004,-1.0852226175877888,-0.9850295368464975,-0.1001930807412913,False,False,False,False,False,False,,
2021-12-08,27.46,27.46,26.97,27.06,11108800,HPG,28.841451474705366,27.769707286618,-1.071744188087365,-1.0023724670946712,-0.06937172099269384,False,False,False,False,False,False,,
2021-12-09,26.89,27.12,26.83,27.0,10320400,HPG,28.705047661764226,27.65129078098446,-1.0537568807797655,-1.0126493498316902,-0.04110753094807529,False,False,False,False,False,False,,
2021-12-10,26.97,27.06,26.6,26.66,19427400,HPG,28.55356264978169,27.49878450698685,-1.054778142794838,-1.0210751084243197,-0.03370303437051825,False,False,False,False,False,False,,
2021-12-13,26.69,27.03,26.54,26.69,14309600,HPG,28.415520972020083,27.374356121296564,-1.0411648507235185,-1.0250930568841594,-0.016071793839359083,False,False,False,False,False,False,,
2021-12-14,26.69,28.15,26.49,27.35,35676800,HPG,28.336593492611186,27.37060902571248,-0.965984466898707,-1.0132713388870689,0.0472868719883619,False,False,False,False,False,False,,
2021-12-15,27.52,27.86,27.35,27.4,9045500,HPG,28.267216196862208,27.375130714064404,-0.8920854827978033,-0.9890341676692158,0.0969486848714125,False,False,False,False,False,False,,
2021-12-16,27.58,27.58,27.12,27.23,11030000,HPG,28.190385367465005,27.35280291190065,-0.8375824555643554,-0.9587438252482439,0.12116136968388846,True,False,True,False,False,False,,
2021-12-17,27.15,27.26,26.72,26.77,22015600,HPG,28.08517163654167,27.263140925454394,-0.822030711087276,-0.9314012024160503,0.1093704913287743,False,False,False,False,False,False,,
2021-12-20,26.77,27.15,26.66,26.89,9986400,HPG,27.99664040420525,27.20573462923064,-0.7909057749746111,-0.9033021169277625,0.1123963419531514,False,False,True,False,False,False,,
2021-12-21,26.89,26.92,26.43,26.43,17094400,HPG,27.880592966856714,27.086390840118234,-0.7942021267384796,-0.881482118889906,0.08727999215142646,False,False,False,False,False,False,,
2021-12-22,26.54,26.66,25.86,25.86,24665900,HPG,27.73091941375622,26.89771532625389,-0.8332040875023274,-0.8718265126123903,0.038622425110062863,False,False,False,False,False,False,,
2021-12-23,25.86,25.86,25.28,25.77,26674000,HPG,27.585666123848352,26.72422066067637,-0.8614454631719823,-0.8697503027243088,0.008304839552326415,False,False,False,False,False,False,,
2021-12-24,25.97,26.75,25.94,26.4,19168600,HPG,27.49783900356329,26.67434055903385,-0.823498444529438,-0.8604999310853346,0.037001486555896634,False,False,False,False,False,False,,
2021-12-27,26.69,26.72,26.11,26.32,10675000,HPG,27.41059166996601,26.619826626874797,-0.7907650430912128,-0.8465529534865103,0.05578791039529751,False,False,False,False,False,False,,
2021-12-28,26.32,26.77,26.14,26.26,12356700,HPG,27.325362657375933,26.564468684278673,-0.7608939730972608,-0.8294211574086604,0.06852718431139959,False,False,False,False,False,False,,
2021-12-29,26.26,26.54,26.09,26.26,15118200,HPG,27.246446904977716,26.5176273482358,-0.728819556741918,-0.809300837275312,0.08048128053339398,False,False,False,False,False,False,,
2021-12-30,26.54,26.54,26.2,26.2,10285000,HPG,27.16893231942381,26.468761602353368,-0.7001707170704421,-0.7874748132343381,0.087304096163896,False,False,False,False,False,False,,
2021-12-31,26.37,26.75,26.29,26.6,13781200,HPG,27.126789184651678,26.488952125068234,-0.6378370595834433,-0.7575472625041592,0.11971020292071588,False,False,False,False,False,False,,
2022-01-04,26.83,27.06,26.72,26.8,20100700,HPG,27.10258257838118,26.536805644288506,-0.5657769340926748,-0.7191931968218623,0.1534162627291875,False,False,False,False,False,False,,
2022-01-05,26.89,27.15,26.83,26.83,18760700,HPG,27.08239127627887,26.58191246824412,-0.5004788080347495,-0.6754503190644398,0.17497151102969022,True,False,True,False,False,False,,
2022-01-06,26.66,26.77,26.43,26.43,17172700,HPG,27.03406599655451,26.558541319283485,-0.4755246772710251,-0.6354651907057569,0.1599405134347318,False,False,False,False,False,False,,
2022-01-07,26.43,26.49,26.17,26.26,16335300,HPG,26.97672777458751,26.512611885547564,-0.4641158890399453,-0.6011953303725946,0.13707944133264938,False,False,False,False,False,False,,
2022-01-10,26.29,26.75,26.09,26.17,17477500,HPG,26.9169701616551,26.45990236469409,-0.4570677969610095,-0.5723698236902777,0.11530202672926815,False,False,False,False,False,False,,
2022-01-11,26.4,26.4,25.86,25.86,12758500,HPG,26.838676075606575,26.36760969320269,-0.4710663824038832,-0.5521091354329988,0.08104275302911557,False,False,False,False,False,False,,
2022-01-12,25.91,26.52,25.89,26.49,14686700,HPG,26.812848218154237,26.386438971171508,-0.426409246982729,-0.5269691577429448,0.10055991076021586,False,False,False,False,False,False,,
2022-01-13,26.54,27.12,26.49,26.77,24990100,HPG,26.809674276068737,26.445448360222045,-0.36422591584669206,-0.4944205093636943,0.13019459351700224,False,False,False,False,False,False,,
2022-01-14,26.66,26.86,26.49,26.52,7902000,HPG,26.78821692228587,26.456917843264804,-0.3312990790210648,-0.46179622329516845,0.13049714427410364,False,False,True,False,False,False,,
2022-01-17,26.52,26.66,25.63,25.63,21661200,HPG,26.70242307619062,26.329699713531756,-0.3727233626588635,-0.4439816511679075,0.07125828850904398,False,False,False,False,False,False,,
2022-01-18,25.51,25.94,24.65,25.23,21441900,HPG,26.5933547001765,26.16051514221918,-0.43283955795732254,-0.4417532325257906,0.008913674568468033,False,False,False,False,False,False,,
2022-01-19,25.46,25.54,24.91,24.94,17705400,HPG,26.470883981644906,25.97274358187777,-0.49814039976713786,-0.45303066597406005,-0.04510973379307781,False,False,False,False,False,False,,
2022-01-20,25.11,25.34,24.82,25.23,14665400,HPG,26.37896664967121,25.85847533851196,-0.5204913111592511,-0.4665227950110983,-0.05396851614815279,False,False,False,False,False,False,,
2022-01-21,25.23,25.48,24.71,24.82,16277300,HPG,26.263487638584454,25.69870990181781,-0.5647777367666436,-0.4861737833622074,-0.07860395340443616,False,False,False,False,False,False,,
2022-01-24,24.71,24.77,23.33,23.33,29425200,HPG,26.04619225794857,25.33429299384584,-0.7118992641027297,-0.5313188795103119,-0.18058038459241788,False,True,False,True,False,False,,
2022-01-25,23.22,24.82,23.05,24.8,17887600,HPG,25.953881720322748,25.25209407171571,-0.7017876486070378,-0.5654126333296571,-0.13637501527738072,False,False,False,False,False,False,,
2022-01-26,24.94,25.48,24.91,24.91,15205400,HPG,25.876557148446988,25.19946421452868,-0.6770929339183098,-0.5877486934473877,-0.08934424047092215,False,False,False,False,False,False,,
2022-01-27,24.77,24.94,24.08,24.17,14700800,HPG,25.750145507821287,25.04108510460119,-0.7090604032200964,-0.6120110354019295,-0.09704936781816698,False,False,False,True,False,False,,
2022-01-28,24.22,24.54,23.91,24.19,14941600,HPG,25.634579173908598,24.910148934662544,-0.724430239246054,-0.6344948761707544,-0.08993536307529959,False,False,False,False,False,False,,
2022-02-07,24.54,25.05,23.96,24.68,16609600,HPG,25.563869605470924,24.874741406252923,-0.6891281992180005,-0.6454215407802036,-0.043706658437796864,False,False,False,False,False,False,,
2022-02-08,24.65,26.11,24.65,26.11,26528800,HPG,25.60432370876937,25.06478118990632,-0.5395425188630512,-0.6242457363967733,0.08470321753372212,False,False,False,False,False,False,,
2022-02-09,26.26,27.69,26.2,27.12,40297200,HPG,25.716596026638307,25.380968699151502,-0.33562732748680446,-0.5665220546147796,0.2308947271279751,False,False,False,False,False,False,,
2022-02-10,27.18,27.46,26.77,26.95,23598200,HPG,25.807959283924358,25.62235813005127,-0.18560115387308684,-0.490337874466441,0.30473672059335416,False,False,False,False,False,False,,
2022-02-11,26.72,27.23,26.54,27.03,17343300,HPG,25.89848081844848,25.83891841773569,-0.05956240071278884,-0.4041827797157106,0.34462037900292175,True,False,True,False,False,False,,
2022-02-14,26.66,27.23,26.46,26.49,18246700,HPG,25.942297054118963,25.93908481500712,-0.003212239111842763,-0.32398867159493705,0.3207764324830943,False,False,False,False,False,False,,
2022-02-15,26.49,26.69,26.03,26.37,15564400,HPG,25.973978753813856,26.00537945885218,0.031400705038322485,-0.25291079626828517,0.28431150130660765,False,False,False,False,False,False,,
2022-02-16,26.43,26.66,26.14,26.37,9350300,HPG,26.003313660938755,26.061474926721075,0.058161265782320726,-0.19069638385816398,0.2488576496404847,False,False,False,False,False,False,,
2022-02-17,26.37,26.8,26.37,26.66,11353300,HPG,26.05195709346181,26.153555707225525,0.10159861376371637,-0.13223738433378793,0.2338359980975043,False,False,False,False,False,False,,
2022-02-18,26.49,27.32,26.4,26.97,21375700,HPG,26.119960271723897,26.27916252149852,0.15920224977462283,-0.07394945751210577,0.2331517072867286,False,False,False,False,False,False,,
2022-02-21,27.0,27.23,26.69,26.75,12177300,HPG,26.16662988122583,26.351599056652596,0.18496917542676528,-0.022165730924331564,0.20713490635109683,False,False,False,False,False,False,,
2022-02-22,26.54,26.72,26.2,26.6,17669600,HPG,26.1987313715054,26.389814586398348,0.19108321489294866,0.02048405823912448,0.1705991566538242,False,False,False,False,False,False,,
2022-02-23,26.75,27.06,26.52,26.77,12981100,HPG,26.241047566208703,26.44830465002937,0.207257083820668,0.05783866335543318,0.1494184204652348,False,False,False,False,False,False,,
2022-02-24,26.8,26.86,25.86,26.37,22445800,HPG,26.250599598341392,26.436257780794083,0.18565818245269128,0.08340256717488481,0.10225561527780647,False,False,False,False,False,False,,
2022-02-25,26.43,26.57,26.32,26.32,12775700,HPG,26.255740368834623,26.418371968364227,0.16263159952960393,0.09924837364582864,0.06338322588377529,False,False,False,False,False,False,,
2022-02-28,26.4,27.4,26.4,27.06,35200100,HPG,26.315315156328356,26.517083973231266,0.20176881690290926,0.11975246229724477,0.08201635460566449,False,False,True,False,False,True,,2022-02-11
2022-03-01,27.35,27.58,26.86,26.89,23374000,HPG,26.357884404007738,26.574455669657226,0.21657126564948825,0.13911622296769346,0.07745504268179479,False,False,False,False,False,False,,
2022-03-02,26.95,27.15,26.72,26.89,19896100,HPG,26.39730037408124,26.62300095124842,0.2257005771671814,0.15643309380759107,0.06926748335959032,False,False,False,False,False,False,,
2022-03-03,27.29,28.72,27.12,28.72,76236800,HPG,26.56935219822337,26.945616189517896,0.37626399129452537,0.20039927330497795,0.17586471798954742,False,False,False,False,False,False,,
2022-03-04,29.24,29.41,28.55,28.55,33378900,HPG,26.716066850206822,27.192444468053605,0.4763776178467829,0.25559494221333895,0.22078267563344395,False,False,False,False,False,False,,
2022-03-07,28.78,30.1,28.67,29.3,38456100,HPG,26.907469305747057,27.516683780660742,0.609214474913685,0.32631884875340816,0.2828956261602768,True,False,True,False,False,True,,2022-02-11
2022-03-08,29.01,29.35,28.35,28.35,40509400,HPG,27.014323431247277,27.644886275943705,0.6305628446964278,0.3871676479420121,0.24339519675441568,False,False,False,False,False,False,,
2022-03-09,28.67,28.84,28.01,28.58,34775200,HPG,27.130299473377107,27.78874992579852,0.6584504524214125,0.44142420883789224,0.2170262435835203,False,False,False,False,False,False,,
2022-03-10,28.67,28.72,28.15,28.18,26828300,HPG,27.208055067941768,27.84894224490644,0.6408871769646716,0.48131680246324815,0.15957037450142342,False,False,False,False,False,False,,
2022-03-11,28.21,28.26,26.86,27.29,44340200,HPG,27.214125062909044,27.762951130305446,0.5488260673964014,0.4948186554498788,0.05400741194652259,False,False,False,False,False,False,,
2022-03-14,27.12,27.63,26.26,26.26,33845300,HPG,27.143449132323187,27.53172787948922,0.3882787471660336,0.4735106737931098,-0.08523192662707618,False,False,False,False,False,False,,
2022-03-15,26.34,26.77,26.06,26.46,20864200,HPG,27.09282327066962,27.36684666726011,0.2740233965904899,0.4336132183525858,-0.1595898217620959,False,False,False,False,False,False,,
2022-03-16,26.89,27.03,26.49,26.49,11418800,HPG,27.048169695064463,27.231947179989323,0.18377748492486035,0.38364607166704073,-0.1998685867421804,False,False,False,False,False,False,,
2022-03-17,26.72,26.77,26.32,26.34,14957700,HPG,26.99571268061524,27.094724536914043,0.0990118562988016,0.3267192285933929,-0.22770737229459131,False,True,False,True,False,False,,
2022-03-18,26.49,26.86,26.4,26.66,17727600,HPG,26.97084507464374,27.027843838927264,0.056998764283523684,0.2727751357314191,-0.2157763714478954,False,False,False,False,False,False,,
2022-03-21,26.77,27.06,26.6,26.86,19313200,HPG,26.962634328373834,27.00202170986153,0.03938738148769616,0.22609758488267453,-0.18671020339497837,False,False,False,False,False,False,,
2022-03-22,26.89,26.92,26.54,26.89,22965400,HPG,26.95725400775355,26.984787600652062,0.02753359289851076,0.18638478648584178,-0.15885119358733102,False,False,False,False,False,False,,
2022-03-23,27.06,27.2,26.83,26.83,17291200,HPG,26.947827784956992,26.960974123628667,0.013146338671674584,0.15173709692300835,-0.13859075825133377,False,False,False,False,False,False,,
2022-03-24,26.95,26.95,26.57,26.6,14927500,HPG,26.92206276384907,26.90543964307041,-0.016623120778660905,0.1180650533826745,-0.1346881741613354,False,False,False,False,False,False,,
2022-03-25,26.69,26.92,26.49,26.6,13444600,HPG,26.898206262823216,26.858448928751883,-0.039757334071332195,0.08650057589187317,-0.12625790996320535,False,False,False,False,False,False,,
2022-03-28,26.43,26.86,26.26,26.32,19505200,HPG,26.855376169280756,26.775610632020822,-0.0797655372599344,0.05324735326151166,-0.13301289052144605,False,False,False,True,False,False,,
2022-03-29,26.49,26.52,26.26,26.29,12986000,HPG,26.813496453037736,26.700901304017616,-0.11259514902011958,0.02007885280518541,-0.13267400182530498,False,False,False,False,False,False,,
2022-03-30,26.26,26.6,26.03,26.09,15726700,HPG,26.759904123183087,26.606916488014903,-0.15298763516818426,-0.014534444789488524,-0.13845319037869575,False,False,False,False,False,False,,
2022-03-31,26.17,26.34,25.68,25.86,18892300,HPG,26.693244558502858,26.492006259089532,-0.20123829941332616,-0.05187521571425606,-0.1493630836990701,False,True,False,True,False,False,,
2022-04-01,25.8,26.37,25.51,26.2,19701900,HPG,26.65670792453968,26.447082219229603,-0.20962570531007785,-0.08342531363342043,-0.12620039167665742,False,False,False,False,False,False,,
2022-04-04,26.37,26.54,26.23,26.29,12156300,HPG,26.62954437457378,26.42291572396351,-0.20662865061026991,-0.10806598102879032,-0.09856266958147959,False,False,False,False,False,False,,
2022-04-05,26.37,26.6,26.34,26.43,12124200,HPG,26.614763309790536,26.42400561258451,-0.19075769720602764,-0.12460432426423779,-0.06615337294178986,False,False,False,False,False,False,,
2022-04-06,26.37,27.49,26.37,27.09,29707400,HPG,26.64996602758383,26.52646628757151,-0.12349974001232056,-0.12438340741385434,0.0008836674015337831,False,False,False,False,False,False,,
2022-04-07,27.23,27.29,26.69,26.69,14512900,HPG,26.652931507022064,26.551625320252818,-0.10130618676924641,-0.11976796328493276,0.018461776515686354,False,False,False,False,False,False,,
2022-04-08,26.8,26.97,26.57,26.6,13738800,HPG,26.64901065465006,26.55906757867546,-0.08994307597459894,-0.113802985822866,0.023859909848267066,True,False,True,False,False,False,,
2022-04-12,26.66,26.66,25.83,25.86,18233500,HPG,26.59056542097228,26.451518720417695,-0.13904670055458368,-0.11885172876920955,-0.020194971785374133,False,False,False,False,False,False,,
2022-04-13,25.97,26.06,25.63,25.91,12712600,HPG,26.540153167566924,26.368208148045742,-0.17194501952118202,-0.12947038691960405,-0.042474632601577966,False,False,False,False,False,False,,
2022-04-14,25.97,26.11,25.74,25.74,12038800,HPG,26.480882562561966,26.27156074065409,-0.20932182190787785,-0.14544067391725882,-0.06388114799061903,False,False,False,False,False,False,,
2022-04-15,25.74,25.8,25.31,25.34,18378500,HPG,26.396372743112934,26.128243703630382,-0.2681290394825524,-0.16997834703031753,-0.09815069245223487,False,False,False,False,False,False,,
2022-04-18,25.25,25.54,24.45,24.45,23186000,HPG,26.252196984363827,25.870052364610324,-0.3821446197535039,-0.2124116015749548,-0.16973301817854908,False,False,False,False,False,False,,
2022-04-19,24.65,25.17,24.6,24.82,19054800,HPG,26.146108318855397,25.708505846977964,-0.4376024718774332,-0.2574497756354505,-0.18015269624198266,False,False,False,True,False,False,,
2022-04-20,24.94,25.23,24.71,24.77,13236800,HPG,26.044174369310554,25.564120332058277,-0.4800540372522768,-0.3019706279588158,-0.178083409293461,False,False,False,False,False,False,,
2022-04-21,24.65,25.28,24.14,24.85,17812100,HPG,25.955717008620883,25.454255665587773,-0.5014613430331103,-0.3418687709736747,-0.1595925720594356,False,False,False,False,False,False,,
2022-04-22,25.23,25.25,24.28,25.11,12698000,HPG,25.893071304278596,25.401293255497347,-0.4917780487812493,-0.37185062653518963,-0.11992742224605968,False,False,False,False,False,False,,
2022-04-25,25.11,25.11,23.36,23.36,29055100,HPG,25.70543639285055,25.087248139266986,-0.6181882535835648,-0.4211181519448647,-0.1970701016387001,False,False,False,False,False,False,,
2022-04-26,23.02,23.74,22.7,23.62,23280100,HPG,25.55095962300977,24.861517656302834,-0.6894419667069371,-0.4747829148972792,-0.21465905180965794,False,True,False,True,False,False,,
2022-04-27,23.62,24.6,23.56,24.37,18780400,HPG,25.463481132416454,24.785899555333167,-0.6775815770832878,-0.515342647334481,-0.16223892974880683,False,False,False,False,False,False,,
2022-04-28,24.37,24.91,24.37,24.71,13611800,HPG,25.40766771520042,24.774222700666527,-0.6334450145338941,-0.5389631207743637,-0.09448189375953042,False,False,False,False,False,False,,
2022-04-29,24.6,24.88,24.57,24.82,12347800,HPG,25.364136773333726,24.781265362102445,-0.582871411231281,-0.5477447788657471,-0.035126632365533816,False,False,False,False,False,False,,
2022-05-04,24.82,24.82,24.08,24.08,14901300,HPG,25.26901553086456,24.673378383317452,-0.5956371475471087,-0.5573232526020195,-0.03831389494508919,False,False,False,True,False,False,,
2022-05-05,24.42,24.42,23.79,24.11,13817300,HPG,25.183162528578297,24.586704785883995,-0.5964577426943016,-0.565150150620476,-0.03130759207382561,False,False,False,False,False,False,,
2022-05-06,23.74,24.65,23.74,23.96,15010600,HPG,25.092557896831757,24.490288664978767,-0.6022692318529899,-0.5725739668669788,-0.02969526498601105,False,False,False,False,False,False,,
2022-05-09,23.79,24.02,22.9,22.9,26283600,HPG,24.930146200770146,24.24562887036665,-0.6845173304034944,-0.594962639574282,-0.08955469082921241,False,False,False,True,False,False,,
2022-05-10,22.65,23.56,22.19,23.56,19440000,HPG,24.828653889601988,24.14014750569486,-0.6885063839071286,-0.6136713884408513,-0.07483499546627725,False,False,False,False,False,False,,
2022-05-11,23.51,23.68,23.25,23.31,9559800,HPG,24.71616100889073,24.012432504818726,-0.7037285040720036,-0.6316828115670818,-0.07204569250492177,False,False,False,False,False,False,,
2022-05-12,23.28,23.31,21.93,21.93,25252600,HPG,24.50977871193586,23.692058273308156,-0.8177204386277026,-0.668890336979206,-0.14883010164849664,False,False,False,False,False,False,,
2022-05-13,21.87,22.1,20.5,20.58,42997700,HPG,24.218683992533204,23.213280077414595,-1.0054039151186096,-0.7361930526070867,-0.26921086251152293,False,False,False,False,False,False,,
2022-05-16,21.24,21.5,20.81,20.81,29389700,HPG,23.96618888197519,22.843544680889273,-1.1226442010859152,-0.8134832823028524,-0.30916091878306284,False,True,False,True,False,False,,
2022-05-17,20.75,21.9,20.64,21.9,23415100,HPG,23.813137853680733,22.698383960752462,-1.1147538929282703,-0.873737404427936,-0.2410164885003343,False,False,False,False,False,False,,
2022-05-18,22.02,22.19,21.7,21.9,16073200,HPG,23.67142393859327,22.575555659098235,-1.0958682794950363,-0.9181635794413562,-0.1777047000536801,False,False,False,False,False,False,,
2022-05-19,21.38,21.84,21.13,21.73,16040000,HPG,23.527614757956734,22.445470173083123,-1.0821445848736104,-0.950959780527807,-0.13118480434580337,False,False,False,False,False,False,,
2022-05-20,21.61,21.67,21.36,21.59,13929400,HPG,23.384087738848827,22.313859377224183,-1.0702283616246433,-0.9748134967471743,-0.09541486487746897,False,False,False,False,False,False,,
2022-05-23,21.76,21.9,20.81,21.07,10178900,HPG,23.21267383226743,22.12249639611277,-1.0901774361546615,-0.9978862846286718,-0.09229115152598966,False,False,False,False,False,False,,
2022-05-24,21.07,21.21,19.61,20.01,42201300,HPG,22.975438733580955,21.79749695055696,-1.1779417830239964,-1.0338973843077368,-0.14404439871625963,False,False,False,False,False,False,,
2022-05-25,19.78,20.04,18.95,19.75,39418000,HPG,22.73651734590829,21.482497419702042,-1.2540199262062472,-1.077921892687439,-0.17609803351880826,False,False,False,True,True,False,2022-04-26,
2022-05-26,20.07,20.41,19.81,20.07,16225800,HPG,22.538997542507676,21.265190124363265,-1.2738074181444112,-1.1170989977788335,-0.15670842036557775,False,False,False,False,False,False,,
2022-05-27,20.07,20.58,19.95,20.32,17591900,HPG,22.37462735417377,21.11977625907661,-1.2548510950971625,-1.1446494172424995,-0.11020167785466306,False,False,False,False,False,False,,
2022-05-30,20.35,20.55,20.24,20.32,15054500,HPG,22.222432735346082,20.996733757680207,-1.2256989776658749,-1.1608593293271747,-0.06483964833870015,False,False,False,False,False,False,,
2022-05-31,20.27,20.27,19.78,19.89,18840200,HPG,22.04965994013526,20.826467025729404,-1.2231929144058569,-1.1733260463429112,-0.04986686806294571,False,False,False,False,False,False,,
2022-06-01,19.78,19.95,19.38,19.69,21644600,HPG,21.874870314940054,20.651625944847954,-1.2232443700921003,-1.183309711092749,-0.039934658999351225,False,False,False,False,False,False,,
2022-06-02,19.49,19.66,18.95,19.01,25380600,HPG,21.662657699018567,20.39906810717904,-1.2635895918395263,-1.1993656872421046,-0.06422390459742178,False,False,False,True,True,False,2022-05-16,
2022-06-03,19.09,19.49,19.06,19.15,14709900,HPG,21.47653490649867,20.20690378299765,-1.2696311235010214,-1.213418774493888,-0.056212349007133344,False,False,False,False,False,False,,
2022-06-06,19.58,19.64,18.98,19.09,17769400,HPG,21.299754543054323,20.03507243176724,-1.2646821112870832,-1.223671441852527,-0.041010669434556224,False,False,False,False,False,False,,
2022-06-07,19.09,19.23,18.72,19.03,19376400,HPG,21.13162457690215,19.88044590380305,-1.2511786730991012,-1.2291728881018418,-0.02200578499725947,False,False,False,False,False,False,,
2022-06-08,19.09,19.18,18.78,18.86,24841800,HPG,20.963356089724215,19.723454226294887,-1.2399018634293277,-1.231318683167339,-0.008583180261988677,False,False,False,False,False,False,,
2022-06-09,18.86,19.81,18.78,19.38,26979900,HPG,20.84607045344835,19.670615114557215,-1.1754553388911333,-1.220146014312098,0.04469067542096461,False,False,False,False,False,False,,
2022-06-10,19.38,19.64,19.26,19.26,15182300,HPG,20.728583753192915,19.607443558471488,-1.121140194721427,-1.2003448503939638,0.07920465567253676,True,False,True,False,False,False,,
2022-06-13,18.92,19.21,18.17,18.23,21236000,HPG,20.543503475178625,19.39552916486049,-1.1479743103181335,-1.1898707423787978,0.04189643206066429,False,False,False,False,False,False,,
2022-06-14,18.06,18.09,17.31,17.37,28438400,HPG,20.30842914368391,19.083909293343496,-1.224519850340414,-1.196800563971121,-0.027719286369292995,False,False,False,False,False,False,,
2022-06-15,17.26,17.72,16.54,16.86,28702400,HPG,20.052989947855473,18.74176940205988,-1.3112205457955923,-1.2196845603360154,-0.09153598545957697,False,False,False,True,False,False,,
2022-06-16,17.29,17.97,17.14,17.77,33385900,HPG,19.88387958134766,18.59226641712759,-1.2916131642200703,-1.2340702811128264,-0.05754288310724398,False,False,False,False,False,False,,
2022-06-17,17.76,17.8,16.63,17.58,30237200,HPG,19.71322183458117,18.436533122184883,-1.276688712396286,-1.2425939673695183,-0.03409474502676768,False,False,False,False,False,False,,
2022-06-20,17.23,17.42,16.36,16.36,37272900,HPG,19.4648350320196,18.117066488002592,-1.3477685440170077,-1.2636288826990163,-0.08413966131799144,False,False,False,False,False,False,,
2022-06-21,16.17,16.29,15.53,15.76,39935100,HPG,19.190402807425556,17.754440874463732,-1.435961932961824,-1.298095492751578,-0.13786644021024608,False,True,False,True,False,False,,
2022-06-22,15.79,16.67,15.79,16.29,21442500,HPG,18.975558155023663,17.52914227839239,-1.4464158766312742,-1.3277595695275173,-0.11865630710375696,False,False,False,False,False,False,,
2022-06-23,16.29,16.55,16.29,16.51,6926200,HPG,18.7929242176145,17.372351158639713,-1.4205730589747887,-1.3463222674169717,-0.074250791557817,False,False,False,False,False,False,,
2022-06-24,16.55,17.04,16.44,16.51,12828800,HPG,18.62381872001343,17.239681749618217,-1.384136970395211,-1.3538852080126196,-0.03025176238259153,False,False,False,False,False,False,,
2022-06-27,16.67,17.35,16.17,17.35,20739600,HPG,18.52946177779021,17.256653788138493,-1.2728079896517173,-1.3376697643404392,0.0648617746887219,False,False,False,False,False,False,,
2022-06-28,17.31,17.31,16.86,17.04,17838300,HPG,18.419131275731676,17.223322436117186,-1.1958088396144895,-1.3092975793952493,0.1134887397807598,False,False,False,False,False,False,,
2022-06-29,16.89,17.54,16.74,17.23,20190300,HPG,18.33104747752933,17.224349753637618,-1.1066977238917133,-1.2687776082945421,0.16207988440282883,False,False,False,False,False,False,,
2022-06-30,17.35,17.73,16.89,16.89,19950600,HPG,18.224303219934566,17.172911330001064,-1.0513918899335017,-1.225300464622334,0.17390857468883225,False,False,False,False,False,False,,
2022-07-01,16.89,17.12,16.33,16.97,15200000,HPG,18.131391870309784,17.141694202308592,-0.9896976680011917,-1.1781799052981057,0.18848223729691393,True,False,True,False,False,False,,
2022-07-04,17.16,17.16,16.67,16.67,12443200,HPG,18.02314062065721,17.069125863491887,-0.9540147571653215,-1.1333468756715488,0.17933211850622732,False,False,False,False,False,False,,
2022-07-05,16.74,16.93,16.48,16.59,15093400,HPG,17.916982056164084,16.995414192185443,-0.9215678639786411,-1.0909910733329673,0.1694232093543262,False,False,False,False,False,False,,
2022-07-06,16.44,16.86,16.14,16.25,18233600,HPG,17.79350190385563,16.880735085695374,-0.9127668181602573,-1.0553462222984253,0.14257940413816805,False,False,False,False,False,False,,
2022-07-07,16.25,16.48,16.21,16.48,10828000,HPG,17.69620546653299,16.81908353404993,-0.8771219324830604,-1.0197013643353525,0.14257943185229216,False,False,False,False,False,False,,
2022-07-08,16.67,17.08,16.67,17.01,19504900,HPG,17.645375431974994,16.84845529804225,-0.7969201339327441,-0.9751451182548309,0.17822498432208678,False,False,False,False,False,False,,
2022-07-11,16.97,17.16,16.63,16.7,12476400,HPG,17.575347622199068,16.825616021420366,-0.749731600778702,-0.9300624147596052,0.18033081398090312,False,False,False,False,False,False,,
2022-07-12,16.7,17.04,16.63,16.89,12146500,HPG,17.524581131665805,16.835521248894157,-0.6890598827716481,-0.8818619083620138,0.19280202559036574,False,False,False,False,False,False,,
2022-07-13,16.82,17.27,16.78,16.89,17855700,HPG,17.477575121912782,16.843902595218132,-0.6336725266946495,-0.832224032028541,0.19855150533389154,False,False,True,False,False,False,,
2022-07-14,16.82,16.97,16.74,16.82,12520300,HPG,17.428865853622945,16.84022527287688,-0.5886405807460662,-0.7835073417720462,0.19486676102598,False,False,False,False,False,False,,
2022-07-15,16.93,17.8,16.93,17.58,47697200,HPG,17.440060975576802,16.95403676935736,-0.48602420621944376,-0.7240107146615257,0.2379865084420819,True,False,True,False,False,False,,
2022-07-18,17.58,17.65,17.04,17.12,19929000,HPG,17.416352755163707,16.97956957407161,-0.43678318109209613,-0.6665652079476398,0.22978202685554372,False,False,False,False,False,False,,
2022-07-19,17.04,17.12,16.74,16.78,16276900,HPG,17.36921551404047,16.948866562675978,-0.4203489513644918,-0.6173219566310103,0.1969730052665185,False,False,False,False,False,False,,
2022-07-20,16.93,17.23,16.89,16.93,16893100,HPG,17.336681031518953,16.94596401457198,-0.39071701694697225,-0.5720009686942027,0.18128395174723044,False,False,False,False,False,False,,
2022-07-21,16.93,17.42,16.89,17.2,23043400,HPG,17.3265565106657,16.9850464738686,-0.3415100367971,-0.5259027823147822,0.18439274551768214,False,False,True,False,False,True,,2022-07-01
2022-07-22,17.2,17.27,16.82,16.82,16642200,HPG,17.289033806171943,16.959654708658046,-0.3293790975138968,-0.4865980453546051,0.15721894784070828,False,False,False,False,False,False,,
2022-07-25,16.82,16.89,16.51,16.59,20722100,HPG,17.23725352423328,16.902784753479885,-0.3344687707533964,-0.45617219043436336,0.12170341968096693,False,False,False,False,False,False,,
2022-07-26,16.51,16.67,16.36,16.4,26378200,HPG,17.175234744660447,16.825433252944517,-0.34980149171592956,-0.4348980506906766,0.08509655897474705,False,False,False,False,False,False,,
2022-07-27,16.25,16.29,15.95,16.1,28601000,HPG,17.09558772653745,16.7138281371069,-0.38175958943054766,-0.4242703584386508,0.04251076900810313,False,False,False,False,False,False,,
2022-07-28,16.29,16.44,16.1,16.21,23510500,HPG,17.029988635682823,16.636316116013532,-0.3936725196692912,-0.4181507906847789,0.024478271015487718,False,False,False,False,False,False,,
2022-07-29,16.36,16.63,16.29,16.29,20587600,HPG,16.97517466266928,16.583036713549912,-0.39213794911936617,-0.41294822237169637,0.020810273252330203,False,False,False,False,False,False,,
2022-08-01,16.44,17.31,16.36,17.27,38143900,HPG,16.997013576545626,16.68872337300377,-0.3082902035418549,-0.3920166186057281,0.08372641506387324,False,False,False,False,False,False,,
2022-08-02,17.35,17.54,17.2,17.35,27729900,HPG,17.02316071902373,16.7904582386955,-0.2327024803282285,-0.3601537909502282,0.1274513106219997,False,False,False,False,False,False,,
2022-08-03,17.2,18.07,17.12,17.99,58846000,HPG,17.09477844354049,16.975003125050037,-0.1197753184904542,-0.31207809645827345,0.19230277796781925,False,False,False,False,False,False,,
2022-08-04,18.11,18.14,17.8,17.92,30031900,HPG,17.155905966241196,17.120387259657726,-0.03551870658347056,-0.2567662184833129,0.22124751189984232,False,False,True,False,False,True,,2022-07-15
2022-08-05,17.73,17.92,17.54,17.65,42516600,HPG,17.192505524297403,17.201866142787306,0.009360618489903771,-0.20354085108866957,0.21290146957857334,False,False,False,False,False,False,,
2022-08-08,17.73,18.11,17.65,17.88,30365700,HPG,17.243431041016112,17.306194428512335,0.06276338749622212,-0.15028000337169123,0.21304339086791335,False,False,False,False,False,False,,
2022-08-09,18.11,18.41,17.92,18.26,48222600,HPG,17.31873244538529,17.452933747202746,0.1342013018174555,-0.09338374233386189,0.22758504415131736,True,False,True,False,False,True,,2022-07-15
2022-08-10,18.18,18.48,18.03,18.03,30124400,HPG,17.371418930912306,17.54171317071002,0.17029423979771252,-0.040648145907547006,0.21094238570525953,False,False,False,False,False,False,,
2022-08-11,18.22,18.29,17.65,17.73,34352700,HPG,17.397980491585468,17.57068037521617,0.17269988363070254,0.0020214600001028996,0.17067842363059965,False,False,False,False,False,False,,
2022-08-12,17.65,18.22,17.61,18.14,33797300,HPG,17.452944899616174,17.6582680097983,0.20532311018212468,0.04268179003650726,0.1626413201456174,False,False,False,False,False,False,,
2022-08-15,18.26,18.33,18.03,18.18,31513400,HPG,17.50680083297794,17.73853446982933,0.23173363685138781,0.08049215939948337,0.15124147745190444,False,False,False,False,False,False,,
2022-08-16,18.18,18.71,18.18,18.6,65490300,HPG,17.58777854905365,17.871067628317125,0.2832890792634757,0.12105154337228184,0.16223753589119383,False,False,True,False,False,True,,2022-07-15
2022-08-17,18.64,18.67,18.29,18.41,27443900,HPG,17.64868384171634,17.95398030088372,0.3052964591673799,0.15790052653130146,0.14739593263607845,False,False,False,False,False,False,,
2022-08-18,18.26,18.45,18.22,18.29,23215100,HPG,17.696188742329948,18.005675639209304,0.30948689687935627,0.18821780060091242,0.12126909627844384,False,False,False,False,False,False,,
2022-08-19,18.26,18.37,17.92,17.99,31457200,HPG,17.717952539194396,18.003264002407875,0.28531146321347833,0.20763653312342562,0.07767493009005272,False,False,False,False,False,False,,
2022-08-22,17.92,17.99,17.54,17.69,23798700,HPG,17.715881980735553,17.95506954049897,0.239187559763419,0.21394673845142428,0.025240821311994704,False,False,False,False,False,False,,
2022-08-23,17.5,17.92,17.5,17.92,16687400,HPG,17.7310018340144,17.949674226576054,0.21867239256165405,0.21489186927347026,0.0037805232881837902,False,False,False,False,False,False,,
2022-08-24,17.92,17.99,17.8,17.8,12125400,HPG,17.736112809272594,17.92664742248743,0.19053461321483667,0.21002041806174354,-0.019485804846906873,False,False,False,True,False,False,,
2022-08-25,17.99,18.22,17.88,18.07,18259100,HPG,17.760845193770923,17.948701665181673,0.18785647141075046,0.20558762873154493,-0.01773115732079447,False,False,False,False,False,False,,
2022-08-26,18.18,18.18,17.8,17.8,16469800,HPG,17.76374554978789,17.925824485922956,0.16207893613506386,0.19688589021224873,-0.03480695407718487,False,False,False,False,False,False,,
2022-08-29,17.46,17.61,17.16,17.42,32468000,HPG,17.738282916470272,17.8480053342425,0.10972241777222891,0.17945319572424479,-0.06973077795201588,False,False,False,False,False,False,,
2022-08-30,17.5,17.65,17.39,17.46,15309700,HPG,17.717669367102104,17.7883122058975,0.07064283879539701,0.15769112433847524,-0.08704828554307822,False,False,False,False,False,False,,
2022-08-31,17.42,17.54,17.23,17.42,14977400,HPG,17.695619784353802,17.73164878960558,0.03602900525177688,0.13335870052113558,-0.0973296952693587,False,True,False,True,False,False,,
2022-09-05,17.46,18.26,17.46,18.11,26282100,HPG,17.726314615142407,17.789856668127797,0.06354205298539028,0.11939537101398652,-0.055853318028596236,False,False,False,False,False,False,,
2022-09-06,18.18,18.33,17.84,17.84,15332900,HPG,17.734735754761488,17.797571026877367,0.0628352721158798,0.10808335123436519,-0.045248079118485385,False,False,False,False,False,False,,
2022-09-07,17.84,18.03,17.42,17.42,25025500,HPG,17.71142199514953,17.739483176588543,0.02806118143901415,0.09207891727529499,-0.06401773583628084,False,False,False,False,False,False,,
2022-09-08,17.58,17.76,17.35,17.5,20365500,HPG,17.695761106619937,17.702639610959537,0.0068785043395998,0.07503883468815596,-0.06816033034855616,False,False,False,True,False,False,,
2022-09-09,17.69,18.03,17.5,18.03,26048100,HPG,17.720519543166606,17.753002747734993,0.03248320456838627,0.06652770866420203,-0.03404450409581576,False,False,False,False,False,False,,
2022-09-12,18.11,18.41,18.03,18.03,26248107,HPG,17.74344402145056,17.795617709621915,0.05217368817135437,0.0636569045656325,-0.011483216394278128,False,False,False,False,False,False,,
2022-09-13,17.99,18.18,17.8,17.95,14724638,HPG,17.758744464306073,17.819368831218544,0.06062436691247086,0.06305039703500018,-0.0024260301225293157,False,False,False,False,False,False,,
2022-09-14,17.61,18.03,17.61,17.95,27075092,HPG,17.77291154102414,17.839465934108,0.0665543930838588,0.06375119624477191,0.002803196839086891,True,False,True,False,False,False,,
2022-09-15,18.11,18.11,17.76,17.88,13756661,HPG,17.780844019466798,17.845701944245228,0.06485792477842978,0.06397254195150348,0.0008853828269262953,False,False,False,False,False,False,,
2022-09-16,17.73,17.88,17.42,17.42,27529890,HPG,17.75411483283963,17.78020933743827,0.026094504598638935,0.056396934480930576,-0.03030242988229164,False,False,False,False,False,False,,
2022-09-19,17.5,17.61,17.01,17.16,27500020,HPG,17.71010632670336,17.684792516293918,-0.02531381040944325,0.04005478550285581,-0.06536859591229906,False,False,False,False,False,False,,
2022-09-20,17.27,17.42,17.12,17.42,11527796,HPG,17.68861696916978,17.644055206094855,-0.04456176307492399,0.02313147578729985,-0.06769323886222384,False,False,False,False,False,False,,
2022-09-21,17.35,17.39,17.2,17.35,9926454,HPG,17.66353423071276,17.598815943618725,-0.06471828709403482,0.005561523211032916,-0.07027981030506773,False,False,False,True,False,False,,
2022-09-22,17.2,17.5,17.16,17.42,11608395,HPG,17.64549465806737,17.571305798446613,-0.07418885962075805,-0.010388553355325278,-0.06380030626543277,False,False,False,False,False,False,,
2022-09-23,17.46,17.58,17.2,17.2,14606561,HPG,17.612495053766086,17.514181829454827,-0.09831322431125855,-0.02797348754651193,-0.07033973676474661,False,False,False,False,False,False,,
2022-09-26,17.01,17.12,16.55,16.97,25891001,HPG,17.56490282756119,17.43046154800024,-0.13444127956095286,-0.04926704594940012,-0.08517423361155274,False,False,False,False,False,False,,
2022-09-27,17.01,17.04,16.74,16.97,9019898,HPG,17.520835951445548,17.359621309846354,-0.1612146415991944,-0.07165656507935898,-0.08955807651983543,False,False,False,False,False,False,,
2022-09-28,16.82,17.01,16.36,16.51,14080348,HPG,17.445959214301435,17.22891033910076,-0.21704887520067473,-0.10073502710362214,-0.11631384809705259,False,False,False,False,False,False,,
2022-09-29,16.78,16.89,16.4,16.4,10339728,HPG,17.368480753982812,17.101385671546797,-0.26709508243601476,-0.13400703817010068,-0.13308804426591408,False,False,False,False,False,False,,
2022-09-30,16.29,16.4,15.68,16.06,23383484,HPG,17.271556253687788,16.94117249130883,-0.3303837623789576,-0.17328238301187207,-0.15710137936708554,False,False,False,False,False,False,,
2022-10-03,16.06,16.06,14.96,14.96,33589693,HPG,17.10032986452573,16.636376723415164,-0.46395314111056507,-0.23141653463161066,-0.2325366064789544,False,False,False,False,False,False,,
2022-10-04,15.23,15.34,14.13,14.28,30526975,HPG,16.891416541227528,16.27385722750514,-0.6175593137223885,-0.30864509044976624,-0.30891422327262225,False,False,False,False,False,False,,
2022-10-05,14.55,14.66,14.28,14.55,25327759,HPG,16.71797827891438,16.00864842327358,-0.7093298556407994,-0.38878204348797285,-0.3205478121528266,False,False,False,False,False,False,,
2022-10-06,14.62,14.62,13.64,13.64,37483856,HPG,16.489979887883685,15.644240973539183,-0.8457389143445013,-0.48017341765927857,-0.36556549668522276,False,False,False,False,False,False,,
2022-10-07,13.37,13.48,12.92,13.33,36491332,HPG,16.255907303596004,15.288203900687,-0.9677034029090041,-0.5776794147092237,-0.39002398819978046,False,True,False,True,False,False,,
2022-10-10,13.11,14.09,13.03,13.9,25072982,HPG,16.08139565147778,15.074634069812076,-1.006761581665705,-0.66349584810052,-0.34326573356518497,False,False,False,False,False,False,,
2022-10-11,13.94,13.94,13.14,13.26,26460836,HPG,15.872403380997945,14.795459597533295,-1.0769437834646496,-0.7461854351733459,-0.3307583482913037,False,False,False,False,False,False,,
2022-10-12,13.48,14.17,13.26,14.17,29014564,HPG,15.74629942684995,14.699235044066635,-1.047064382783315,-0.8063612246953398,-0.24070315808797527,False,False,False,False,False,False,,
2022-10-13,14.24,14.85,14.05,14.77,24208372,HPG,15.67398095078699,14.710121960364077,-0.9638589904229136,-0.8378607778408547,-0.1259982125820589,False,False,False,False,False,False,,
2022-10-14,14.96,15.08,14.62,14.73,22599552,HPG,15.604056435913881,14.713180120308065,-0.8908763156058157,-0.848463885393847,-0.04241243021196872,False,False,False,False,False,False,,
2022-10-17,14.58,14.66,14.32,14.58,17068516,HPG,15.528200403623964,14.692690871029901,-0.8355095325940631,-0.8458730148338902,0.010363482239827082,False,False,False,False,False,False,,
2022-10-18,14.77,14.92,14.17,14.28,24397390,HPG,15.435741114466634,14.62919996779453,-0.8065411466721031,-0.8380066412015328,0.031465494529429705,True,False,True,False,False,False,,
2022-10-19,14.28,14.28,13.9,13.94,20245221,HPG,15.324945476357994,14.52316920351845,-0.801776272839545,-0.8307605675291353,0.028984294689590295,False,False,False,False,False,False,,
2022-10-20,13.9,14.09,13.67,13.71,26040071,HPG,15.205319885516662,14.398066249130997,-0.8072536363856653,-0.8260591813004413,0.01880554491477604,False,False,False,False,False,False,,
2022-10-21,13.86,13.86,12.8,12.8,45174370,HPG,15.027148042145058,14.152209903110844,-0.8749381390342137,-0.8358349728471959,-0.03910316618701781,False,False,False,False,False,False,,
2022-10-24,12.88,12.92,12.27,12.42,27988297,HPG,14.834025964949127,13.885716071863023,-0.9483098930861047,-0.8583299568949776,-0.0899799361911271,False,True,False,True,False,False,,
2022-10-25,12.42,13.26,12.16,12.95,31124038,HPG,14.694468486064006,13.741759753114865,-0.9527087329491408,-0.8772057121058102,-0.0755030208433306,False,False,False,False,False,False,,
2022-10-26,12.88,13.18,12.76,12.8,11251019,HPG,14.554137487096302,13.59687363725104,-0.9572638498452619,-0.8932173396537005,-0.06404651019156138,False,False,False,False,False,False,,
2022-10-27,12.84,13.33,12.8,13.18,21375048,HPG,14.452349525089168,13.532739231520111,-0.9196102935690575,-0.898495930436772,-0.02111436313228554,False,False,False,False,False,False,,
2022-10-28,13.18,13.37,12.73,12.73,31215964,HPG,14.324768078786267,13.409240888209323,-0.9155271905769435,-0.9019021824648064,-0.013625008112137182,False,False,False,False,False,False,,
2022-10-31,11.86,12.12,11.86,11.86,66338365,HPG,14.14219266554284,13.17089613617712,-0.9712965293657199,-0.9157810518449891,-0.055515477520730716,False,False,False,False,False,False,,
2022-11-01,11.93,12.12,11.21,11.36,81584646,HPG,13.936104319947075,12.89229673061141,-1.0438075893356658,-0.9413863593431245,-0.10242122999254122,False,False,False,True,False,False,,
2022-11-02,11.36,11.89,11.36,11.63,40136638,HPG,13.765281777728774,12.69809723359427,-1.0671845441345038,-0.9665459963014005,-0.10063854783310333,False,False,False,False,False,False,,
2022-11-03,11.55,11.7,11.44,11.51,20641482,HPG,13.598223868267384,12.515313043810536,-1.0829108244568477,-0.98981896193249,-0.09309186252435775,False,False,False,False,False,False,,
2022-11-04,11.36,11.48,10.98,11.1,43904752,HPG,13.413170248395726,12.29757257553199,-1.1155976728637356,-1.0149747041187391,-0.10062296874499643,False,False,False,False,False,False,,
2022-11-07,11.02,11.21,10.38,10.38,38281291,HPG,13.188490970736783,12.002561410065532,-1.1859295606712514,-1.0491656754292416,-0.13676388524200989,False,False,False,False,False,False,,
2022-11-08,9.92,10.38,9.85,9.96,46290133,HPG,12.949343491422947,11.688321193132374,-1.2610222982905732,-1.0915370000015079,-0.16948529828906533,False,False,False,False,False,False,,
2022-11-09,10.0,10.3,9.81,9.85,32797759,HPG,12.719762492058285,11.405502548035086,-1.314259944023199,-1.1360815888058462,-0.1781783552173528,False,False,False,False,False,False,,
2022-11-10,9.62,9.7,9.17,9.17,79765322,HPG,12.45681712227619,11.061579079106611,-1.395238043169579,-1.1879128796785927,-0.2073251634909863,False,True,False,True,False,False,,
2022-11-11,9.32,9.58,9.09,9.32,60729517,HPG,12.22446029840388,10.793643836167133,-1.4308164622367467,-1.2364935961902235,-0.19432286604652327,False,False,False,False,False,False,,
2022-11-14,9.2,9.43,8.98,9.24,60282566,HPG,12.003389165188779,10.554621707526035,-1.4487674576627434,-1.2789483684847274,-0.16981908917801602,False,False,False,False,False,False,,
2022-11-15,9.09,9.51,9.09,9.47,40430769,HPG,11.815730708508129,10.387756829445108,-1.4279738790630212,-1.3087534706003863,-0.11922040846263493,False,False,False,False,False,False,,
2022-11-16,9.32,10.11,8.94,10.11,34920301,HPG,11.689380285655675,10.345025009530474,-1.3443552761252011,-1.3158738317053493,-0.028481444419851787,False,False,False,False,False,False,,
2022-11-17,10.53,10.8,10.45,10.8,21525349,HPG,11.623500264495997,10.415021161910401,-1.2084791025855957,-1.2943948858813987,0.08591578329580307,False,False,False,False,False,False,,
2022-11-18,11.06,11.51,10.8,11.44,99679984,HPG,11.609907652311108,10.572710213924186,-1.0371974383869222,-1.2429553963825035,0.20575795799558128,False,False,False,False,False,False,,
2022-11-21,11.51,11.55,11.17,11.33,31615926,HPG,11.589173752139915,10.689216334858926,-0.899957417280989,-1.1743558005622006,0.2743983832812116,False,False,False,False,False,False,,
2022-11-22,11.1,11.7,10.95,11.21,43262031,HPG,11.56108680753696,10.769336898726785,-0.7917499088101749,-1.0978346222117956,0.3060847134016207,False,False,True,False,False,False,,
2022-11-23,11.14,11.25,10.45,10.45,30314308,HPG,11.47878408105274,10.72020814507651,-0.7585759359762303,-1.0299828849646826,0.2714069489884523,False,False,False,False,False,False,,
2022-11-24,10.38,10.91,10.3,10.87,31123292,HPG,11.433688963937723,10.74325304583397,-0.690435918103752,-0.9620734915924966,0.2716375734887445,False,False,False,False,False,False,,
2022-11-25,11.06,11.59,10.87,11.59,26543478,HPG,11.445267559201595,10.87352180801336,-0.5717457511882351,-0.8840079435116444,0.31226219232340924,False,False,False,False,False,False,,
2022-11-28,11.82,12.39,11.82,12.39,58865341,HPG,11.515247740001476,11.106826145242074,-0.40842159475940143,-0.7888906737611958,0.3804690790017944,False,False,False,False,False,False,,
2022-11-29,12.58,13.22,12.39,13.18,64328337,HPG,11.638562722223588,11.425775969050985,-0.21278675317260287,-0.6736698896434773,0.4608831364708744,False,False,False,False,False,False,,
2022-11-30,13.3,13.94,13.03,13.94,57742021,HPG,11.809039557614433,11.812579666120063,0.003540108505630357,-0.5382278900136558,0.5417679985192861,False,False,False,False,False,False,,
2022-12-01,14.2,14.89,13.64,13.79,66616642,HPG,11.955777368161513,12.11679817902467,0.16102081086315678,-0.39837814983829334,0.5593989607014501,False,False,False,False,False,False,,
2022-12-02,13.64,14.73,13.48,14.73,45705713,HPG,12.16127534089029,12.51882922840549,0.35755388751520023,-0.24719174236759464,0.6047456298827949,False,False,False,False,False,False,,
2022-12-05,15.0,15.45,14.77,15.15,46538699,HPG,12.382662352676194,12.923624731727722,0.5409623790515283,-0.08956091808377006,0.6305232971352984,True,False,True,False,False,False,,
2022-12-06,15.08,15.11,14.09,14.09,62798971,HPG,12.509131808033514,13.103067080692687,0.5939352726591736,0.04713832006481866,0.5467969525943549,False,False,False,False,False,False,,
2022-12-07,13.64,14.51,13.41,13.83,34635127,HPG,12.606973896327329,13.214902914432272,0.6079290181049437,0.15929645967284367,0.44863255843210004,False,False,False,False,False,False,,
2022-12-08,14.32,14.66,14.01,14.32,29957563,HPG,12.7338647188216,13.38491785067346,0.6510531318518602,0.25764779410864697,0.39340533774321323,False,False,False,False,False,False,,
2022-12-09,14.32,14.73,14.01,14.55,34560392,HPG,12.868393258168147,13.564161258262157,0.6957680000940094,0.3452718353057195,0.35049616478828993,False,False,False,False,False,False,,
2022-12-12,14.55,14.81,14.09,14.09,35845597,HPG,12.958882646451988,13.645059526221825,0.6861768797698371,0.413452844198543,0.2727240355712941,False,False,False,False,False,False,,
2022-12-13,14.09,14.39,13.83,14.39,24353126,HPG,13.064891339307396,13.759665752956929,0.6947744136495331,0.46971715808874104,0.22505725556079204,False,False,False,False,False,False,,
2022-12-14,14.66,14.85,14.39,14.55,34297808,HPG,13.174899388247589,13.881255637117402,0.7063562488698132,0.5170449762449555,0.1893112726248577,False,False,False,False,False,False,,
2022-12-15,14.47,14.89,14.47,14.66,20990952,HPG,13.28490684096999,14.001062462176263,0.7161556212062727,0.5568671052372189,0.1592885159690538,False,False,False,False,False,False,,
2022-12-16,14.55,15.49,14.36,15.45,55405137,HPG,13.445284112009249,14.223975929533761,0.7786918175245123,0.6012320476946776,0.1774597698298347,False,False,True,False,False,False,,
2022-12-19,15.61,16.1,15.15,15.15,48060180,HPG,13.571559362971527,14.366441171143952,0.7948818081724252,0.6399619997902272,0.154919808382198,False,False,False,False,False,False,,
2022-12-20,15.0,15.23,14.2,14.39,45566363,HPG,13.632184595344008,14.370065606352576,0.7378810110085681,0.6595458020338953,0.07833520897467272,False,False,False,False,False,False,,
2022-12-21,14.7,14.73,13.71,14.32,27712966,HPG,13.683133884577785,14.362363205375257,0.6792293207974716,0.6634825057866106,0.01574681501086095,False,False,False,False,False,False,,
2022-12-22,14.47,14.85,14.17,14.32,18972258,HPG,13.730309152386837,14.355845789163679,0.6255366367768413,0.6558933319846567,-0.030356695207815365,False,False,False,False,False,False,,
2022-12-23,14.28,14.32,13.71,13.9,24819632,HPG,13.742878844802627,14.285715667753882,0.542836822951255,0.6332820301779765,-0.09044520722672145,False,False,False,False,False,False,,
2022-12-26,13.86,13.86,12.95,12.95,31382368,HPG,13.684147078520951,14.0802209496379,0.3960738711169487,0.585840398365771,-0.18976652724882226,False,False,False,False,False,False,,
2022-12-27,12.95,13.83,12.95,13.83,23661449,HPG,13.69495099863051,14.041725418924376,0.3467744202938654,0.5380272027513898,-0.19125278245752442,False,False,False,True,False,False,,
2022-12-28,13.94,14.01,13.6,13.79,14317232,HPG,13.701991665398621,14.002998431397549,0.3010067659989275,0.4906231154008974,-0.18961634940196992,False,False,False,False,False,False,,
2022-12-29,13.86,14.01,13.52,13.64,17428880,HPG,13.697399690183909,13.94715251887485,0.24975282869094073,0.4424490580589061,-0.19269622936796538,False,True,False,True,False,False,,
2022-12-30,13.71,13.98,13.56,13.64,14457954,HPG,13.693147861281398,13.899898285201797,0.20675042392039877,0.39530933123120465,-0.18855890731080588,False,False,False,False,False,False,,
2023-01-03,13.86,14.58,13.79,14.58,28002477,HPG,13.758840612297591,14.004529318247675,0.24568870595008363,0.3653852061749805,-0.11969650022489686,False,False,False,False,False,False,,
2023-01-04,14.73,15.0,14.62,14.7,20238379,HPG,13.828556122497769,14.111524807748033,0.282968685250264,0.34890190199003723,-0.06593321673977326,False,False,False,False,False,False,,
2023-01-05,14.7,15.15,14.51,15.0,21514174,HPG,13.915329743053489,14.248213298863721,0.3328835558102323,0.3456982327540763,-0.012814676943843972,False,False,False,False,False,False,,
2023-01-06,14.92,15.23,14.55,14.7,19639432,HPG,13.973453465790268,14.317718945192379,0.34426547940211094,0.3454116820836833,-0.0011462026815723392,False,False,False,False,False,False,,
2023-01-09,15.0,15.23,14.77,14.85,16192400,HPG,14.038382838694693,14.399608338239705,0.3612254995450126,0.34857444557594913,0.012651053969063464,False,False,False,False,False,False,,
2023-01-10,14.85,15.23,14.55,15.0,26862967,HPG,14.109613739532122,14.491976286202828,0.3823625466707057,0.35533206579490045,0.02703048087580523,False,False,False,False,False,False,,
2023-01-11,15.15,15.57,15.08,15.3,25723037,HPG,14.197790499566779,14.616287626787008,0.41849712722022936,0.36796507807996626,0.0505320491402631,False,False,False,False,False,False,,
2023-01-12,15.23,15.34,15.08,15.19,20179348,HPG,14.271287499598868,14.704551068819775,0.43326356922090703,0.38102477630815446,0.052238792912752574,False,False,True,False,False,False,,
2023-01-13,15.34,15.42,15.08,15.11,19181562,HPG,14.333414351480434,14.766927827462887,0.43351347598245304,0.3915225162430142,0.04199095973943884,False,False,False,False,False,False,,
2023-01-16,15.15,15.64,15.11,15.34,22332412,HPG,14.407976251370771,14.855092777083982,0.44711652571321103,0.4026413181370536,0.044475207576157416,False,False,False,False,False,False,,
2023-01-17,15.49,16.4,15.49,16.4,41612075,HPG,14.555533566084048,15.092770811378754,0.5372372452947065,0.4295605035685842,0.1076767417261223,False,False,False,False,False,False,,
2023-01-18,16.67,16.7,16.33,16.44,25861024,HPG,14.695123672300044,15.300036840397407,0.6049131680973634,0.4646310364743401,0.14028213162302328,True,False,True,False,False,False,,
2023-01-19,16.36,16.55,15.79,16.02,43951678,HPG,14.793262659537078,15.410800403413191,0.6175377438761132,0.49521237795469475,0.1223253659214184,False,False,False,False,False,False,,
2023-01-27,15.91,16.33,15.79,16.29,26536613,HPG,14.90413209216396,15.546061879811162,0.6419297876472019,0.5245558598931962,0.11737392775400568,False,False,False,False,False,False,,
2023-01-30,16.44,16.82,16.17,16.48,42356101,HPG,15.020863048299963,15.689744667532523,0.6688816192325593,0.5534210117610688,0.11546060747149045,False,False,False,False,False,False,,
2023-01-31,16.59,16.74,16.44,16.74,28117407,HPG,15.148206526203671,15.851322410989058,0.7031158847853867,0.5833599863659324,0.11975589841945422,False,False,True,False,False,False,,
2023-02-01,16.82,17.16,15.91,15.98,51921554,HPG,15.209820857595993,15.871118963144587,0.6612981055485943,0.5989476102024649,0.06235049534612935,False,False,False,False,False,False,,
2023-02-02,16.06,16.44,15.98,16.14,25396828,HPG,15.278723016292586,15.91248527650696,0.6337622602143735,0.6059105402048466,0.02785172000952696,False,False,False,False,False,False,,
2023-02-03,16.25,16.33,15.91,15.98,20963608,HPG,15.330669459530174,15.92287215704435,0.5922026975141765,0.6031689716667126,-0.010966274152536037,False,False,False,False,False,False,,
2023-02-06,15.98,16.02,15.57,16.02,22290665,HPG,15.38173098104646,15.93781490211445,0.5560839210679909,0.5937519615469683,-0.03766804047897743,False,False,False,False,False,False,,
2023-02-07,16.02,16.06,14.92,14.96,43400365,HPG,15.350491649117092,15.787381840250688,0.43689019113359606,0.5623796074642938,-0.12548941633069777,False,False,False,False,False,False,,
2023-02-08,14.96,15.98,14.96,15.79,33822546,HPG,15.383047823256566,15.787784634058276,0.40473681080171,0.5308510481317771,-0.1261142373300671,False,False,False,False,False,False,,
2023-02-09,15.91,16.1,15.61,15.61,16349782,HPG,15.399859095607933,15.760433151895464,0.3605740562875308,0.4967956497629279,-0.13622159347539708,False,False,False,False,False,False,,
2023-02-10,15.68,15.76,15.26,15.53,15835857,HPG,15.409499162599937,15.7249818977577,0.31548273515776337,0.460533066841895,-0.14505033168413162,False,False,False,False,False,False,,
2023-02-13,15.45,15.45,14.96,15.3,18750139,HPG,15.40138811351846,15.65960006733344,0.2582119538149801,0.42006884423651203,-0.16185689042153195,False,True,False,True,False,False,,
2023-02-14,15.38,15.83,15.34,15.61,17300348,HPG,15.416840845850427,15.651969287743679,0.23512844189325222,0.3830807637678601,-0.14795232187460788,False,False,False,False,False,False,,
2023-02-15,15.61,15.95,15.34,15.76,20082870,HPG,15.442260042454098,15.668589397321574,0.22632935486747563,0.35173048198778323,-0.1254011271203076,False,False,False,False,False,False,,
2023-02-16,15.87,16.21,15.61,16.14,23923522,HPG,15.493944483753795,15.741114105425948,0.24716962167215328,0.3308183099246573,-0.08364868825250399,False,False,False,False,False,False,,
2023-02-17,16.14,16.17,15.91,15.91,12294342,HPG,15.524763410883144,15.767096550745034,0.24233313986188953,0.3131212759121037,-0.07078813605021417,False,False,False,False,False,False,,
2023-02-20,15.91,16.59,15.91,16.59,24755857,HPG,15.603669824891801,15.893697081399644,0.2900272565078428,0.3085024720312516,-0.018475215523408806,False,False,False,False,False,False,,
2023-02-21,16.7,16.89,16.36,16.36,20653398,HPG,15.659694282307225,15.965435991953544,0.30574170964631975,0.3079503195542652,-0.002208609907945469,False,False,False,False,False,False,,
2023-02-22,16.21,16.74,16.06,16.06,32644751,HPG,15.689346557691874,15.979984300883768,0.29063774319189406,0.304487804281791,-0.013850061089896948,False,False,False,True,False,False,,
2023-02-23,16.02,16.29,15.45,16.29,33600491,HPG,15.733839405270254,16.027679023824724,0.29383961855447005,0.3023581671363268,-0.008518548581856744,False,False,False,False,False,False,,
2023-02-24,16.29,16.29,15.64,15.76,14604476,HPG,15.735777227102087,15.986497635543998,0.2507204084419108,0.29203061539744357,-0.04131020695553278,False,False,False,False,False,False,,
2023-02-27,15.45,15.57,15.11,15.23,31325056,HPG,15.698312247316746,15.870113383921844,0.17180113660509733,0.26798471963897436,-0.09618358303387703,False,False,False,False,False,False,,
2023-02-28,15.49,15.53,15.08,15.15,15225174,HPG,15.657696525293284,15.75932670947233,0.10163018417904546,0.2347138125469886,-0.13308362836794313,False,True,False,True,True,False,2023-02-13,
2023-03-01,15.15,15.83,15.0,15.83,18627062,HPG,15.670459745641931,15.770199523399663,0.09973977775773157,0.2077190055891372,-0.10797922783140562,False,False,False,False,False,False,,
2023-03-02,15.91,15.98,15.61,15.61,8872489,HPG,15.665981245964751,15.745553442876638,0.07957219691188655,0.18208964385368706,-0.10251744694180051,False,False,False,False,False,False,,
2023-03-03,15.76,15.98,15.42,15.42,13614423,HPG,15.647760412930324,15.695468297818692,0.04770788488836786,0.15521329206062323,-0.10750540717225537,False,False,False,True,False,False,,
2023-03-06,15.64,15.79,15.45,15.45,11372148,HPG,15.633111493454004,15.657703944308125,0.02459245085412043,0.12908912381932267,-0.10449667296520224,False,False,False,False,False,False,,
2023-03-07,15.61,16.17,15.57,15.98,29332840,HPG,15.658806938383336,15.707287952876106,0.048481014492770313,0.1129675019540122,-0.06448648746124189,False,False,False,False,False,False,,
2023-03-08,15.83,16.06,15.76,16.06,16164479,HPG,15.688524942947534,15.761551344741319,0.0730264017937845,0.10497928192196666,-0.03195288012818216,False,False,False,False,False,False,,
2023-03-09,16.06,16.33,16.06,16.06,23283259,HPG,15.71604161384031,15.807466522473423,0.09142490863311181,0.1022684072641957,-0.010843498631083887,False,False,False,False,False,False,,
2023-03-10,16.02,16.25,15.91,16.14,22466284,HPG,15.747445938741029,15.858625519015973,0.11117958027494446,0.10405064186634547,0.007128938408598989,True,False,True,False,False,False,,
2023-03-13,15.95,16.21,15.83,15.98,20936991,HPG,15.764672165500954,15.87729851609044,0.11262635058948511,0.1057657836109734,0.006860566978511715,False,False,False,False,False,False,,
2023-03-14,15.95,15.98,15.3,15.38,30875738,HPG,15.736177931019402,15.800791052076526,0.0646131210571248,0.0975352511002037,-0.032922130043078895,False,False,False,True,False,False,,
2023-03-15,15.76,16.14,15.61,16.14,26788560,HPG,15.766090676869817,15.852977044064755,0.08688636719493736,0.09540547431915043,-0.008519107124213068,False,False,False,False,False,False,,
2023-03-16,15.91,15.98,15.53,15.79,30255725,HPG,15.767861737842424,15.843288268054792,0.07542653021236845,0.09140968549779405,-0.0159831552854256,False,False,False,False,False,False,,
2023-03-17,15.95,15.95,15.45,15.45,33964905,HPG,15.74431642392817,15.782782380661747,0.038465956733576334,0.08082093974495051,-0.04235498301137418,False,False,False,False,False,False,,
2023-03-20,15.45,15.61,15.15,15.15,22998039,HPG,15.700292985118676,15.685431245175325,-0.014861739943350827,0.06168440380729024,-0.07654614375064106,False,True,False,True,False,False,,
2023-03-21,15.3,15.57,15.04,15.49,19069859,HPG,15.684715726961736,15.655364899763736,-0.029350827197999863,0.043477357606232225,-0.07282818480423209,False,False,False,False,False,False,,
2023-03-22,15.57,15.61,15.26,15.38,12862864,HPG,15.662144191631237,15.613001069030853,-0.049143122600384004,0.024953261564908978,-0.07409638416529299,False,False,False,True,False,False,,
2023-03-23,15.3,15.45,15.19,15.45,10748158,HPG,15.64642980706596,15.587923981487645,-0.058505825578315296,0.008261444136264123,-0.06676726971457941,False,False,False,False,False,False,,
2023-03-24,15.49,15.53,15.38,15.45,13694808,HPG,15.631879450987,15.566704907412623,-0.06517454357437735,-0.006425753405864172,-0.05874879016851318,False,False,False,False,False,False,,
2023-03-27,15.45,15.83,15.42,15.76,20275804,HPG,15.641369862025002,15.596442613964527,-0.04492724806047477,-0.014126052336786293,-0.030801195723688474,False,False,False,False,False,False,,
2023-03-28,15.83,15.91,15.68,15.68,12334554,HPG,15.644231353726852,15.609297596431523,-0.034933757295329215,-0.01828759332849488,-0.016646163966834337,False,False,False,False,False,False,,
2023-03-29,15.68,15.98,15.68,15.76,17949339,HPG,15.652806809006343,15.632482581595903,-0.020324227410439377,-0.01869492014488378,-0.0016293072655555983,False,False,False,False,False,False,,
2023-03-30,15.91,16.02,15.72,15.76,20964474,HPG,15.660747045376244,15.652100645965763,-0.008646399410480399,-0.016685215998003104,0.008038816587522705,False,False,False,False,False,False,,
2023-03-31,15.76,15.83,15.42,15.76,23777566,HPG,15.668099116089113,15.668700546586415,0.0006014304973014362,-0.013227886698942195,0.013829317196243631,False,False,False,False,False,False,,
2023-04-03,15.95,15.98,15.79,15.91,21377967,HPG,15.686017700082513,15.705823539419274,0.01980583933676172,-0.006621141491801413,0.026426980828563134,False,False,False,False,False,False,,
2023-04-04,16.02,16.06,15.87,15.98,19873334,HPG,15.707794166743067,15.74800453335477,0.04021036661170285,0.0027451601288994406,0.03746520648280341,False,False,False,False,False,False,,
2023-04-05,15.98,16.29,15.87,16.29,25532123,HPG,15.7509205247621,15.831388451300189,0.08046792653808943,0.01828971341073744,0.062178213127351986,False,False,False,False,False,False,,
2023-04-06,16.33,16.59,16.21,16.29,27853049,HPG,15.790852337742685,15.90194407417708,0.11109173643439618,0.03685011801546919,0.07424161841892699,True,False,True,False,False,False,,
2023-04-07,16.29,16.36,15.98,16.06,18568535,HPG,15.810789201613595,15.926260370457529,0.11547116884393382,0.05257432818116212,0.06289684066277171,False,False,False,False,False,False,,
2023-04-10,16.1,16.17,15.61,15.68,26557356,HPG,15.80110111260518,15.888374159617909,0.08727304701272942,0.059514071947475586,0.027758975065253835,False,False,False,False,False,False,,
2023-04-11,15.68,15.79,15.61,15.76,14422264,HPG,15.798056585745538,15.86862428890746,0.07056770316192207,0.06172479819036489,0.00884290497155718,False,False,False,False,False,False,,
2023-04-12,15.83,15.83,15.64,15.72,10644466,HPG,15.792274616431055,15.845759013690929,0.05348439725987397,0.06007671800426671,-0.006592320744392741,False,False,False,False,False,False,,
2023-04-13,15.76,15.76,15.42,15.49,14719996,HPG,15.769883904102828,15.79102685773848,0.02114295363565155,0.05228996513054369,-0.031147011494892136,False,False,False,False,False,False,,
2023-04-14,15.57,15.79,15.53,15.64,13612910,HPG,15.760262874169285,15.767791956547946,0.0075290823786602346,0.043337788580167,-0.035808706201506765,False,True,False,True,False,False,,
2023-04-17,15.61,15.83,15.61,15.79,9280313,HPG,15.762465624230819,15.771208578617493,0.008742954386674384,0.03641882174146848,-0.027675867354794097,False,False,False,False,False,False,,
2023-04-18,15.83,15.91,15.76,15.87,11576052,HPG,15.770431133547053,15.786407258830186,0.015976125283133413,0.03233028244980147,-0.016354157166668055,False,False,False,False,False,False,,
2023-04-19,15.95,15.95,15.76,15.76,10483969,HPG,15.769658456988012,15.78234460362554,0.012686146637529205,0.028401455287347017,-0.01571530864981781,False,False,False,False,False,False,,
2023-04-20,15.76,15.83,15.72,15.76,6553528,HPG,15.76894301572964,15.778906972298534,0.009963956568894261,0.024713955543656466,-0.014749998974762205,False,False,False,False,False,False,,
2023-04-21,15.76,15.79,15.68,15.68,11148137,HPG,15.76235464419411,15.763690515021837,0.0013358708277273479,0.02003833860047064,-0.018702467772743293,False,False,False,False,False,False,,
2023-04-24,15.68,15.76,15.57,15.64,10579651,HPG,15.753291337216767,15.744661205018478,-0.008630132198289786,0.014304644440718557,-0.022934776639008343,False,False,False,True,False,False,,
2023-04-25,15.76,16.1,15.68,15.95,18470293,HPG,15.767862349274786,15.776251788861789,0.008389439587002556,0.013121603469975358,-0.004732163882972802,False,False,False,False,False,False,,
2023-04-26,15.95,16.67,15.83,16.67,26830205,HPG,15.834687360439617,15.913751513652283,0.07906415321266635,0.02631011341851356,0.052754039794152795,False,False,False,False,False,False,,
2023-04-27,16.67,16.67,16.36,16.44,17145094,HPG,15.879525333740386,15.99471281924424,0.1151874855038546,0.04408558783558177,0.07110189766827282,False,False,False,False,False,False,,
2023-04-28,16.44,16.51,16.21,16.4,15758312,HPG,15.918079012722579,16.057064693206662,0.13898568048408322,0.06306560636528206,0.07592007411880115,True,False,True,False,False,False,,
2023-05-04,16.25,16.36,16.06,16.14,16549829,HPG,15.93451760437276,16.069823971174866,0.13530636680210684,0.07751375845264702,0.05779260834945982,False,False,False,False,False,False,,
2023-05-05,16.14,16.44,16.06,16.25,10793513,HPG,15.957886670715519,16.097543360224886,0.13965668950936738,0.08994234466399109,0.04971434484537629,False,False,False,False,False,False,,
2023-05-08,16.33,16.48,16.25,16.36,10458125,HPG,15.98767284325511,16.137921304805673,0.1502484615505626,0.10200356804130539,0.0482448935092572,False,False,False,False,False,False,,
2023-05-09,16.36,16.78,16.36,16.51,22423012,HPG,16.026363743754732,16.195164180989416,0.1688004372346832,0.11536294187998097,0.053437495354702214,False,False,True,False,False,False,,
2023-05-10,16.51,16.59,16.4,16.44,8746008,HPG,16.057003466439568,16.232831230067966,0.1758277636283978,0.12745590622966435,0.04837185739873345,False,False,False,False,False,False,,
2023-05-11,16.51,16.63,16.36,16.48,13648978,HPG,16.0883365429996,16.270857194672896,0.1825206516732969,0.13846885531839087,0.044051796354906025,False,False,False,False,False,False,,
2023-05-12,16.48,17.04,16.36,16.93,45123846,HPG,16.15068198425889,16.372263780107836,0.2215817958489481,0.15509144342450232,0.06649035242444579,True,False,True,False,False,False,,
2023-05-15,17.01,17.12,16.74,16.74,17703594,HPG,16.19433517061008,16.42883858316817,0.23450341255808738,0.17097383725121934,0.06352957530686804,False,False,False,False,False,False,,
2023-05-16,16.74,16.89,16.59,16.67,17812801,HPG,16.229569602416742,16.465940339603836,0.23637073718709445,0.18405321723839438,0.05231751994870007,False,False,False,False,False,False,,
2023-05-17,16.67,16.74,16.48,16.51,26005532,HPG,16.250342224459946,16.472718748895552,0.22237652443560663,0.19171787867783685,0.030658645757769776,False,False,False,False,False,False,,
2023-05-18,16.59,16.82,16.51,16.63,18617797,HPG,16.278465022648096,16.496915864450084,0.21845084180198882,0.19706447130266727,0.021386370499321544,False,False,False,False,False,False,,
2023-05-19,16.67,16.74,16.4,16.51,11520435,HPG,16.2956157617112,16.49892880838084,0.20331304666963845,0.19831418637606152,0.004998860293576934,False,False,False,False,False,False,,
2023-05-22,16.51,16.74,16.48,16.59,14875470,HPG,16.317422001584443,16.512939760937634,0.1955177593531907,0.19775490097148735,-0.002237141618296634,False,False,False,False,False,False,,
2023-05-23,16.63,16.7,16.36,16.44,13626699,HPG,16.326501853318927,16.501718259254922,0.17521640593599486,0.19324720196438888,-0.018030796028394025,False,False,False,False,False,False,,
2023-05-24,16.59,16.59,16.14,16.14,20282151,HPG,16.312686901221227,16.446069296292627,0.1333823950714006,0.18127424058579122,-0.04789184551439063,False,False,False,False,False,False,,
2023-05-25,16.14,16.25,16.06,16.06,13265005,HPG,16.293969352982618,16.386674019939914,0.09270466695729596,0.16356032586009217,-0.07085565890279621,False,False,False,False,False,False,,
2023-05-26,16.14,16.21,15.79,15.98,16099796,HPG,16.270712363872793,16.324108786103004,0.053396422230211016,0.14152754513411595,-0.08813112290390493,False,True,False,True,False,False,,
2023-05-29,16.14,16.25,16.06,16.25,11099584,HPG,16.26917811469703,16.31270743439485,0.043529319697817925,0.12192790004685634,-0.07839858034903842,False,False,False,False,False,False,,
2023-05-30,16.29,16.36,16.1,16.17,13466138,HPG,16.261831587682437,16.29075244448795,0.02892085680551304,0.1033264913985877,-0.07440563459307466,False,False,False,False,False,False,,
2023-05-31,16.21,16.25,16.02,16.06,13094089,HPG,16.24688109970596,16.25525206841288,0.008370968706920223,0.0843353868602542,-0.07596441815333398,False,False,False,True,False,False,,
2023-06-01,16.02,16.21,15.95,16.21,10843625,HPG,16.244149166394408,16.248290211733973,0.004141045339565608,0.06829651855611647,-0.06415547321655087,False,False,False,False,False,False,,
2023-06-02,16.29,16.51,16.25,16.36,18876879,HPG,16.25273070962445,16.26547633300567,0.012745623381217541,0.057186339521136685,-0.044440716139919144,False,False,False,False,False,False,,
2023-06-05,16.51,16.7,16.36,16.4,20053288,HPG,16.263639545948564,16.28617228177403,0.022532735825464556,0.05025561878200226,-0.027722882956537707,False,False,False,False,False,False,,
2023-06-06,16.44,16.55,16.33,16.48,11807137,HPG,16.27966624624867,16.315991930731872,0.03632568448320228,0.04746963192224227,-0.011143947439039986,False,False,False,False,False,False,,
2023-06-07,16.67,17.27,16.67,17.12,55534195,HPG,16.341913190970992,16.439685479850045,0.0977722888790531,0.057530163313604436,0.04024212556544866,False,False,False,False,False,False,,
2023-06-08,17.2,17.54,17.2,17.27,42538792,HPG,16.410660362010177,16.56742617525773,0.1567658132475529,0.07737729330039414,0.07938851994715876,False,False,False,False,False,False,,
2023-06-09,17.27,17.35,17.04,17.35,23882045,HPG,16.48024107593535,16.687822148295,0.20758107235965184,0.1034180491122457,0.10416302324740614,False,False,False,False,False,False,,
2023-06-12,17.5,17.54,17.04,17.39,22228815,HPG,16.547630625866066,16.79584951009577,0.24821888422970417,0.13237821613573741,0.11584066809396676,False,False,False,False,False,False,,
2023-06-13,17.42,17.76,17.35,17.73,36962266,HPG,16.63521354246858,16.939564970081037,0.30435142761245615,0.16677285843108117,0.13757856918137498,True,False,True,False,False,False,,
2023-06-14,17.76,17.76,17.5,17.5,23485754,HPG,16.699271798582018,17.025785743914724,0.3265139453327066,0.19872107581140627,0.12779286952130034,False,False,False,False,False,False,,
2023-06-15,17.42,17.61,17.42,17.54,17479766,HPG,16.761547961650017,17.104895629466306,0.343347667816289,0.22764639421238284,0.11570127360390617,False,False,False,False,False,False,,
2023-06-16,17.61,18.03,17.54,17.76,33028134,HPG,16.835507371898164,17.20568091724072,0.3701735453425563,0.25615182443841755,0.11402172090413876,False,False,False,False,False,False,,
2023-06-19,17.76,17.8,17.65,17.69,13187994,HPG,16.89880312212793,17.280191545357532,0.38138842322960187,0.2811991441966544,0.10018927903294744,False,False,False,False,False,False,,
2023-06-20,17.69,17.92,17.65,17.92,14615348,HPG,16.97444733530364,17.378623615302526,0.40417627999888595,0.30579457135710075,0.09838170864178519,False,False,False,False,False,False,,
2023-06-21,17.95,18.67,17.8,18.64,35625023,HPG,17.09782160676263,17.5726815206406,0.474859913877971,0.33960763986127485,0.13525227401669615,False,False,False,False,False,False,,
2023-06-22,18.71,18.9,18.45,18.83,23051612,HPG,17.226131117372805,17.76611513284974,0.5399840154769358,0.37968291498440704,0.16030110049252871,False,False,False,False,False,False,,
2023-06-23,18.83,19.36,18.75,19.24,29173843,HPG,17.375306590160005,17.99286665087286,0.6175600607128544,0.42725834413009656,0.19030171658275785,False,False,True,False,False,False,,
2023-06-26,19.24,19.32,18.71,19.09,20413189,HPG,17.502320916814817,18.16165639689242,0.6593354800776012,0.47367377131959754,0.1856617087580037,False,False,False,False,False,False,,
2023-06-27,19.2,19.54,19.01,19.54,19957295,HPG,17.653260108161867,18.37370925890897,0.720449150747104,0.5230288472050989,0.19742030354200513,False,False,False,False,False,False,,
2023-06-28,19.7,20.23,19.62,20.15,30336920,HPG,17.83820380385358,18.64698475753836,0.8087809536847779,0.5801792685010347,0.22860168518374313,True,False,True,False,False,False,,
2023-06-29,20.19,20.23,19.54,19.54,36818245,HPG,17.96426278134591,18.78437171791707,0.8201089365711631,0.6281652021150604,0.1919437344561027,False,False,False,False,False,False,,
2023-06-30,19.47,19.85,19.43,19.81,23081616,HPG,18.100984056801767,18.942160684391368,0.8411766275896007,0.6707674872099685,0.17040914037963217,False,False,False,False,False,False,,
2023-07-03,19.85,20.04,19.62,19.85,17066212,HPG,18.23054079333497,19.08182827140808,0.851287478073111,0.706871485382597,0.14441599269051397,False,False,False,False,False,False,,
2023-07-04,19.81,19.89,19.62,19.89,19737741,HPG,18.35346369753238,19.206162383499144,0.8526986859667645,0.7360369254994306,0.1166617604673339,False,False,False,False,False,False,,
2023-07-05,20.0,20.61,19.89,20.42,31821993,HPG,18.50654046067813,19.392906632191586,0.8863661715134548,0.7661027747022354,0.12026339681121934,False,False,True,False,False,True,,2023-06-13
2023-07-06,20.38,20.57,20.08,20.45,27624517,HPG,18.650500426553826,19.55553638108519,0.905035954531364,0.7938894106680612,0.1111465438633028,False,False,False,False,False,False,,
2023-07-07,20.38,20.79,20.08,20.79,22629342,HPG,18.80898187643873,19.74545386091824,0.9364719844795104,0.8224059254303511,0.11406605904915934,False,False,False,False,False,False,,
2023-07-10,20.79,21.17,20.72,20.98,24286165,HPG,18.96979803373956,19.935384036161587,0.9655860024220253,0.851041940828686,0.1145440615933393,False,False,True,False,False,True,,2023-06-13
2023-07-11,21.06,21.25,20.64,20.68,24030294,HPG,19.096479660869964,20.049940338290575,0.9534606774206118,0.8715256881470712,0.08193498927354059,False,False,False,False,False,False,,
2023-07-12,20.68,20.79,20.19,20.45,27776627,HPG,19.19674042673145,20.111487978553566,0.9147475518221171,0.8801700608820804,0.034577490940036704,False,False,False,False,False,False,,
2023-07-13,20.83,20.83,20.38,20.49,14016102,HPG,19.29253743215875,20.16972059723763,0.8771831650788826,0.8795726817214409,-0.002389516642558265,False,False,False,False,False,False,,
2023-07-14,20.57,20.83,20.49,20.83,17089358,HPG,19.406423548295137,20.271302043816455,0.8648784955213173,0.8766338444814162,-0.011755348960098888,False,False,False,False,False,False,,
2023-07-17,20.98,21.02,20.61,20.68,12546558,HPG,19.50076254471772,20.33417865246008,0.8334161077423587,0.8679902971336049,-0.034574189391246124,False,False,False,False,False,False,,
2023-07-18,20.68,20.72,20.49,20.61,12410918,HPG,19.58292828214604,20.37661270592776,0.7936844237817198,0.8531291224632279,-0.059444698681508146,False,False,False,False,False,False,,
2023-07-19,20.53,20.98,20.49,20.76,15390616,HPG,19.67011877976485,20.43559536655426,0.7654765867894113,0.8355986153284647,-0.07012202853905336,False,True,False,True,False,False,,
2023-07-20,20.68,21.36,20.68,21.36,30882141,HPG,19.795295166448934,20.577811464007453,0.7825162975585194,0.8249821517744756,-0.04246585421595628,False,False,False,False,False,False,,
2023-07-21,21.48,21.51,21.29,21.51,18469427,HPG,19.92231033930457,20.721225084929383,0.7989147456248133,0.8197686705445433,-0.020853924919729927,False,False,False,False,False,False,,
2023-07-24,21.55,21.67,21.21,21.4,17177312,HPG,20.031768832689416,20.825651994940245,0.7938831622508289,0.8145915688858005,-0.020708406634971643,False,False,False,False,False,False,,
2023-07-25,21.4,21.48,21.21,21.4,20236835,HPG,20.133119289527237,20.9140132264879,0.7808939369606627,0.807852042500773,-0.026958105540110355,False,False,False,False,False,False,,
2023-07-26,21.4,21.55,21.33,21.51,22877714,HPG,20.23511045326596,21.005703499335915,0.7705930460699548,0.8004002432146095,-0.02980719714465463,False,False,False,False,False,False,,
2023-07-27,21.51,21.74,21.29,21.51,21329428,HPG,20.329546715987,21.08328757636116,0.7537408603741582,0.7910683666465192,-0.03732750627236103,False,False,False,False,False,False,,
2023-07-28,21.51,21.67,21.33,21.44,22714371,HPG,20.411802514802776,21.138166410767134,0.7263638959643579,0.7781274725100871,-0.05176357654572916,False,False,False,False,False,False,,
2023-07-31,21.36,21.4,20.72,21.36,45551883,HPG,20.482039365558126,21.1722946552645,0.690255289706375,0.7605530359493448,-0.0702977462429698,False,False,False,False,False,False,,
2023-08-01,21.29,21.29,20.83,20.83,28023076,HPG,20.507814227368637,21.11963393906996,0.6118197117013224,0.7308063710997403,-0.1189866593984179,False,False,False,False,False,False,,
2023-08-02,20.76,21.1,20.64,20.83,18537961,HPG,20.531679840156148,21.075074871520734,0.5433950313645859,0.6933241031527094,-0.14992907178812354,False,False,False,False,False,False,,
2023-08-03,20.72,20.83,20.08,20.34,58051701,HPG,20.517481333477917,20.961986429748315,0.44450509627039736,0.643560301776247,-0.19905520550584965,False,False,False,False,False,False,,
2023-08-04,20.3,20.83,20.3,20.72,22184255,HPG,20.532482716183257,20.924757748248574,0.3922750320653172,0.5933032478340611,-0.20102821576874386,False,True,False,True,False,False,,
2023-08-07,20.87,21.02,20.68,20.87,23106096,HPG,20.557483996465976,20.916333479287253,0.3588494828212774,0.5464124948315043,-0.18756301201022696,False,False,False,False,False,False,,
2023-08-08,20.91,21.14,20.57,20.61,25583863,HPG,20.56137407080183,20.8692052517046,0.3078311809027703,0.4986962320457576,-0.1908650511429873,False,False,False,True,False,False,,
2023-08-09,20.61,21.1,20.49,21.06,42678531,HPG,20.59830932481651,20.89855828990389,0.3002489650873805,0.4590067786540822,-0.15875781356670166,False,False,False,False,False,False,,
2023-08-10,21.14,21.14,20.68,20.72,17074796,HPG,20.607323448904175,20.871087783764832,0.26376433486065665,0.4199582898953971,-0.15619395503474043,False,False,False,False,False,False,,
2023-08-11,20.76,21.02,20.57,20.98,23393495,HPG,20.634929119355718,20.887843509339472,0.25291438998375426,0.3865495099130686,-0.13363511992931432,False,False,False,False,False,False,,
2023-08-14,21.06,21.48,20.95,21.33,44967169,HPG,20.686415851255294,20.955867584825704,0.26945173357040986,0.3631299546445369,-0.09367822107412704,False,False,False,False,False,False,,
2023-08-15,21.33,21.4,21.1,21.17,17950361,HPG,20.722236899310456,20.988811033314057,0.2665741340036014,0.34381879051634984,-0.07724465651274842,False,False,False,False,False,False,,
2023-08-16,21.17,21.21,20.95,21.17,15004683,HPG,20.75540453639857,21.016686258958046,0.26128172255947746,0.32731137692497536,-0.0660296543654979,False,False,False,False,False,False,,
2023-08-17,21.21,21.74,21.21,21.29,46626489,HPG,20.795004200369046,21.058734526810657,0.26373032644161043,0.3145951668283024,-0.05086484038669198,False,False,False,False,False,False,,
2023-08-18,21.14,21.21,19.85,20.08,46375518,HPG,20.742040926267634,20.9081599842244,0.16611905795676662,0.2848999450539953,-0.11878088709722867,False,False,False,False,False,False,,
2023-08-21,20.04,20.11,19.62,19.85,31459459,HPG,20.675963820618183,20.74536614049757,0.06940231987938716,0.2418004200190737,-0.17239810013968654,False,False,False,False,False,False,,
2023-08-22,19.85,19.96,19.01,19.81,35193240,HPG,20.611818352424244,20.601463657344098,-0.01035469508014586,0.1913693969992298,-0.20172409207937567,False,False,False,False,False,False,,
2023-08-23,19.96,20.04,19.43,19.43,21785413,HPG,20.524276252244672,20.42123847929116,-0.10303777295351324,0.1324879630086812,-0.23552573596219445,False,True,False,True,False,False,,
2023-08-24,19.43,19.92,19.39,19.92,16604349,HPG,20.479515048374697,20.34412486709252,-0.13539018128217606,0.07891233415050977,-0.21430251543268583,False,False,False,False,False,False,,
2023-08-25,19.85,20.0,19.66,19.66,21857175,HPG,20.41881022997657,20.238874887539826,-0.17993534243674603,0.02714279883305861,-0.20707814126980464,False,False,False,False,False,False,,
2023-08-28,19.7,20.34,19.7,20.34,22830709,HPG,20.412972435163493,20.254432597149084,-0.15853983801440918,-0.009993728536434949,-0.14854610947797423,False,False,False,False,False,False,,
2023-08-29,20.38,20.57,20.23,20.45,17980997,HPG,20.415715217743976,20.28451988989538,-0.131195327848598,-0.03423404839886756,-0.09696127944973043,False,False,False,False,False,False,,
2023-08-30,20.45,20.64,20.26,20.61,20154472,HPG,20.430106683096277,20.334593752988397,-0.09551293010787987,-0.046489824740670024,-0.04902310536720984,False,False,False,False,False,False,,
2023-08-31,20.76,21.14,20.68,20.91,25946856,HPG,20.465654336200256,20.423117790990183,-0.042536545210072774,-0.04569916883455058,0.003162623624477806,False,False,False,False,False,False,,
2023-09-05,21.06,21.17,20.64,21.06,24514770,HPG,20.509679940926162,20.521099669299385,0.011419728373223137,-0.03427538939299584,0.04569511776621898,False,False,False,False,False,False,,
2023-09-06,21.02,21.97,20.76,21.97,52603239,HPG,20.617851797153854,20.744007412484095,0.12615561533024078,-0.002189188448348516,0.12834480377858928,False,False,False,False,False,False,,
2023-09-07,21.97,22.2,21.59,21.7,33692821,HPG,20.698010923290607,20.891083195178847,0.19307227188824072,0.036863103618969335,0.1562091682692714,False,False,False,False,False,False,,
2023-09-08,21.59,22.08,21.51,21.78,33810390,HPG,20.778158262306118,21.027839626689794,0.24968136438367594,0.07942675577191066,0.17025460861176528,True,False,True,False,False,False,,
2023-09-11,21.97,22.01,21.02,21.21,47716515,HPG,20.810146539172333,21.055864299506748,0.24571776033441495,0.11268495668441153,0.13303280365000342,False,False,False,False,False,False,,
2023-09-12,21.21,21.78,20.98,21.78,22627180,HPG,20.881987536270678,21.167269791890327,0.2852822556196486,0.14720441647145893,0.13807783914818966,False,False,True,False,False,False,,
2023-09-13,21.82,22.27,21.4,21.51,49212652,HPG,20.928506978028405,21.219997516214892,0.29149053818648696,0.17606164081446454,0.11542889737202242,False,False,False,False,False,False,,
2023-09-14,21.51,21.63,21.02,21.06,34694116,HPG,20.938247201878152,21.195382513720293,0.25713531184214133,0.1922763750199999,0.06485893682214144,False,False,False,False,False,False,,
2023-09-15,21.14,21.29,20.91,20.91,24759459,HPG,20.936154816553845,21.151477511609478,0.21532269505563306,0.19688563902712652,0.018437056028506538,False,False,False,False,False,False,,
2023-09-18,20.91,21.29,20.61,20.91,20904221,HPG,20.934217422735042,21.11432712520802,0.1801097024729792,0.19353045171629707,-0.013420749243317875,False,False,False,True,False,False,,
2023-09-19,21.21,21.33,20.83,21.33,21041176,HPG,20.963534650680593,21.147507567483707,0.18397291680311412,0.1916189447336605,-0.00764602793054639,False,False,False,False,False,False,,
2023-09-20,21.33,21.63,21.25,21.51,26611234,HPG,21.004013565444993,21.203275634024674,0.19926206857968154,0.19314756950286474,0.006114499076816798,False,False,False,False,False,False,,
2023-09-21,21.51,22.04,21.33,21.51,42936550,HPG,21.041494042078696,21.250463998020876,0.20896995594218026,0.19631204679072786,0.012657909151452401,False,False,True,False,False,False,,
2023-09-22,21.02,21.17,20.26,20.68,50601830,HPG,21.014716705628423,21.162700306017665,0.1479836003892423,0.18664635751043077,-0.03866275712118847,False,False,False,False,False,False,,
2023-09-25,20.45,20.83,19.47,19.7,36891233,HPG,20.91733028298928,20.937669489707254,0.02033920671797418,0.15338492735193945,-0.13304572063396528,False,False,False,False,False,False,,
2023-09-26,19.58,20.3,19.58,19.85,30849974,HPG,20.83826878054563,20.770335722059986,-0.06793305848564302,0.10912133018442297,-0.17705438867006598,False,False,False,False,False,False,,
2023-09-27,19.81,20.23,19.81,20.08,20332879,HPG,20.782100722727435,20.664130226358452,-0.11797049636898294,0.06370296487374179,-0.1816734612427247,False,False,False,True,False,False,,
2023-09-28,20.15,20.34,19.85,20.15,16571772,HPG,20.735278446969847,20.585033268457153,-0.15024517851269437,0.02091333619645456,-0.17115851470914892,False,False,False,False,False,False,,
2023-09-29,20.3,20.34,19.89,19.92,15025050,HPG,20.674887450898005,20.482720457925286,-0.19216699297271944,-0.021702729637380246,-0.1704642633353392,False,False,False,False,False,False,,
2023-10-02,19.92,20.04,19.7,19.85,11421182,HPG,20.613784676757415,20.385378849013705,-0.22840582774371043,-0.06304334925864628,-0.16536247848506413,False,False,False,False,False,False,,
2023-10-03,19.77,19.77,18.71,18.79,40656275,HPG,20.478689515516123,20.13993594916544,-0.33875356635068243,-0.11818539267705352,-0.2205681736736289,False,False,False,False,False,False,,
2023-10-04,18.56,19.32,18.18,19.13,21101921,HPG,20.378786588440857,19.98456118775537,-0.3942254006854853,-0.1733933942787399,-0.22083200640674538,False,False,False,False,False,False,,
2023-10-05,19.24,19.32,18.83,18.86,10432613,HPG,20.26628387818598,19.811551774254543,-0.4547321039314376,-0.22966113620927947,-0.22507096772215812,False,True,False,True,False,False,,
2023-10-06,18.83,19.17,18.67,18.9,15257421,HPG,20.165077664987017,19.671313039753844,-0.49376462523317244,-0.2824818340140581,-0.21128279121911436,False,False,False,False,False,False,,
2023-10-09,18.9,19.39,18.9,19.32,11439444,HPG,20.102479319432422,19.617264879791712,-0.48521443964071054,-0.32302835513938855,-0.162186084501322,False,False,False,False,False,False,,
2023-10-10,19.47,19.89,19.39,19.7,20013352,HPG,20.072666036511503,19.629993359823757,-0.4426726766877458,-0.34695721944906005,-0.09571545723868574,False,False,False,False,False,False,,
2023-10-11,19.81,19.89,19.54,19.85,13510293,HPG,20.05617225602917,19.663840535235487,-0.3923317207936847,-0.356032119717985,-0.03629960107569974,False,False,False,False,False,False,,
2023-10-12,19.92,19.92,19.39,19.54,22066027,HPG,20.017937274101083,19.644788145199257,-0.37314912890182583,-0.35945552155475313,-0.0136936073470727,False,False,False,False,False,False,,
2023-10-13,19.39,19.51,18.98,19.51,19579926,HPG,19.980312290834338,19.624051507476295,-0.35626078335804223,-0.35881657391541094,0.002555790557368709,True,False,True,False,False,False,,
2023-10-16,19.51,19.54,18.94,18.94,16214426,HPG,19.903252121142906,19.518812814018403,-0.38443930712450225,-0.3639411205572292,-0.020498186567273036,False,False,False,False,False,False,,
2023-10-17,19.09,19.28,18.79,18.79,14711646,HPG,19.820789001058245,19.40668776570788,-0.41410123535036547,-0.37397314351585653,-0.04012809183450894,False,False,False,False,False,False,,
2023-10-18,18.79,18.9,17.58,18.18,30941169,HPG,19.69924907505393,19.217966570983588,-0.481282504070343,-0.39543501562675387,-0.08584748844358914,False,False,False,False,False,False,,
2023-10-19,18.26,18.33,17.76,17.95,20817862,HPG,19.56967506949438,19.022894790832265,-0.5467802786621156,-0.4257040682338262,-0.12107621042828942,False,True,False,True,False,False,,
2023-10-20,17.95,18.45,17.69,18.45,16376045,HPG,19.48673617545776,18.934757130704224,-0.5519790447535371,-0.45095906353776843,-0.10101998121576866,False,False,False,False,False,False,,
2023-10-23,18.45,18.45,17.95,18.18,11956440,HPG,19.38994090320163,18.818640649057418,-0.5713002541442123,-0.4750273016590572,-0.09627295248515505,False,False,False,False,False,False,,
2023-10-24,18.22,18.48,17.92,18.18,9719646,HPG,19.300315651112623,18.720388241510122,-0.5799274096025009,-0.496007323247746,-0.0839200863547549,False,False,False,False,False,False,,
2023-10-25,18.22,18.64,18.22,18.22,12068922,HPG,19.220292269548725,18.64340543512395,-0.5768868344247764,-0.5121832254831521,-0.0647036089416243,False,False,False,False,False,False,,
2023-10-26,18.03,18.07,17.12,17.27,31049018,HPG,19.07582617550808,18.432112291258726,-0.6437138842493546,-0.5384893572363926,-0.10522452701296203,False,False,False,True,False,False,,
2023-10-27,17.61,17.8,17.31,17.69,15022932,HPG,18.973172384729704,18.317941169526616,-0.6552312152030879,-0.5618377288297317,-0.0933934863733562,False,False,False,False,False,False,,
2023-10-30,17.69,17.99,17.42,17.42,16180859,HPG,18.858122578453433,18.17979637421483,-0.6783262042386013,-0.5851354239115056,-0.09319078032709571,False,False,False,False,False,False,,
2023-10-31,17.8,17.8,17.35,17.42,20798250,HPG,18.751594980049475,18.062904624335626,-0.6886903557138488,-0.6058464102719743,-0.08284394544187457,False,False,False,False,False,False,,
2023-11-01,17.42,18.14,17.39,18.14,19151053,HPG,18.706291648193957,18.074765451360914,-0.6315261968330432,-0.6109823675841881,-0.020543829248855117,False,False,False,False,False,False,,
2023-11-02,18.33,19.39,18.26,19.13,26653194,HPG,18.73767745203144,18.23710922807462,-0.5005682239568223,-0.588899538858715,0.08833131490189272,False,False,False,False,False,False,,
2023-11-03,19.24,19.32,18.75,19.01,20508387,HPG,18.757849492621705,18.356015500678524,-0.4018339919431817,-0.5514864294756084,0.14965243753242674,False,False,False,False,False,False,,
2023-11-06,19.2,19.62,19.09,19.51,20389981,HPG,18.813564345020097,18.533551577497214,-0.2800127675228836,-0.4971916970850635,0.21717892956217988,False,False,False,False,False,False,,
2023-11-07,19.54,19.85,19.28,19.54,19872495,HPG,18.867374393537126,18.688389796343795,-0.17898459719333104,-0.433550277106717,0.25456567991338597,False,False,False,False,False,False,,
2023-11-08,19.54,20.42,19.39,20.42,34863736,HPG,18.982383697719563,18.95479136613706,-0.02759233158250396,-0.3523586880018744,0.32476635641937046,False,False,False,False,False,False,,
2023-11-09,20.42,20.76,20.15,20.23,31376600,HPG,19.074799720110708,19.15097730980828,0.07617758969757205,-0.26665143246198514,0.3428290221595572,True,False,True,False,False,False,,
2023-11-10,20.0,20.53,19.96,20.08,28039532,HPG,19.149259000102507,19.293903877530084,0.14464487742757726,-0.18439217048407266,0.3290370479116499,False,False,False,False,False,False,,
2023-11-13,20.08,20.91,20.08,20.61,44016605,HPG,19.25746203713195,19.496380204063918,0.23891816693196688,-0.09973010300086477,0.33864826993283165,False,False,True,False,False,False,,
2023-11-14,20.76,20.83,20.23,20.45,23269182,HPG,19.345798182529585,19.64309094190024,0.2972927593706558,-0.020325530526560658,0.31761828989721647,False,False,False,False,False,False,,
2023-11-15,20.87,21.06,20.45,20.45,34627351,HPG,19.427590909749618,19.76723079699251,0.3396398872428925,0.05166755302732998,0.28797233421556256,False,False,False,False,False,False,,
2023-11-16,20.34,20.61,20.3,20.61,16268486,HPG,19.515176768286683,19.8968875974552,0.38171082916851873,0.11767620825556774,0.264034620912951,False,False,False,False,False,False,,
2023-11-17,20.61,20.76,19.92,20.08,38545535,HPG,19.55701552619137,19.925058736308248,0.3680432101168769,0.1677496086278296,0.20029360148904732,False,False,False,False,False,False,,
2023-11-20,19.77,20.38,19.77,20.19,18258656,HPG,19.60390326499201,19.965818930722364,0.36191566573035416,0.2065828200483345,0.15533284568201966,False,False,False,False,False,False,,
2023-11-21,20.45,20.83,20.42,20.49,26712452,HPG,19.669540060177788,20.046462172149692,0.3769221119719042,0.24065067843304846,0.1362714335388557,False,False,False,False,False,False,,
2023-11-22,20.45,20.61,20.38,20.61,17022639,HPG,19.739203759423877,20.133160299511278,0.39395654008740166,0.2713118507639191,0.12264468932348255,False,False,False,False,False,False,,
2023-11-23,20.68,20.72,19.58,19.58,21692399,HPG,19.72741088835544,20.048058714971084,0.3206478266156445,0.2811790459342642,0.03946878068138032,False,False,False,False,False,False,,
2023-11-24,19.7,20.0,19.36,20.0,26238500,HPG,19.747602674403186,20.040665066513995,0.29306239211080864,0.28355571516957306,0.009506676941235581,False,False,False,False,False,False,,
2023-11-27,20.08,20.26,19.85,19.92,16731713,HPG,19.76037284666962,20.02210121012723,0.2617283634576104,0.2791902448271805,-0.01746188136957011,False,False,False,True,False,False,,
2023-11-28,20.0,20.23,19.73,20.23,18870086,HPG,19.79516004321261,20.054085639338425,0.25892559612581323,0.2751373150869071,-0.016211718961093857,False,False,False,False,False,False,,
2023-11-29,20.23,20.53,20.19,20.45,22512100,HPG,19.843666706678345,20.11499554097867,0.2713288343003235,0.2743756189295904,-0.0030467846292668854,False,False,False,False,False,False,,
2023-11-30,20.53,20.61,20.11,20.11,21215143,HPG,19.863395098776245,20.11422699621272,0.25083189743647694,0.2696668746309677,-0.018834977194490787,False,True,False,True,False,False,,
2023-12-01,20.3,20.53,20.04,20.38,15407548,HPG,19.901662128496522,20.155115150641535,0.2534530221450133,0.2664241041337768,-0.012971081988763511,False,False,False,False,False,False,,
2023-12-04,20.61,21.02,20.49,20.83,42364507,HPG,19.97042789675604,20.258943589004375,0.2885156922483354,0.27084242175668855,0.017673270491646853,False,False,False,False,False,False,,
2023-12-05,20.83,20.87,20.57,20.64,22519458,HPG,20.02002583032967,20.31756765223447,0.29754182190480094,0.27618230178631104,0.021359520118489905,False,False,False,False,False,False,,
2023-12-06,20.64,20.91,20.61,20.91,18657441,HPG,20.085949842897843,20.408711090352245,0.3227612474544017,0.28549809091992917,0.03726315653447254,False,False,False,False,False,False,,
2023-12-07,20.95,21.14,20.42,20.91,49444696,HPG,20.14699059527578,20.485832461067286,0.33884186579150466,0.2961668458942443,0.04267501989726036,False,False,False,False,False,False,,
2023-12-08,21.06,21.4,20.83,20.98,52799031,HPG,20.208694995625724,20.561858236287705,0.35316324066198135,0.3075661248477917,0.045597115814189626,True,False,True,False,False,False,,
2023-12-11,20.98,21.06,20.68,20.83,17852876,HPG,20.254717588542338,20.603110815320363,0.3483932267780254,0.3157315452338385,0.032661681544186916,False,False,False,False,False,False,,
2023-12-12,20.83,21.36,20.83,21.17,31693150,HPG,20.32251628568735,20.690324536040308,0.36780825035295805,0.3261468862576624,0.04166136409529564,False,False,True,False,False,False,,
2023-12-13,21.29,21.36,20.68,20.72,33356819,HPG,20.351959523784583,20.694889992034106,0.34293046824952356,0.3295036026560346,0.013426865593488935,False,False,False,False,False,False,,
2023-12-14,20.87,20.87,20.49,20.49,31784558,HPG,20.362184744244985,20.66336845479809,0.30118371055310433,0.32383962423544854,-0.02265591368234421,False,False,False,False,False,False,,
2023-12-15,20.53,20.61,20.26,20.3,34693422,HPG,20.357578466893504,20.607465615598382,0.24988714870487883,0.3090491291293346,-0.05916198042445575,False,False,False,False,False,False,,
2023-12-18,20.38,20.45,20.15,20.15,14883440,HPG,20.342202284160653,20.53708629012171,0.19488400596105748,0.28621610449567914,-0.09133209853462165,False,True,False,True,False,False,,
2023-12-19,20.15,20.61,20.11,20.61,20502049,HPG,20.362039152000605,20.54830378394914,0.1862646319485357,0.26622580998625045,-0.07996117803771474,False,False,False,False,False,False,,
2023-12-20,20.61,20.72,20.53,20.61,17666787,HPG,20.380406622222782,20.557795509495428,0.17738888727264523,0.24845842544352942,-0.07106953817088418,False,False,False,False,False,False,,
2023-12-21,20.53,20.68,20.42,20.61,14312119,HPG,20.39741353909517,20.565826969573056,0.16841343047788726,0.232449426450401,-0.06403599597251375,False,False,False,False,False,False,,
2023-12-22,20.61,20.72,20.49,20.49,17434981,HPG,20.404271795458488,20.55416128194643,0.1498894864879432,0.21593743845790947,-0.06604795196996627,False,False,False,True,False,False,,
2023-12-25,20.57,20.91,20.57,20.79,20414974,HPG,20.432844255054153,20.590444161646978,0.15759990659282508,0.2042699320848926,-0.04667002549206753,False,False,False,False,False,False,,
2023-12-26,20.76,21.14,20.76,21.06,33753533,HPG,20.47930023616125,20.662683521393596,0.18338328523234537,0.20009260271438317,-0.0167093174820378,False,False,False,False,False,False,,
2023-12-27,21.1,21.21,21.02,21.02,19860170,HPG,20.519352070519677,20.717655287333045,0.19830321681336827,0.1997347255341802,-0.001431508720811936,False,False,False,False,False,False,,
2023-12-28,21.02,21.36,20.95,21.17,31321948,HPG,20.567548213444145,20.7872467815895,0.21969856814535405,0.203727494056415,0.015971074088939052,False,False,False,False,False,False,,
2023-12-29,21.17,21.29,21.06,21.17,20475453,HPG,20.61217427170754,20.84613189211419,0.23395762040664891,0.2097735193264618,0.02418410108018712,True,False,True,False,False,False,,
2024-01-02,21.29,21.33,20.79,20.79,22196509,HPG,20.625346547877353,20.83749621640431,0.21214966852695838,0.2102487491665611,0.0019009193603972685,False,False,False,False,False,False,,
2024-01-03,20.76,21.06,20.76,21.06,18581664,HPG,20.657543099886436,20.871727567726722,0.21418446784028689,0.21103589290130625,0.0031485749389806306,False,False,True,False,False,False,,
2024-01-04,21.06,21.29,20.98,21.02,38548706,HPG,20.684391759154106,20.89453871115338,0.21014695199927402,0.21085810472089983,-0.0007111527216258073,False,False,False,False,False,False,,
2024-01-05,21.02,21.14,20.87,21.06,17340693,HPG,20.712214591809357,20.91999429405286,0.20777970224350284,0.21024242422542044,-0.002462721981917604,False,False,False,False,False,False,,
2024-01-08,21.17,21.4,21.1,21.1,31258576,HPG,20.740939436860515,20.947687479583188,0.20674804272267266,0.2095435479248709,-0.002795505202198234,False,False,False,False,False,False,,
2024-01-09,21.14,21.17,20.83,20.98,28631164,HPG,20.7586476267227,20.95265863657039,0.19401100984769215,0.20643704030943516,-0.01242603046174301,False,False,False,False,False,False,,
2024-01-10,20.98,21.02,20.64,20.72,32654545,HPG,20.755784839558054,20.916865000174948,0.16108016061689412,0.19736566437092695,-0.03628550375403283,False,False,False,False,False,False,,
2024-01-11,20.79,20.95,20.76,20.83,15271976,HPG,20.761282258850052,20.903501153994185,0.14221889514413277,0.18633631052556812,-0.04411741538143535,False,False,False,False,False,False,,
2024-01-12,20.72,20.79,20.49,20.57,28640291,HPG,20.747113202638936,20.852193284148925,0.10508008150998904,0.17008506472245233,-0.06500498321246329,False,False,False,False,False,False,,
2024-01-15,20.61,20.79,20.53,20.53,12506342,HPG,20.7310307431842,20.80262508658755,0.07159434340335125,0.1503869204586321,-0.07879257705528087,False,True,False,True,False,False,,
2024-01-16,20.53,21.06,20.49,21.06,19773999,HPG,20.755398836281664,20.842221227112542,0.0868223908308785,0.1376740145330814,-0.05085162370220289,False,False,False,False,False,False,,
2024-01-17,21.1,21.17,20.95,20.95,23419285,HPG,20.769813737297834,20.858802576787536,0.08898883948970138,0.1279369795244054,-0.03894814003470401,False,False,False,False,False,False,,
2024-01-18,20.98,21.1,20.91,20.95,12645044,HPG,20.783160867868364,20.872832949589455,0.08967208172109054,0.12028399996374242,-0.030611918242651887,False,False,False,False,False,False,,
2024-01-19,21.02,21.14,20.91,21.06,14866159,HPG,20.803667470248485,20.901627880421845,0.09796041017336066,0.11581928200566607,-0.017858871832305417,False,False,False,False,False,False,,
2024-01-22,21.21,21.7,21.1,21.44,66094584,HPG,20.85080321319304,20.984454360356946,0.13365114716390636,0.11938565503731415,0.014265492126592214,False,False,False,False,False,False,,
2024-01-23,21.55,21.59,21.4,21.48,21686564,HPG,20.89741038258615,21.06069215107126,0.16328176848511333,0.128164877726874,0.035116890758239344,False,False,False,False,False,False,,
2024-01-24,21.44,21.59,21.4,21.4,16144379,HPG,20.934639243135322,21.112893358598757,0.17825411546343517,0.13818272527418624,0.040071390189248934,False,False,True,False,False,False,,
2024-01-25,21.4,21.51,21.21,21.4,15234746,HPG,20.969110410310485,21.157063611122023,0.18795320081153832,0.14813682038165665,0.03981638042988167,False,False,False,False,False,False,,
2024-01-26,21.51,21.59,21.4,21.48,14380956,HPG,21.00695408362082,21.206746132487865,0.19979204886704593,0.15846786607873453,0.0413241827883114,True,False,True,False,False,False,,
2024-01-29,21.48,21.51,21.21,21.21,21583456,HPG,21.02199452187113,21.207246727489732,0.18525220561860323,0.16382473398670827,0.021427471631894957,False,False,False,False,False,False,,
2024-01-30,21.21,21.29,21.1,21.21,17536929,HPG,21.03592085358438,21.207670307875926,0.17174945429154675,0.16540967804767598,0.006339776243870776,False,False,False,False,False,False,,
2024-01-31,21.17,21.29,21.02,21.02,24464533,HPG,21.03474153109665,21.17879795281809,0.14405642172144084,0.16113902678242897,-0.017082605060988132,False,False,False,False,False,False,,
2024-02-01,21.02,21.29,20.98,21.1,10642909,HPG,21.039575491756157,21.166675190846075,0.1270996990899178,0.15433116124392676,-0.027231462154008956,False,False,False,False,False,False,,
2024-02-02,20.98,21.29,20.98,21.14,14168885,HPG,21.047014344218663,21.162571315331295,0.11555697111263186,0.14657632321766778,-0.031019352105035924,False,True,False,True,False,False,,
2024-02-05,21.14,21.44,21.14,21.21,16238284,HPG,21.059087355758024,21.169868036049557,0.11078068029153343,0.1394171946324409,-0.02863651434090747,False,False,False,False,False,False,,
2024-02-06,21.33,21.4,21.21,21.25,14667973,HPG,21.07322903310928,21.182196030503473,0.10896699739419446,0.13332715518479163,-0.024360157790597164,False,False,False,False,False,False,,
2024-02-07,21.25,21.44,21.25,21.33,13815720,HPG,21.09224910473081,21.204935102733707,0.11268599800289536,0.12919892374841238,-0.01651292574551702,False,False,False,False,False,False,,
2024-02-15,21.44,21.89,21.4,21.74,37002180,HPG,21.140230652528526,21.287252779236212,0.14702212670768589,0.1327635643402671,0.014258562367418792,False,False,False,False,False,False,,
2024-02-16,21.78,21.82,21.67,21.67,16729914,HPG,21.179472826415303,21.346136967046025,0.1666641406307221,0.13954367959835812,0.027120461032363985,False,False,False,False,False,False,,
2024-02-19,21.7,22.27,21.55,22.12,42298335,HPG,21.2491415059401,21.465192818269713,0.21605131232961483,0.15484520614460945,0.06120610618500538,False,False,False,False,False,False,,
2024-02-20,22.12,22.23,22.01,22.12,21405084,HPG,21.31364954253713,21.56593238468976,0.25228284215262775,0.17433273334621313,0.07795010880641462,False,False,True,False,False,False,,
2024-02-21,22.04,22.08,21.74,21.82,31597047,HPG,21.351156983830677,21.605019710122104,0.2538627262914268,0.19023873193525587,0.06362399435617094,False,False,False,False,False,False,,
2024-02-22,21.74,21.82,21.63,21.63,22423703,HPG,21.37181202206544,21.60886283164178,0.2370508095763384,0.19960114746347238,0.03744966211286602,False,False,False,False,False,False,,
2024-02-23,21.63,21.86,21.51,21.51,27315024,HPG,21.382048168579114,21.593653165235352,0.2116049966562379,0.2020019173020255,0.009603079354212396,False,False,False,False,False,False,,
2024-02-26,21.51,21.82,21.44,21.82,19232263,HPG,21.414489044980662,21.628475755199144,0.2139867102184816,0.20439887588531672,0.009587834333164874,False,False,False,False,False,False,,
2024-02-27,21.89,23.07,21.82,22.99,86882418,HPG,21.53119356016728,21.837941023630044,0.30674746346276294,0.22486859340080595,0.08187887006195699,False,False,False,False,False,False,,
2024-02-28,23.03,23.45,22.84,23.18,35225601,HPG,21.65332737052526,22.044411635379266,0.3910842648540047,0.25811172769144575,0.13297253716255897,False,False,False,False,False,False,,
2024-02-29,23.29,23.6,23.11,23.48,33602603,HPG,21.78863645419006,22.265271383782455,0.4766349295923966,0.3018163680716359,0.1748185615207607,False,False,False,False,False,False,,
2024-03-01,23.64,23.64,23.22,23.37,26977136,HPG,21.905774494620424,22.43522963243131,0.5294551378108849,0.3473441220194857,0.1821110157913992,True,False,True,False,False,False,,
2024-03-04,23.48,23.79,23.26,23.33,28600714,HPG,22.011272680204094,22.57288661205726,0.5616139318531665,0.3901980839862219,0.17141584786694464,False,False,False,False,False,False,,
2024-03-05,23.33,23.71,23.26,23.6,29934805,HPG,22.12895618537416,22.730904056356145,0.6019478709819843,0.4325480413853744,0.16939982959660993,False,False,False,False,False,False,,
2024-03-06,23.56,23.6,23.11,23.33,28078693,HPG,22.217922393864963,22.823072663070587,0.6051502692056232,0.46706848694942416,0.13808178225619905,False,False,False,False,False,False,,
2024-03-07,23.26,23.75,23.18,23.48,32275896,HPG,22.31140962394904,22.924138407213572,0.612728783264533,0.4962005462124459,0.11652823705208704,False,False,False,False,False,False,,
2024-03-08,23.48,23.52,22.92,22.95,47338238,HPG,22.35871261476763,22.928117113796098,0.5694044990284688,0.5108413367756506,0.05856316225281821,False,False,False,False,False,False,,
2024-03-11,22.95,23.18,22.58,22.65,30439370,HPG,22.380289458118174,22.885329865519775,0.5050404074016015,0.5096811509008408,-0.004640743499239264,False,False,False,False,False,False,,
2024-03-12,22.61,23.03,22.58,22.88,30148985,HPG,22.417305053813124,22.88450988620904,0.46720483239591815,0.5011858871998562,-0.03398105480393809,False,False,False,True,False,False,,
2024-03-13,22.88,23.37,22.8,23.33,29380668,HPG,22.484912086864004,22.953046826792267,0.4681347399282636,0.49457565774553774,-0.026440917817274145,False,False,False,False,False,False,,
2024-03-14,23.41,23.41,22.92,22.99,30792542,HPG,22.52232600635556,22.95873193036269,0.4364059240071292,0.48294171099785604,-0.04653578699072686,False,False,False,False,False,False,,
2024-03-15,22.99,23.26,22.73,22.8,35837317,HPG,22.54289445032922,22.934311633383814,0.3914171830545925,0.4646368054092034,-0.07321962235461088,False,False,False,False,False,False,,
2024-03-18,22.84,22.88,21.97,22.42,50128928,HPG,22.533791157712244,22.85518676670938,0.32139560899713615,0.43598856612679,-0.11459295712965384,False,False,False,False,False,False,,
2024-03-19,22.35,23.18,22.27,22.58,26986377,HPG,22.537214034918744,22.812850341061782,0.27563630614303847,0.40391811413003975,-0.12828180798700128,False,True,False,True,False,False,,
2024-03-20,22.61,22.8,22.54,22.73,12979362,HPG,22.551494476776615,22.800104134744586,0.24860965796797174,0.37285642289762616,-0.12424676492965442,False,False,False,False,False,False,,
2024-03-21,22.99,23.14,22.8,22.92,19984496,HPG,22.57879118220057,22.81854965247619,0.23975847027562125,0.3462368323732252,-0.10647836209760397,False,False,False,False,False,False,,
2024-03-22,22.99,23.26,22.88,23.14,37402271,HPG,22.620362205741266,22.86800355209524,0.24764134635397284,0.32651773516937477,-0.07887638881540193,False,False,False,False,False,False,,
2024-03-25,23.14,23.45,22.76,22.88,21366246,HPG,22.639594634945617,22.8698491594652,0.23025452451958373,0.3072650930394166,-0.0770105685198329,False,False,False,False,False,False,,
2024-03-26,22.88,23.14,22.8,23.14,11986416,HPG,22.676661699023718,22.911410827239784,0.23474912821606608,0.2927619000747465,-0.05801277185868042,False,False,False,False,False,False,,
2024-03-27,23.41,23.56,23.18,23.18,24342964,HPG,22.713946017614553,22.95273223843366,0.23878622081910805,0.2819667642236188,-0.043180543404510774,False,False,False,False,False,False,,
2024-03-28,23.37,23.37,23.07,23.14,19124881,HPG,22.745505571865326,22.98154266329002,0.23603709142469498,0.2727808296638341,-0.03674373823913912,False,False,False,False,False,False,,
2024-03-29,23.18,23.18,22.92,22.92,14830426,HPG,22.758431085060487,22.972074561245403,0.21364347618491664,0.2609533589680506,-0.04730988278313397,False,False,False,False,False,False,,
2024-04-01,22.88,22.99,22.69,22.8,20772986,HPG,22.761510263944896,22.945601551823035,0.18409128787813955,0.24558094475006842,-0.061489656871928866,False,False,False,True,False,False,,
2024-04-02,22.65,23.03,22.58,23.03,26310579,HPG,22.78139839254157,22.958585928465645,0.17718753592407666,0.23190226298487007,-0.05471472706079342,False,False,False,False,False,False,,
2024-04-03,22.99,23.07,22.69,22.69,21500994,HPG,22.774628141242193,22.91726501639401,0.14263687515181545,0.21404918541825915,-0.07141231026644371,False,False,False,False,False,False,,
2024-04-04,22.69,22.76,22.39,22.42,26385240,HPG,22.74835939003907,22.840762706179547,0.09240331614047648,0.18972001156270263,-0.09731669542222615,False,False,False,False,False,False,,
2024-04-05,22.31,22.54,22.16,22.31,24030078,HPG,22.715888324110253,22.759106905228847,0.04321858111859456,0.160419725473881,-0.11720114435528645,False,False,False,False,False,False,,
2024-04-08,22.31,22.58,22.2,22.42,16717695,HPG,22.693970670472456,22.706936612116717,0.012965941644260681,0.13092896870795695,-0.11796302706369627,False,True,False,True,True,False,2024-03-19,
2024-04-09,22.42,22.65,22.39,22.65,9846188,HPG,22.690713583770794,22.69817713332953,0.007463549558735849,0.10623588487811274,-0.09877233531937689,False,False,False,False,False,False,,
2024-04-10,22.69,22.8,22.46,22.46,11145329,HPG,22.67362368867666,22.66153449743268,-0.012089191243980224,0.08257086965369415,-0.09466006089767437,False,False,False,False,False,False,,
2024-04-11,22.31,22.84,22.31,22.65,19255412,HPG,22.671873785811723,22.659759959366113,-0.012113826445609988,0.06363393043383332,-0.07574775687944331,False,False,False,False,False,False,,
2024-04-12,22.73,22.8,22.61,22.69,13925121,HPG,22.67321646834419,22.66441227330979,-0.008804195034400664,0.049146305340186526,-0.05795050037458719,False,False,False,False,False,False,,
2024-04-15,22.61,22.69,21.29,21.59,31131437,HPG,22.592978211429806,22.499118077415975,-0.09386013401383053,0.020545017469383114,-0.11440515148321365,False,False,False,False,False,False,,
2024-04-16,21.59,21.63,21.1,21.48,33449847,HPG,22.510535380953524,22.34233068089044,-0.1682047000630824,-0.017204926037109994,-0.15099977402597242,False,False,False,False,False,False,,
2024-04-17,21.59,21.63,21.14,21.21,15597365,HPG,22.414199426808818,22.16812596075345,-0.24607346605536762,-0.06297863404076152,-0.18309483201460608,False,False,False,False,False,False,,
2024-04-19,21.06,21.48,20.83,21.06,26158064,HPG,22.313888358156312,21.997645043714456,-0.3162433144418557,-0.11363157012098038,-0.20261174432087534,False,True,False,True,False,False,,
2024-04-22,21.36,21.36,21.1,21.21,12398648,HPG,22.232118850144733,21.876468883143,-0.3556499670017317,-0.16203524949713066,-0.19361471750460102,False,False,False,False,False,False,,
2024-04-23,21.21,21.25,20.79,20.91,18376759,HPG,22.134184120504383,21.727781362659464,-0.4064027578449192,-0.21090875116668836,-0.19549400667823083,False,False,False,True,False,False,,
2024-04-24,21.14,21.93,21.02,21.82,23062837,HPG,22.110911222689246,21.74196884532724,-0.3689423773620071,-0.2425154764057521,-0.12642690095625497,False,False,False,False,False,False,,
2024-04-25,21.74,21.74,21.44,21.63,11245215,HPG,22.075288169156707,21.724742869123048,-0.3505453000336587,-0.26412144113133346,-0.08642385890232523,False,False,False,False,False,False,,
2024-04-26,21.44,21.63,21.25,21.51,18314893,HPG,22.033414971441395,21.691705504642577,-0.3417094667988181,-0.2796390462648304,-0.0620704205339877,False,False,False,False,False,False,,
2024-05-02,21.51,21.51,21.25,21.48,7330111,HPG,21.992421269853143,21.659135427005257,-0.33328584284788576,-0.2903684055814415,-0.04291743726644426,False,False,False,False,False,False,,
2024-05-03,21.48,22.04,21.48,21.7,16725291,HPG,21.970760435049208,21.665422284389063,-0.3053381506601447,-0.29336235459718213,-0.011975796062962563,False,False,False,False,False,False,,
2024-05-06,21.86,22.23,21.82,22.2,27119741,HPG,21.987741143564083,21.747665009867667,-0.2400761336964159,-0.2827051104170289,0.042628976720613,False,False,False,False,False,False,,
2024-05-07,22.27,22.88,22.16,22.84,30152936,HPG,22.050871429226003,21.9157165468111,-0.13515488241490203,-0.25319506481660353,0.1180401824017015,False,False,False,False,False,False,,
2024-05-08,22.84,23.48,22.54,23.26,34306978,HPG,22.140436508542596,22.12252938576324,-0.01790712277935569,-0.20613747640915397,0.18823035362979829,False,False,False,False,False,False,,
2024-05-09,23.41,23.41,22.76,23.07,19434034,HPG,22.209293063465367,22.26829409564582,0.05900103218045416,-0.15310977469123235,0.2121108068716865,False,False,False,False,False,False,,
2024-05-10,23.18,23.22,22.69,23.07,18994649,HPG,22.273049132838302,22.391633465546462,0.11858433270815993,-0.0987709532113539,0.21735528591951384,False,False,True,False,False,False,,
2024-05-13,23.14,23.22,22.8,22.88,13182013,HPG,22.318008456331764,22.466766778539313,0.1487583222075486,-0.04926509812757342,0.198023420335122,False,False,False,False,False,False,,
2024-05-14,23.03,23.26,22.8,22.88,15673953,HPG,22.35963745956645,22.530341120302495,0.17070366073604504,-0.005271346354849729,0.17597500709089475,False,False,False,False,False,False,,
2024-05-15,22.92,23.75,22.92,23.64,45136493,HPG,22.454479129228194,22.701057871025185,0.24657874179699135,0.04509867127551849,0.20148007052147288,False,False,False,False,False,False,,
2024-05-16,23.94,24.13,23.83,23.94,27420436,HPG,22.56451771224833,22.89166435240593,0.32714664015760064,0.10150826505193492,0.22563837510566573,False,False,False,False,False,False,,
2024-05-17,23.94,23.94,23.6,23.94,28657113,HPG,22.666405289118824,23.052946759728094,0.38654147060927,0.15851490616340197,0.22802656444586805,False,False,False,False,False,False,,
2024-05-20,23.98,24.36,23.94,24.24,46513904,HPG,22.78296786029521,23.23557033515454,0.4526024748593329,0.21733241990258817,0.23527005495674475,True,False,True,False,False,False,,
2024-05-21,24.24,24.24,23.83,24.13,20879194,HPG,22.882748018791858,23.37317489897692,0.490426880185062,0.27195131195908295,0.21847556822597902,False,False,False,False,False,False,,
2024-05-22,24.13,24.2,23.6,23.71,39799786,HPG,22.944025943325794,23.42499414528816,0.4809682019623658,0.31375468995973954,0.16721351200262624,False,False,False,False,False,False,,
2024-05-23,24.04,24.58,23.83,24.58,37896846,HPG,23.065209206783145,23.602687353705363,0.5374781469222185,0.35849938135223536,0.17897876556998316,False,False,True,False,False,False,,
2024-05-24,24.42,24.58,23.75,24.08,30197105,HPG,23.14037889516958,23.67612006851992,0.5357411733503419,0.3939477397518567,0.14179343359848517,False,False,False,False,False,False,,
2024-05-27,24.08,24.42,23.87,24.08,15778527,HPG,23.209980458490353,23.73825544259378,0.528274984103426,0.4208131886221706,0.1074617954812554,False,False,False,False,False,False,,
2024-05-28,24.17,24.33,24.0,24.29,17576389,HPG,23.289981906009587,23.823139220656273,0.5331573146466866,0.44328201382707383,0.08987530081961276,False,False,False,False,False,False,,
2024-05-29,24.25,24.37,23.83,23.83,21619795,HPG,23.329983246305172,23.824194725170692,0.49421147886551964,0.453467906834763,0.040743572030756625,False,False,False,False,False,False,,
2024-05-30,23.75,23.79,23.33,23.54,27283359,HPG,23.34554004287516,23.780472459759814,0.4349324168846529,0.449760808844741,-0.014828391960088116,False,False,False,False,False,False,,
2024-05-31,23.67,24.0,23.37,23.83,17748524,HPG,23.381425965625148,23.78809208133523,0.40666611571008104,0.44114187021780904,-0.034475754507727996,False,True,False,True,False,False,,
2024-06-03,24.0,24.25,24.0,24.17,20647812,HPG,23.439838857060323,23.846847145745194,0.40700828868487093,0.43431515391122144,-0.027306865226350507,False,False,False,False,False,False,,
2024-06-04,24.17,24.83,24.17,24.42,39674519,HPG,23.512443386166964,23.93502450793824,0.4225811217712767,0.43196834748323254,-0.009387225711955827,False,False,False,False,False,False,,
2024-06-05,24.42,24.58,24.25,24.37,19207537,HPG,23.575966098302743,24.00194381440928,0.42597771610653723,0.4307702212078935,-0.004792505101356259,False,False,False,False,False,False,,
2024-06-06,24.37,24.71,24.08,24.42,20837091,HPG,23.638487128058095,24.066260150654006,0.4277730225959111,0.43017078148549703,-0.0023977588895859325,False,False,False,False,False,False,,
2024-06-07,24.46,24.5,24.25,24.42,14893390,HPG,23.69637697042416,24.120681665938005,0.4243046955138432,0.4289975642911663,-0.0046928687773231115,False,False,False,False,False,False,,
2024-06-10,24.5,24.54,24.29,24.42,20270733,HPG,23.749978676318666,24.16673064040908,0.41675196409041604,0.4265484442510163,-0.009796480160600252,False,False,False,False,False,False,,
2024-06-11,24.5,24.71,24.21,24.25,27003982,HPG,23.787017292887654,24.179541311115376,0.3925240182277214,0.41974355904635735,-0.027219540818635923,False,False,False,True,False,False,,
2024-06-12,24.17,24.67,24.17,24.67,19295443,HPG,23.85242341934042,24.254996494020702,0.4025730746802836,0.41630946217314263,-0.013736387492859048,False,False,False,False,False,False,,
2024-06-13,24.71,24.75,24.42,24.58,20563088,HPG,23.90631798087076,24.30499703340213,0.3986790525313708,0.4127833802447883,-0.014104327713417464,False,False,False,False,False,False,,
2024-06-14,24.58,24.96,24.25,24.25,34310393,HPG,23.93177590821367,24.296535951340264,0.36476004312659427,0.40317871282114953,-0.03841866969455526,False,False,False,True,False,False,,
2024-06-17,24.25,24.96,24.17,24.54,34389484,HPG,23.976829544642285,24.333991958826378,0.3571624141840921,0.39397545309373805,-0.036813038909645934,False,False,False,False,False,False,,
2024-06-18,24.58,24.75,24.5,24.5,16545599,HPG,24.015582911705817,24.359531657468473,0.3439487457626562,0.3839701116275217,-0.04002136586486549,False,False,False,False,False,False,,
2024-06-19,24.58,24.62,24.37,24.46,19187496,HPG,24.048502696023906,24.374988325550245,0.3264856295263385,0.3724732152072851,-0.045987585680946574,False,False,False,False,False,False,,
2024-06-20,24.37,24.5,24.12,24.46,27788213,HPG,24.078983977799915,24.38806704469636,0.30908306689644505,0.3597951855451171,-0.05071211864867203,False,False,False,False,False,False,,
2024-06-21,24.46,24.46,24.17,24.21,14297102,HPG,24.088688868333254,24.360672114743075,0.2719832464098211,0.3422327977180579,-0.07024955130823685,False,False,False,False,False,False,,
2024-06-24,24.17,24.25,23.54,23.92,37872553,HPG,24.076193396604864,24.2928764047826,0.21668300817773556,0.31712283980999345,-0.10043983163225789,False,False,False,False,False,False,,
2024-06-25,23.83,24.21,23.75,23.92,16665373,HPG,24.064623515374876,24.235510804046815,0.17088728867193836,0.28787572958238244,-0.11698844091044408,False,False,False,True,False,False,,
2024-06-26,23.96,24.33,23.83,24.08,19757460,HPG,24.065762514235995,24.211586064962688,0.14582355072669273,0.2594652938112445,-0.11364174308455177,False,False,False,False,False,False,,
2024-06-27,24.17,24.21,23.92,24.04,10087714,HPG,24.063854179848143,24.18518820881458,0.1213340289664373,0.23183904084228307,-0.11050501187584577,False,False,False,False,False,False,,
2024-06-28,23.96,24.08,23.58,23.58,22218009,HPG,24.028013129489022,24.092082330535412,0.06406920104639013,0.1982850728831045,-0.13421587183671438,False,False,False,False,False,False,,
2024-07-01,23.58,23.75,23.37,23.62,13583269,HPG,23.99778993471206,24.01945427968381,0.021664344971750182,0.16296092730083367,-0.1412965823290835,False,True,False,True,False,False,,
2024-07-02,23.62,24.04,23.54,23.92,21287052,HPG,23.992027717325982,24.004153621270916,0.01212590394493418,0.13279392262965378,-0.1206680186847196,False,False,False,False,False,False,,
2024-07-03,24.17,24.25,23.92,23.96,17279452,HPG,23.989655293820352,23.997360756460004,0.007705462639652438,0.10777623063165352,-0.10007076799200108,False,False,False,False,False,False,,
2024-07-04,24.04,24.21,23.83,23.92,9370324,HPG,23.984495642426253,23.985459101620002,0.000963459193748406,0.0864136763440725,-0.0854502171503241,False,False,False,False,False,False,,
2024-07-05,23.92,24.12,23.83,23.87,12379504,HPG,23.976014483728015,23.967696162909235,-0.008318320818780478,0.06746727691150191,-0.07578559773028239,False,False,False,False,False,False,,
2024-07-08,23.92,24.21,23.87,24.0,18453505,HPG,23.977791188637052,23.972665984000123,-0.005125204636929226,0.05294878060181568,-0.05807398523874491,False,False,False,False,False,False,,
2024-07-09,24.0,24.33,23.96,24.17,22579018,HPG,23.99202887836764,24.003025063384722,0.010996185017081217,0.04455826148486879,-0.033562076467787576,False,False,False,False,False,False,,
2024-07-10,24.25,24.58,24.12,24.12,31001479,HPG,24.00150822071078,24.02102120747938,0.019512986768599916,0.03954920654161502,-0.020036219773015104,False,False,False,False,False,False,,
2024-07-11,24.29,24.37,24.04,24.04,14527557,HPG,24.00435946362109,24.02394102171332,0.019581558092230722,0.03555567685173817,-0.015974118759507445,False,False,False,False,False,False,,
2024-07-12,24.08,24.12,23.71,23.75,18069224,HPG,23.98551802187138,23.98179624914204,-0.0037217727293388236,0.027700186935522772,-0.031421959664861596,False,False,False,False,False,False,,
2024-07-15,23.79,23.96,23.5,23.71,16310035,HPG,23.965109279510536,23.93998144158173,-0.025127837928806684,0.01713458196265688,-0.042262419891463565,False,False,False,False,False,False,,
2024-07-16,23.75,23.87,23.67,23.71,12341155,HPG,23.946212295843086,23.90459968133839,-0.041612614504696666,0.005385142669186171,-0.04699775717388284,False,False,False,False,False,False,,
2024-07-17,23.79,23.83,23.0,23.5,25573686,HPG,23.913159533188043,23.842353576517098,-0.07080595667094514,-0.00985307719884009,-0.060952879472105044,False,False,False,True,True,False,2024-07-01,
2024-07-18,23.5,23.71,23.37,23.67,20492770,HPG,23.895147715914856,23.815837641668317,-0.07931007424653913,-0.0237444766083799,-0.05556559763815923,False,False,False,False,False,False,,
2024-07-19,23.67,23.67,23.5,23.5,11877885,HPG,23.865877514735978,23.76724723525781,-0.0986302794781686,-0.03872163718233765,-0.059908642295830955,False,False,False,False,False,False,,
2024-07-22,23.42,23.5,23.12,23.37,18424118,HPG,23.82914584697776,23.70613227598738,-0.12301357099038057,-0.05558002394394623,-0.06743354704643434,False,False,False,False,False,False,,
2024-07-23,23.37,23.5,23.17,23.17,15071448,HPG,23.78032022868311,23.62365038737394,-0.15666984130917072,-0.07579798741699115,-0.08087185389217957,False,False,False,False,False,False,,
2024-07-24,23.12,23.29,22.58,23.08,19254395,HPG,23.728444656188064,23.540011866239485,-0.18843278994857826,-0.09832494792330856,-0.0901078420252697,False,False,False,False,False,False,,
2024-07-25,23.0,23.04,22.75,22.79,13334622,HPG,23.65893023721117,23.424625425279565,-0.23430481193160446,-0.12552092072496776,-0.1087838912066367,False,True,False,True,True,False,2024-07-01,
2024-07-26,22.79,23.04,22.79,22.87,8818384,HPG,23.60049096038071,23.339298436775017,-0.26119252360569334,-0.15265524130111288,-0.10853728230458046,False,False,False,False,False,False,,
2024-07-29,23.04,23.42,23.0,23.25,15458145,HPG,23.574528667019177,23.325560215732708,-0.24896845128646916,-0.17191788329818414,-0.07705056798828502,False,False,False,False,False,False,,
2024-07-30,23.33,23.5,23.25,23.25,15553762,HPG,23.550489506499236,23.313935567158445,-0.23655393934079072,-0.18484509450670547,-0.05170884483408525,False,False,False,False,False,False,,
2024-07-31,23.25,23.25,22.58,22.67,24314481,HPG,23.485268061573365,23.214868556826374,-0.27039950474699026,-0.20195597655476244,-0.06844352819222782,False,False,False,False,False,False,,
2024-08-01,22.92,23.04,22.17,22.25,30510117,HPG,23.393766723679043,23.066427240391548,-0.3273394832874956,-0.2270326779013091,-0.10030680538618653,False,False,False,True,True,False,2024-07-01,
2024-08-02,22.21,22.75,22.08,22.71,17560447,HPG,23.343117336739855,23.011592280331307,-0.3315250564085481,-0.24793115360275692,-0.08359390280579121,False,False,False,False,False,False,,
2024-08-05,22.33,22.37,21.5,21.62,45645266,HPG,23.215479015499866,22.797501160280337,-0.41797785521952946,-0.2819404939261114,-0.13603736129341804,False,False,False,False,False,False,,
2024-08-06,21.71,22.04,21.54,21.92,19776551,HPG,23.11951760694432,22.662500981775672,-0.4570166251686487,-0.3169557201746189,-0.1400609049940298,False,False,False,False,False,False,,
2024-08-07,22.04,22.04,21.62,21.71,15426972,HPG,23.015108895318818,22.5159623691948,-0.49914652612401866,-0.3533938813644989,-0.14575264475951977,False,False,False,False,False,False,,
2024-08-08,21.62,21.75,21.29,21.33,21940263,HPG,22.89028601418409,22.333506620087906,-0.556779394096182,-0.39407098391083556,-0.16270841018534649,False,True,False,True,False,False,,
2024-08-09,21.58,21.75,21.42,21.71,12134942,HPG,22.802857420540825,22.237582524689767,-0.5652748958510578,-0.42831176629888,-0.13696312955217782,False,False,False,False,False,False,,
2024-08-12,21.71,21.75,21.42,21.54,12589646,HPG,22.709312426426692,22.130262136275956,-0.579050290150736,-0.4584594710692512,-0.12059081908148472,False,False,False,False,False,False,,
2024-08-13,21.58,21.62,21.0,21.17,26271625,HPG,22.595289283728416,21.982529499925807,-0.6127597838026091,-0.48931953361592284,-0.12344025018668625,False,False,False,True,True,False,2024-07-01,
2024-08-14,21.25,21.42,21.08,21.21,13709893,HPG,22.492675262711497,21.86367880762953,-0.6289964550819676,-0.5172549179091318,-0.11174153717283575,False,False,False,False,False,False,,
2024-08-15,21.21,21.21,21.0,21.0,16250512,HPG,22.382106724732864,21.730805144917294,-0.6513015798155699,-0.5440642502904194,-0.10723732952515053,False,False,False,False,False,False,,
2024-08-16,21.0,21.42,20.83,21.33,36348653,HPG,22.30417289327117,21.669142814930016,-0.6350300783411527,-0.5622574159005661,-0.07277266244058656,False,False,False,False,False,False,,
2024-08-19,21.5,21.96,21.42,21.54,24443930,HPG,22.2475674937696,21.649274689556165,-0.5982928042134361,-0.5694644935631401,-0.028828310650296007,False,False,False,False,False,False,,
2024-08-20,21.67,21.83,21.5,21.5,20465987,HPG,22.192192123860742,21.62630935270137,-0.565882771159373,-0.5687481490823867,0.0028653779230136678,False,False,False,False,False,False,,
2024-08-21,21.54,21.87,21.5,21.79,24826883,HPG,22.162400114685873,21.651492529208852,-0.5109075854770211,-0.5571800363613136,0.04627245088429255,False,False,False,False,False,False,,
2024-08-22,21.83,21.87,21.42,21.46,24051112,HPG,22.110370476560995,21.6220321400998,-0.48833833646119373,-0.5434116963812896,0.05507335992009588,False,False,False,False,False,False,,
2024-08-23,21.46,21.71,21.17,21.71,22423963,HPG,22.080713404223143,21.635565657007522,-0.44514774721562134,-0.5237589065481559,0.0786111593325346,False,False,False,False,False,False,,
2024-08-26,21.79,22.0,21.62,21.67,21660542,HPG,22.050290189095502,21.64086324823713,-0.4094269408583706,-0.5008925134101989,0.0914655725518283,True,False,True,False,False,False,,
2024-08-27,21.67,21.71,21.42,21.46,12463767,HPG,22.006564989903243,21.613038133123727,-0.39352685677951627,-0.47941938208406243,0.08589252530454616,False,False,False,False,False,False,,
2024-08-28,21.54,21.62,21.37,21.42,18668043,HPG,21.96311573139189,21.583339958797,-0.3797757725948898,-0.459490660186228,0.07971488759133816,False,False,False,False,False,False,,
2024-08-29,21.5,21.62,21.33,21.33,16174288,HPG,21.916218269807306,21.544364580520536,-0.37185368928676965,-0.44196326600633634,0.07010957671956669,False,False,False,False,False,False,,
2024-08-30,21.42,21.46,21.25,21.25,17977045,HPG,21.866868768340098,21.499077721978917,-0.3677910463611802,-0.4271288220773051,0.05933777571612492,False,False,False,False,False,False,,
2024-09-04,21.08,21.21,20.92,21.04,19080426,HPG,21.805619229944533,21.428450380136006,-0.37716884980852683,-0.4171368276235495,0.03996797781502265,False,False,False,False,False,False,,
2024-09-05,21.12,21.12,20.83,20.87,22584753,HPG,21.73631410180049,21.34253493703816,-0.3937791647623321,-0.412465295051306,0.018686130288973923,False,False,False,False,False,False,,
2024-09-06,20.87,21.17,20.62,21.17,22872838,HPG,21.69436490907453,21.31599110057075,-0.3783738085037811,-0.4056469977418011,0.027273189238019968,False,False,False,False,False,False,,
2024-09-09,21.17,21.83,21.08,21.33,32665005,HPG,21.66737491580975,21.318146315867555,-0.3492285999421938,-0.39436331818187964,0.045134718239685845,False,False,True,False,False,False,,
2024-09-10,21.46,21.54,20.96,20.96,15034285,HPG,21.614976773897915,21.263046882657164,-0.3519298912407507,-0.38587663279365386,0.03394674155290317,False,False,False,False,False,False,,
2024-09-11,20.96,21.29,20.87,21.12,14222396,HPG,21.578311827683255,21.24103966994068,-0.337272157742575,-0.3761557377834381,0.038883580040863064,False,False,True,False,False,False,,
2024-09-12,21.17,21.29,20.92,20.92,9046522,HPG,21.52954798859561,21.19164895148827,-0.33789903710734137,-0.3685043976482188,0.030605360540877424,False,False,False,False,False,False,,
2024-09-13,20.96,21.08,20.83,20.83,12436961,HPG,21.47772961907001,21.1360106512593,-0.34171896781071,-0.363147311680717,0.021428343870007027,False,False,False,False,False,False,,
2024-09-16,20.83,21.04,20.71,20.71,14586621,HPG,21.42086075839816,21.07047055106556,-0.3503902073325982,-0.3605958908110933,0.010205683478495098,False,False,False,False,False,False,,
2024-09-17,20.75,21.04,20.67,21.04,13183955,HPG,21.392648850368666,21.06578277397855,-0.32686607639011456,-0.35384992792689757,0.02698385153678301,False,False,False,False,False,False,,
2024-09-18,21.04,21.12,20.92,20.92,13246366,HPG,21.357637824415434,21.043354654904928,-0.3142831695105066,-0.3459365762436194,0.03165340673311279,False,False,False,False,False,False,,
2024-09-19,21.08,21.25,21.0,21.04,13688336,HPG,21.334109096680958,21.042838554150322,-0.29127054253063633,-0.33500336950102283,0.043732826970386496,False,False,False,False,False,False,,
2024-09-20,21.25,21.71,21.21,21.37,44610751,HPG,21.336767682111997,21.09317108428104,-0.24359659783095822,-0.31672201516700993,0.07312541733605171,False,False,False,False,False,False,,
2024-09-23,21.5,21.75,21.42,21.42,15527107,HPG,21.34293303899259,21.14345245593011,-0.1994805830624813,-0.2932737287461042,0.0937931456836229,False,False,False,False,False,False,,
2024-09-24,21.42,21.54,21.37,21.54,10658205,HPG,21.357530591659806,21.2044597704024,-0.1530708212574048,-0.26523314724836433,0.11216232599095954,False,False,False,False,False,False,,
2024-09-25,21.75,22.0,21.71,21.83,41032922,HPG,21.392528325610932,21.30069672880203,-0.09183159680890185,-0.23055283716047184,0.13872124035157,False,False,False,False,False,False,,
2024-09-26,21.92,22.04,21.71,21.71,21761557,HPG,21.416044745936052,21.363666462832487,-0.05237828310356463,-0.19491792634909041,0.1425396432455258,False,False,True,False,False,False,,
2024-09-27,21.79,21.92,21.58,21.71,30557451,HPG,21.43781920920005,21.41694854547364,-0.020870663726409333,-0.1601084738245542,0.13923781009814487,False,False,False,False,False,False,,
2024-09-30,21.83,22.17,21.79,21.96,37445314,HPG,21.47649926777782,21.500494923093083,0.023995655315260933,-0.12328764799659117,0.1472833033118521,False,False,False,False,False,False,,
2024-10-01,22.33,22.5,22.21,22.29,37876498,HPG,21.53675858127576,21.621957242617224,0.08519866134146525,-0.08159038612897988,0.16678904747044515,True,False,True,False,False,False,,
2024-10-02,22.25,22.25,21.92,21.92,21303476,HPG,21.565146834514593,21.667809974522267,0.10266314000767451,-0.044739680901648995,0.1474028209093235,False,False,False,False,False,False,,
2024-10-03,22.04,22.21,21.75,21.83,26814467,HPG,21.584765587513512,21.692762286134226,0.10799669862071326,-0.014192404997176545,0.1221891036178898,False,False,False,False,False,False,,
2024-10-04,21.83,22.08,21.75,21.83,17564765,HPG,21.602931099549547,21.713875780575112,0.11094468102556476,0.010835012207371717,0.10010966881819304,False,False,False,False,False,False,,
2024-10-07,22.0,22.08,21.83,22.0,12476892,HPG,21.632343610694026,21.757894891255866,0.12555128056184017,0.03377826587826541,0.09177301468357477,False,False,False,False,False,False,,
2024-10-08,22.0,22.58,21.96,22.46,38191818,HPG,21.693651491383356,21.865911061831888,0.17225957044853146,0.061474526792318615,0.11078504365621285,False,False,False,False,False,False,,
2024-10-09,22.62,22.92,22.54,22.92,41639882,HPG,21.784492121651255,22.02807859078083,0.24358646912957482,0.09789691525976987,0.14568955386980495,False,False,True,False,False,False,,
2024-10-10,23.0,23.08,22.71,22.71,23844140,HPG,21.8530482607882,22.13298957681455,0.2799413160263491,0.1343057954130857,0.14563552061326338,False,False,False,False,False,False,,
2024-10-11,22.79,22.87,22.5,22.75,15775481,HPG,21.919489130359445,22.22791425730462,0.3084251269451741,0.1691296617195034,0.1392954652256707,False,False,False,False,False,False,,
2024-10-14,22.79,22.87,22.54,22.54,17989883,HPG,21.965452898480965,22.275927448488524,0.31047455000755875,0.1973986393771145,0.11307591063044425,False,False,False,False,False,False,,
2024-10-15,22.83,22.87,22.62,22.62,20172673,HPG,22.013937868963854,22.3288616871826,0.3149238182187446,0.22090367514544051,0.09402014307330409,False,False,False,False,False,False,,
2024-10-16,22.62,22.75,22.58,22.58,11638271,HPG,22.055868397188753,22.36749835069297,0.31162995350421596,0.2390489308171956,0.07258102268702035,False,False,False,False,False,False,,
2024-10-17,22.62,22.71,22.29,22.71,20575549,HPG,22.104322589989586,22.42019091212482,0.3158683221352341,0.2544128090808033,0.061455513054430755,False,False,False,False,False,False,,
2024-10-18,22.71,22.75,22.46,22.46,16254444,HPG,22.130669064805172,22.42631538718254,0.2956463223773689,0.2626595117401164,0.03298681063725245,False,False,False,False,False,False,,
2024-10-21,22.46,22.54,22.25,22.29,13909844,HPG,22.142471356301083,22.405343789154458,0.26287243285337425,0.262702095962768,0.00017033689060624857,False,False,False,False,False,False,,
2024-10-22,22.21,22.37,22.08,22.21,18330635,HPG,22.147473478056558,22.37529089851531,0.2278174204587522,0.25572516086196484,-0.027907740403212644,False,False,False,False,False,False,,
2024-10-23,22.21,22.25,21.96,22.04,13617216,HPG,22.139512479681997,22.323707683359107,0.18419520367710973,0.2414191694249938,-0.057223965747884076,False,False,False,False,False,False,,
2024-10-24,22.08,22.25,21.96,22.04,15908431,HPG,22.132141184890738,22.280060347457706,0.1479191625669678,0.22271916805338862,-0.07480000548642082,False,False,False,False,False,False,,
2024-10-25,22.17,22.21,22.04,22.04,9453996,HPG,22.125315911935868,22.243127986310366,0.11781207437449837,0.2017377493176106,-0.08392567494311223,False,True,False,True,False,False,,
2024-10-28,22.08,22.46,22.08,22.29,11941974,HPG,22.13751473327395,22.250339065339542,0.11282433206559261,0.18395506586720703,-0.07113073380161442,False,False,False,False,False,False,,
2024-10-29,22.33,22.62,22.25,22.54,15745226,HPG,22.167328456735138,22.294902286056534,0.1275738293213955,0.17267881855804473,-0.04510498923664924,False,False,False,False,False,False,,
2024-10-30,22.54,22.58,22.33,22.5,11074326,HPG,22.191970793273278,22.326455780509377,0.13448498723609958,0.1650400522936557,-0.03055506505755612,False,False,False,False,False,False,,
2024-10-31,22.54,22.54,22.33,22.42,13332393,HPG,22.208861845623407,22.34084719889255,0.13198535326914396,0.15842911248875335,-0.026443759219609397,False,False,False,False,False,False,,
2024-11-01,22.33,22.37,22.04,22.12,13212705,HPG,22.20227948668834,22.306870706755234,0.1045912200668937,0.14766153400438142,-0.043070313937487725,False,False,False,False,False,False,,
2024-11-04,22.12,22.12,21.79,21.92,18321430,HPG,22.181369895081797,22.247352136485198,0.06598224140340037,0.13132567548418522,-0.06534343408078486,False,False,False,False,False,False,,
2024-11-05,21.92,22.12,21.83,22.08,8102496,HPG,22.173861013964625,22.221605653949013,0.04774463998438705,0.1146094683842256,-0.06686482839983855,False,True,False,True,False,False,,
2024-11-06,22.21,22.62,22.12,22.46,21004956,HPG,22.19505649441169,22.258281707187628,0.06322521277593651,0.10433261726256779,-0.04110740448663128,False,False,False,False,False,False,,
2024-11-07,22.58,22.75,22.46,22.46,15996565,HPG,22.214681939270083,22.289315290697225,0.074633351427142,0.09839276409548264,-0.02375941266834064,False,False,False,False,False,False,,
2024-11-08,22.67,22.92,22.5,22.5,24778767,HPG,22.235816610435265,22.32172832289765,0.0859117124623836,0.09589655376886283,-0.009984841306479225,False,False,False,False,False,False,,
2024-11-11,22.54,23.08,22.46,23.08,40900657,HPG,22.298348713365986,22.438385503990318,0.1400367906243325,0.10472460113995677,0.03531218948437573,False,False,False,False,False,False,,
2024-11-12,23.12,23.25,22.75,22.92,23977950,HPG,22.344396956820358,22.51248004183796,0.16808308501760294,0.117396297915486,0.05068678710211694,True,False,True,False,False,False,,
2024-11-13,22.67,22.83,22.37,22.54,22299796,HPG,22.35888607112996,22.516713881555198,0.15782781042523908,0.1254826004174366,0.032345210007802466,False,False,False,False,False,False,,
2024-11-14,22.54,22.58,21.92,21.92,26584281,HPG,22.326375991787,22.424911745931322,0.09853575414432214,0.12009323116281373,-0.02155747701849159,False,False,False,False,False,False,,
2024-11-15,21.92,21.96,21.58,21.58,27622921,HPG,22.271088881284257,22.29492532348035,0.023836442196092378,0.10084187336946947,-0.07700543117337709,False,False,False,False,False,False,,
2024-11-18,21.67,21.71,21.25,21.5,20617517,HPG,22.213971186374312,22.172629119867988,-0.041342066506324215,0.07240508539431073,-0.11374715190063495,False,False,False,False,False,False,,
2024-11-19,21.54,21.67,21.21,21.21,15855294,HPG,22.139602950346585,22.02453233219599,-0.11507061815059672,0.03490994468532924,-0.14998056283592595,False,False,False,False,False,False,,
2024-11-20,21.17,21.67,21.04,21.33,22767490,HPG,22.079632361432022,21.917681204165834,-0.1619511572661878,-0.0044622757049741675,-0.15748888156121363,False,True,False,True,False,False,,
2024-11-21,21.37,21.62,21.29,21.54,12784099,HPG,22.03965959391854,21.859576403524937,-0.18008319039360288,-0.03958645864269991,-0.14049673175090296,False,False,False,False,False,False,,
2024-11-22,21.58,21.87,21.54,21.75,17276669,HPG,22.018203327702352,21.84271849529033,-0.17548483241202106,-0.06676613339656415,-0.10871869901545692,False,False,False,False,False,False,,
2024-11-25,21.75,21.92,21.71,21.92,12839515,HPG,22.010929007131807,21.85460795755336,-0.15632104957844817,-0.08467711663294096,-0.07164393294550721,False,False,False,False,False,False,,
2024-11-26,21.92,22.08,21.83,21.96,13190635,HPG,22.007156488085005,21.870822117929766,-0.13633437015523953,-0.09500856733740068,-0.04132580281783885,False,False,False,False,False,False,,
2024-11-27,21.96,22.04,21.75,21.92,7974789,HPG,22.000700451930562,21.87838794594057,-0.1223125059899921,-0.10046935506791897,-0.021843150922073132,False,False,False,False,False,False,,
2024-11-28,22.04,22.29,21.92,22.0,14139732,HPG,22.000648566602372,21.89709749271894,-0.10355107388343043,-0.10108569883102128,-0.0024653750524091522,False,False,False,False,False,False,,
2024-11-29,22.04,22.29,21.92,22.29,13886852,HPG,22.022082006113305,21.957544032300643,-0.06453797381266213,-0.09377615382734947,0.029238180014687337,False,False,False,False,False,False,,
2024-12-02,22.46,22.62,22.29,22.42,18590525,HPG,22.051557413067876,22.02869110425439,-0.02286630881348728,-0.07959418482457703,0.05672787601108975,False,False,False,False,False,False,,
2024-12-03,22.37,22.5,22.17,22.5,15823157,HPG,22.084775382470255,22.10120016513833,0.01642478266807501,-0.06039039132604662,0.07681517399412163,False,False,True,False,False,False,,
2024-12-04,22.37,22.37,22.21,22.25,12517041,HPG,22.097014243028013,22.12409244742474,0.02707820439672659,-0.042896672181491985,0.06997487657821858,False,False,False,False,False,False,,
2024-12-05,22.25,23.21,22.0,23.21,44772623,HPG,22.179457632433348,22.291155147820934,0.11169751538758632,-0.011977834667676324,0.12367535005526265,False,False,False,False,False,False,,
2024-12-06,23.21,23.25,22.92,23.0,23768664,HPG,22.240238548549396,22.40020820200233,0.1599696534529329,0.022411662956445526,0.13755799049648737,False,False,False,False,False,False,,
2024-12-09,23.04,23.25,22.92,23.04,15967778,HPG,22.299480137545736,22.498637709386585,0.1991575718408498,0.05776084473332639,0.14139672710752343,False,False,False,False,False,False,,
2024-12-10,23.08,23.5,23.0,23.25,32715496,HPG,22.369889016246052,22.614231907942496,0.2443428916964443,0.09507725412594997,0.14926563757049433,True,False,True,False,False,False,,
2024-12-11,23.25,23.46,23.0,23.12,17045103,HPG,22.42545279282042,22.69204238364365,0.2665895908232301,0.129379721465406,0.1372098693578241,False,False,False,False,False,False,,
2024-12-12,23.12,23.25,22.79,22.92,20976380,HPG,22.462085919278167,22.72711278616001,0.2650268668818434,0.15650915054869347,0.10851771633314994,False,False,False,False,False,False,,
2024-12-13,22.75,22.83,22.58,22.67,17278081,HPG,22.4774869622946,22.718326203673854,0.2408392413792555,0.17337516871480588,0.06746407266444962,False,False,False,False,False,False,,
2024-12-16,22.67,22.79,22.37,22.5,16666364,HPG,22.479154594717222,22.6847375569548,0.20558296223757822,0.17981672741936036,0.025766234818217854,False,False,False,False,False,False,,
2024-12-17,22.5,22.58,22.37,22.5,10816933,HPG,22.480698698812244,22.65631639434637,0.17561769553412532,0.17897692104231336,-0.0033592255081880407,False,False,False,False,False,False,,
2024-12-18,22.5,22.79,22.46,22.79,12801871,HPG,22.503609906307634,22.676883102908466,0.17327319660083162,0.177836176154017,-0.004562979553185381,False,False,False,False,False,False,,
2024-12-19,22.5,22.62,22.33,22.37,30343905,HPG,22.493712876210772,22.629670317845623,0.1359574416348508,0.16946042925018376,-0.03350298761533296,False,False,False,False,False,False,,
2024-12-20,22.37,22.46,22.25,22.25,13753770,HPG,22.47566007056553,22.571259499715527,0.09559942914999553,0.1546882292301461,-0.05908880008015058,False,False,False,True,False,False,,
2024-12-23,22.29,22.54,22.29,22.5,12907390,HPG,22.47746302830142,22.56029649975929,0.0828334714578709,0.14031727767569108,-0.05748380621782018,False,False,False,False,False,False,,
2024-12-24,22.42,22.42,22.17,22.25,13471873,HPG,22.460613915093905,22.5125585767194,0.051944661625494604,0.12264275446565179,-0.07069809284015718,False,True,False,True,False,False,,
2024-12-25,22.29,22.62,22.29,22.62,17153771,HPG,22.472420291753615,22.529088026454875,0.05666773470126074,0.10944775051277358,-0.05278001581151284,False,False,False,False,False,False,,
2024-12-26,22.62,22.67,22.37,22.5,9982189,HPG,22.4744632331052,22.52461294546182,0.05014971235661747,0.09758814288154237,-0.0474384305249249,False,False,False,False,False,False,,
2024-12-27,22.5,22.5,22.33,22.37,11397592,HPG,22.46672521583815,22.50082633846769,0.034101122629540015,0.0848907388311419,-0.050789616201601884,False,False,False,False,False,False,,
2024-12-30,22.33,22.37,22.21,22.29,12176491,HPG,22.453634459109395,22.468391517164967,0.014757058055572259,0.07086400267602798,-0.05610694462045572,False,False,False,False,False,False,,
2024-12-31,22.29,22.29,22.17,22.21,10258083,HPG,22.43558746213833,22.428638976062665,-0.006948486075664562,0.05530150492568947,-0.06224999100135403,False,False,False,True,False,False,,
2025-01-02,22.25,22.54,22.25,22.5,14970526,HPG,22.440358761239196,22.439617595129945,-0.0007411661092504573,0.04409297071870149,-0.04483413682795195,False,False,False,False,False,False,,
2025-01-03,22.42,22.5,22.17,22.17,13208512,HPG,22.42033218633259,22.398137965109953,-0.022194221222637367,0.03083553233043372,-0.05302975355307109,False,False,False,False,False,False,,
2025-01-06,22.17,22.25,21.71,21.71,15267581,HPG,22.367714987344993,22.29227058586227,-0.07544440148272358,0.00957954556780226,-0.08502394705052584,False,False,False,False,False,False,,
2025-01-07,21.79,22.0,21.71,21.71,14414801,HPG,22.318995358652774,22.202690495729613,-0.11630486292316178,-0.015597336130390549,-0.10070752679277123,False,False,False,True,False,False,,
2025-01-08,21.71,21.87,21.62,21.87,12963197,HPG,22.285736443197013,22.15150734254044,-0.13422910065657234,-0.03932368903562691,-0.09490541162094543,False,False,False,False,False,False,,
2025-01-09,21.92,21.92,21.58,21.67,9252679,HPG,22.24012633629353,22.07742928984191,-0.16269704645162264,-0.06399836051882606,-0.09869868593279658,False,False,False,False,False,False,,
2025-01-10,21.67,21.75,21.29,21.29,14290074,HPG,22.169746607679198,21.956286322173924,-0.21346028550527407,-0.09389074551611566,-0.11956953998915841,False,True,False,True,False,False,,
2025-01-13,21.29,21.71,21.21,21.58,13586454,HPG,22.126061673777034,21.89839611876255,-0.22766555501448238,-0.120645707415789,-0.10701984759869337,False,False,False,False,False,False,,
2025-01-14,21.62,21.67,21.5,21.54,7670367,HPG,22.0826496979417,21.84325825433754,-0.2393914436041591,-0.14439485465346302,-0.09499658895069607,False,False,False,False,False,False,,
2025-01-15,21.67,21.87,21.58,21.83,11228889,HPG,22.063934905501576,21.841218522900995,-0.2227163826005807,-0.16005916024288658,-0.06265722235769411,False,False,False,False,False,False,,
2025-01-16,21.92,22.04,21.71,21.92,11215124,HPG,22.05327306064961,21.853338750146996,-0.1999343105026128,-0.16803419029483185,-0.031900120207780935,False,False,False,False,False,False,,
2025-01-17,21.92,22.08,21.75,22.08,13956621,HPG,22.055252833934823,21.888209711662842,-0.1670431222719806,-0.16783597669026162,0.0007928544182810304,False,False,False,False,False,False,,
2025-01-20,22.08,22.29,22.04,22.04,9665010,HPG,22.054122994384095,21.91156206371471,-0.1425609306693829,-0.1627809674860859,0.02022003681670298,False,False,False,False,False,False,,
2025-01-21,22.17,22.17,21.83,21.92,10429273,HPG,22.04418795776305,21.9128602077586,-0.13132775000444852,-0.15649032398975843,0.02516257398530991,False,False,True,False,False,False,,
2025-01-22,22.0,22.0,21.79,21.79,10285189,HPG,22.025359220150975,21.8939586373342,-0.1314005828167737,-0.15147237575516148,0.02007179293838779,False,False,False,False,False,False,,
2025-01-23,21.83,22.29,21.79,22.21,15800444,HPG,22.039036314954604,21.94258038543663,-0.09645592951797255,-0.14046908650772372,0.04401315698975117,False,False,False,False,False,False,,
2025-01-24,22.21,22.21,22.04,22.12,10409008,HPG,22.04503362495797,21.969875710754074,-0.07515791420389561,-0.1274068520469581,0.052248937843062476,False,False,True,False,False,False,,
2025-02-03,22.08,22.17,21.87,22.0,16987354,HPG,22.04169780088701,21.974510216791906,-0.06718758409510528,-0.11536299845658754,0.04817541436148226,False,False,False,False,False,False,,
2025-02-04,22.08,22.5,22.04,22.37,17370750,HPG,22.066016482302786,22.035354798823917,-0.03066168347886844,-0.09842273546104373,0.06776105198217529,False,False,False,False,False,False,,
2025-02-05,22.37,22.5,22.29,22.33,14477772,HPG,22.085570816947023,22.080684829774086,-0.004885987172936979,-0.07971538580342238,0.0748293986304854,False,False,False,False,False,False,,
2025-02-06,22.33,22.46,22.29,22.33,13545529,HPG,22.103676682358355,22.11904100980884,0.015364327450484438,-0.06069944315264102,0.07606377060312546,True,False,True,False,False,False,,
2025-02-07,22.33,22.33,22.17,22.21,12556995,HPG,22.111552483665143,22.133034700607478,0.021482216942334986,-0.04426311113364582,0.0657453280759808,False,False,False,False,False,False,,
2025-02-10,22.08,22.08,21.17,21.17,61143342,HPG,22.0418078552455,21.984875515898633,-0.05693233934686859,-0.04679695677629037,-0.010135382570578215,False,False,False,False,False,False,,
2025-02-11,21.21,21.75,21.21,21.75,28914141,HPG,22.02019245856065,21.948740821144998,-0.07145163741565241,-0.051727892904162784,-0.01972374451148963,False,False,False,False,False,False,,
2025-02-12,21.83,21.83,21.54,21.54,13674965,HPG,21.984622646815417,21.885857617891922,-0.09876502892349492,-0.06113532010802922,-0.03762970881546571,False,False,False,False,False,False,,
2025-02-13,21.62,21.67,21.54,21.58,9507535,HPG,21.954650598903164,21.838802599754704,-0.11584799914846045,-0.07207785591611547,-0.043770143232344974,False,True,False,True,False,False,,
2025-02-14,21.75,21.92,21.67,21.75,18592795,HPG,21.939491295280707,21.825140661330902,-0.1143506339498046,-0.0805324115228533,-0.0338182224269513,False,False,False,False,False,False,,
2025-02-17,21.79,21.87,21.71,21.79,14380031,HPG,21.928417866000657,21.819734405741535,-0.10868346025912246,-0.08616262127010714,-0.022520838989015315,False,False,False,False,False,False,,
2025-02-18,21.96,22.17,21.92,22.12,24951942,HPG,21.942609135185794,21.86592911255053,-0.07668002263526574,-0.08426610154313886,0.00758607890787312,False,False,False,False,False,False,,
2025-02-19,22.17,22.17,22.0,22.08,13664314,HPG,21.952786236283142,21.89886309523506,-0.053923141048080936,-0.07819750944412729,0.024274368396046353,False,False,False,False,False,False,,
2025-02-20,22.12,22.17,22.08,22.12,11920169,HPG,21.96517244100291,21.932884157506592,-0.032288283496317405,-0.06901566425456532,0.03672738075824791,False,False,False,False,False,False,,
2025-02-21,22.12,22.17,22.0,22.04,11076712,HPG,21.97071522315084,21.94936351789019,-0.021351705260649112,-0.059482872455782085,0.03813116719513297,False,False,False,False,False,False,,
2025-02-24,23.58,23.58,22.96,23.08,73928603,HPG,22.052884465880407,22.12330759206093,0.07042312618052193,-0.03350167272852128,0.10392479890904321,False,False,False,False,False,False,,
2025-02-25,23.0,23.08,22.67,22.92,31597535,HPG,22.117115246185563,22.245875654820786,0.1287604086352232,-0.0010492564557723835,0.1298096650909956,False,False,False,False,False,False,,
2025-02-26,23.0,23.29,22.96,23.12,31840327,HPG,22.191403005727373,22.380356323309897,0.18895331758252354,0.036951258351886805,0.15200205923063673,False,False,False,False,False,False,,
2025-02-27,23.17,23.71,23.0,23.71,51151649,HPG,22.30389167196979,22.58491688895453,0.2810252169847409,0.08576605007845764,0.19525916690628328,True,False,True,False,False,False,,
2025-02-28,23.67,23.67,23.29,23.33,24230428,HPG,22.379899696268325,22.699545059884603,0.31964536361627793,0.1325419127860217,0.18710345083025623,False,False,False,False,False,False,,
2025-03-03,23.37,23.54,23.33,23.37,20678579,HPG,22.453240459507708,22.802691973748512,0.3494515142408048,0.17592383307697834,0.17352768116382644,False,False,False,False,False,False,,
2025-03-04,23.37,23.37,23.04,23.21,27441800,HPG,22.509296721766397,22.86535474701797,0.35605802525157415,0.2119506715118975,0.14410735373967665,False,False,False,False,False,False,,
2025-03-05,23.21,23.25,22.96,22.96,30401582,HPG,22.5426821497837,22.879915555169053,0.3372334053853514,0.23700721828658833,0.10022618709876308,False,False,False,False,False,False,,
2025-03-06,23.0,23.29,23.0,23.29,36989136,HPG,22.598039027577503,22.94300546975843,0.344966442180926,0.2585990630654559,0.0863673791154701,False,False,False,False,False,False,,
2025-03-07,23.33,23.42,23.12,23.37,33148420,HPG,22.65522132183102,23.00869693594944,0.35347561411841966,0.27757437327604867,0.07590124084237099,False,False,False,False,False,False,,
2025-03-10,23.42,23.5,23.29,23.29,23601359,HPG,22.702241964658356,23.05197433041876,0.3497323657604028,0.29200597177291954,0.05772639398748325,False,False,False,False,False,False,,
2025-03-11,23.0,23.46,23.0,23.46,26105585,HPG,22.75837218949848,23.114747510354334,0.35637532085585377,0.3048798415895064,0.0514954792663474,False,False,False,False,False,False,,
2025-03-12,23.5,23.5,23.17,23.17,20664501,HPG,22.788863138424517,23.123247893376746,0.33438475495222875,0.3107808242620509,0.023603930690177855,False,False,False,False,False,False,,
2025-03-13,23.21,23.37,23.08,23.08,24826490,HPG,22.810428831874553,23.116594371318783,0.30616553944422975,0.3098577672984867,-0.0036922278542569353,False,False,False,False,False,False,,
2025-03-14,23.08,23.21,22.96,22.96,18298151,HPG,22.821508177661624,23.09250292957743,0.2709947519158078,0.3020851642219509,-0.031090412306143123,False,False,False,False,False,False,,
2025-03-17,23.25,23.46,23.12,23.21,19738337,HPG,22.85028534968669,23.110579401950133,0.2602940522634434,0.2937269418302494,-0.03343288956680601,False,False,False,False,False,False,,
2025-03-18,23.25,23.37,23.0,23.0,18761045,HPG,22.86137532378397,23.0935671862655,0.23219186248152823,0.2814199259605052,-0.04922806347897696,False,False,False,False,False,False,,
2025-03-19,23.0,23.0,22.58,22.71,37953539,HPG,22.85016233683701,23.03455684991696,0.18439451307995114,0.2620148433843944,-0.07762033030444326,False,False,False,False,False,False,,
2025-03-20,22.75,22.87,22.54,22.62,25038597,HPG,22.833113274849083,22.970778873006658,0.13766559815757518,0.23714499433903055,-0.09947939618145538,False,False,False,False,False,False,,
2025-03-21,22.58,22.71,22.54,22.62,18921643,HPG,22.817327106341743,22.916812892544094,0.09948578620235082,0.20961315271169462,-0.1101273665093438,False,False,False,False,False,False,,
2025-03-24,22.62,22.71,22.42,22.62,16247689,HPG,22.802710283649763,22.871149370614233,0.06843908696447087,0.18137833956224989,-0.11293925259777901,False,True,False,True,False,False,,
2025-03-25,22.71,22.83,22.58,22.67,20115102,HPG,22.792879892268296,22.84020331359666,0.047323421328364645,0.15456735591547285,-0.10724393458710821,False,False,False,False,False,False,,
2025-03-26,22.67,23.29,22.62,22.96,43997569,HPG,22.80525915950768,22.858633573043328,0.053374413535646426,0.13432876743950758,-0.08095435390386116,False,False,False,False,False,False,,
2025-03-27,23.08,23.08,22.87,22.92,12023359,HPG,22.81375848102563,22.868074561805894,0.054316080780264286,0.11832623010765893,-0.06401014932739464,False,False,False,False,False,False,,
2025-03-28,22.87,22.92,22.58,22.62,17090800,HPG,22.799406000949656,22.829909244604988,0.030503243655331858,0.10076163281719352,-0.07025838916186167,False,False,False,False,False,False,,
2025-03-31,22.54,22.58,22.29,22.29,26565641,HPG,22.76167222310153,22.746846283896527,-0.014825939205003635,0.0776441184127541,-0.09247005761775774,False,False,False,True,False,False,,
2025-04-01,22.33,22.54,22.29,22.5,14037535,HPG,22.742289095464383,22.708869932527833,-0.033419162936549895,0.05543146214289331,-0.0888506250794432,False,False,False,False,False,False,,
2025-04-02,22.62,22.83,22.58,22.71,16797845,HPG,22.73989731061517,22.70904378906201,-0.03085352155315846,0.03817446540368296,-0.06902798695684143,False,False,False,False,False,False,,
2025-04-03,21.5,22.04,21.12,21.12,80792245,HPG,22.61990491723627,22.464575513821703,-0.1553294034145658,-0.0005263083599667921,-0.15480309505459902,False,False,False,False,False,False,,
2025-04-04,19.67,20.71,19.67,20.5,73222029,HPG,22.46287492336692,22.1623331270799,-0.3005417962870176,-0.06052940594537696,-0.24001239034164065,False,False,False,False,False,False,,
2025-04-08,19.58,20.0,19.08,19.08,35517471,HPG,22.21229159571011,21.688128030606066,-0.5241635651040433,-0.15325623777711023,-0.37090732732693305,False,False,False,False,False,False,,
2025-04-09,17.75,18.58,17.75,17.75,77212228,HPG,21.881751477509358,21.082262179743594,-0.7994892977657635,-0.2825028497748409,-0.5169864479909225,False,True,False,True,False,False,,
2025-04-10,18.96,18.96,18.96,18.96,3066909,HPG,21.665325442138293,20.755760305936885,-0.9095651362014081,-0.4079153070601544,-0.5016498291412537,False,False,False,False,False,False,,
2025-04-11,20.17,20.25,19.58,20.25,76305239,HPG,21.56048652049842,20.67795102810044,-0.8825354923979774,-0.502839344127719,-0.3796961482702583,False,False,False,False,False,False,,
2025-04-14,20.67,21.46,20.62,21.12,51254525,HPG,21.527857889350386,20.745958562238837,-0.7818993271115495,-0.5586513407244851,-0.22324798638706445,False,False,False,False,False,False,,
2025-04-15,20.96,21.79,20.87,21.54,50611194,HPG,21.528757304954063,20.868118783432863,-0.6606385215212001,-0.579048776883828,-0.08158974463737201,False,False,False,False,False,False,,
2025-04-16,21.58,21.67,20.87,21.25,25738379,HPG,21.508108615698205,20.926869739827808,-0.5812388758703975,-0.579486796681142,-0.0017520791892554621,False,False,False,False,False,False,,
2025-04-17,21.0,21.33,20.67,21.25,24465980,HPG,21.48898945897982,20.976582087546607,-0.5124073714332127,-0.5660709116315562,0.05366354019834352,False,False,False,False,False,False,,
2025-04-18,21.37,21.46,21.21,21.21,20785143,HPG,21.468323573129464,21.01249253561636,-0.4558310375131036,-0.5440229368078657,0.08819189929476212,False,False,True,False,False,False,,
2025-04-21,21.21,21.21,20.79,20.79,17327776,HPG,21.41807738252728,20.978262914752307,-0.4398144677749727,-0.5231812430012872,0.08336677522631453,False,False,False,False,False,False,,
2025-04-22,20.67,20.92,19.5,20.87,47493704,HPG,21.377479057895627,20.96160708171349,-0.4158719761821388,-0.5017193896374575,0.08584741345531877,False,False,False,False,False,False,,
2025-04-23,21.25,21.42,21.12,21.29,22246788,HPG,21.370999127681138,21.012129069142183,-0.3588700585389546,-0.47314952341775696,0.11427946487880236,False,False,False,False,False,False,,
2025-04-24,21.42,21.42,21.0,21.33,17227712,HPG,21.36796215526031,21.061032289274152,-0.30692986598615946,-0.43990559193143747,0.132975725945278,False,False,False,False,False,False,,
2025-04-25,21.21,21.42,21.04,21.42,24864961,HPG,21.371816810426214,21.116258090924283,-0.25555871950193065,-0.40303621744553614,0.14747749794360548,False,False,False,False,False,False,,
2025-04-28,21.42,21.42,21.12,21.37,9768183,HPG,21.371682231876125,21.155295307705163,-0.21638692417096195,-0.36570635879062136,0.1493194346196594,True,False,True,False,False,False,,
2025-04-29,21.37,21.42,21.17,21.25,14478374,HPG,21.362668733218634,21.169865260365906,-0.19280347285272725,-0.33112578160304257,0.13832230875031531,False,False,False,False,False,False,,
2025-05-05,21.37,21.46,21.12,21.42,12563050,HPG,21.366915493720956,21.208347528001923,-0.1585679657190333,-0.29661421842624075,0.13804625270720744,False,False,False,False,False,False,,
2025-05-06,21.46,21.71,21.21,21.21,20963206,HPG,21.3552921238157,21.208601754463164,-0.14669036935253743,-0.26662944861150006,0.11993907925896263,False,False,False,False,False,False,,
2025-05-07,21.12,21.25,21.12,21.17,11518736,HPG,21.341566781310835,21.202663023007293,-0.13890375830354174,-0.2410843105499084,0.10218055224636666,False,False,False,False,False,False,,
2025-05-08,21.17,21.54,21.08,21.42,19907154,HPG,21.347376649361884,21.23609948100617,-0.11127716835571277,-0.21512288211106928,0.1038457137553565,False,False,True,False,False,False,,
2025-05-09,21.42,21.46,21.25,21.37,11024723,HPG,21.349052453112854,21.256699560851374,-0.09235289226148069,-0.19056888414115156,0.09821599187967087,False,False,False,False,False,False,,
2025-05-12,21.29,21.46,20.62,21.17,64778664,HPG,21.33578930843783,21.243361166874237,-0.09242814156359103,-0.17094073562563947,0.07851259406204844,False,False,False,False,False,False,,
2025-05-13,21.33,21.67,21.33,21.5,20324199,HPG,21.347953063368358,21.282844064278198,-0.06510899909016032,-0.14977438831854364,0.08466538922838332,False,False,False,False,False,False,,
2025-05-14,21.58,22.12,21.54,21.79,34103088,HPG,21.38069728089663,21.360868054389247,-0.01982922650738317,-0.12378535595631156,0.10395612944892839,False,False,False,False,False,False,,
2025-05-15,21.83,21.83,21.54,21.79,22639684,HPG,21.411016000830216,21.42688835371398,0.015872352883764762,-0.0958538141882963,0.11172616707206107,True,False,True,False,False,True,,2025-04-28
2025-05-16,21.79,21.83,21.5,21.5,16827367,HPG,21.417607408176124,21.438136299296445,0.02052889112032119,-0.0725772731265728,0.093106164246894,False,False,False,False,False,False,,
2025-05-19,21.46,21.62,21.29,21.37,15012607,HPG,21.41408093349641,21.427653791712377,0.013572858215965766,-0.055347246858065094,0.06892010507403086,False,False,False,False,False,False,,
2025-05-20,21.33,21.5,21.33,21.37,17464910,HPG,21.410815679163342,21.41878397760278,0.007968298439436694,-0.04268413779856474,0.05065243623800143,False,False,False,False,False,False,,
2025-05-21,21.46,21.75,21.37,21.46,20165788,HPG,21.41445896218828,21.42512490412543,0.010665941937148204,-0.032014121851422155,0.04268006378857036,False,False,False,False,False,False,,
2025-05-22,21.46,21.62,21.29,21.37,24383807,HPG,21.41116570572989,21.416644149644593,0.005478443914704201,-0.024515608698196883,0.029994052612901084,False,False,False,False,False,False,,
2025-05-23,21.46,21.54,21.29,21.33,11111572,HPG,21.405153431231376,21.4033142804685,-0.0018391507628763293,-0.019980317111132774,0.018141166348256445,False,False,False,False,False,False,,
2025-05-26,21.37,21.37,20.87,21.29,27453941,HPG,21.39662354743646,21.385881314242578,-0.01074223319388068,-0.018132700327682355,0.007390467133801676,False,False,False,False,False,False,,
2025-05-27,21.29,21.79,21.29,21.29,26913678,HPG,21.38872550688561,21.371130342820646,-0.017595164064964308,-0.018025193075138748,0.0004300290101744396,False,False,False,False,False,False,,
2025-05-28,21.46,21.58,21.29,21.33,15622229,HPG,21.384375469338526,21.364802597771313,-0.019572871567213213,-0.018334728773553643,-0.0012381427936595697,False,False,False,False,False,False,,
2025-05-29,21.42,21.5,21.25,21.29,16448281,HPG,21.377384693831967,21.353294505806495,-0.024090188025471804,-0.019485820623937278,-0.004604367401534526,False,True,False,True,False,False,,
2025-05-30,21.37,22.21,21.37,21.46,65014524,HPG,21.38350434614071,21.36971073568242,-0.013793610458289862,-0.018347378590807796,0.004553768132517934,False,False,True,False,False,False,,
2025-06-02,21.33,21.37,21.12,21.29,21950524,HPG,21.376578098278436,21.357447545577436,-0.01913055270100017,-0.01850401341284627,-0.0006265392881538989,False,False,False,True,False,False,,
2025-06-03,21.5,21.83,21.46,21.67,31062339,HPG,21.398313053961516,21.40553253856552,0.007219484604004123,-0.013359313809476192,0.020578798413480315,False,False,False,False,False,False,,
2025-06-04,21.75,22.0,21.62,21.62,25708828,HPG,21.414734309223626,21.438527532632364,0.02379322340873813,-0.005928806365833327,0.029722029774571456,False,False,True,False,False,False,,
2025-06-05,21.67,21.71,21.42,21.46,18808450,HPG,21.41808732335521,21.441830989150464,0.023743665795254998,5.688066384337484e-06,0.02373797772887066,False,False,False,False,False,False,,
2025-06-06,21.71,22.08,21.58,21.71,42269983,HPG,21.439710484588158,21.483087760050392,0.04337727546223391,0.008680005545554254,0.03469726991667966,False,False,False,False,False,False,,
2025-06-09,21.75,22.0,21.62,21.92,25004908,HPG,21.475287485729776,21.550305027734947,0.07501754200517041,0.021947512837477486,0.05307002916769293,False,False,False,False,False,False,,
2025-06-10,22.08,22.37,21.83,21.83,29436635,HPG,21.501562486786828,21.59333502346803,0.09177253668120144,0.03591251760622228,0.055860019074979166,False,False,True,False,False,False,,
2025-06-11,21.92,21.96,21.67,21.75,16564351,HPG,21.51996526554336,21.617437327549872,0.09747206200651348,0.048224426486280524,0.04924763552023296,False,False,False,False,False,False,,
2025-06-12,21.79,22.58,21.79,22.33,52244579,HPG,21.579967838466075,21.72706235408066,0.1470945156145831,0.06799844431194105,0.07909607130264204,False,False,True,False,False,False,,
2025-06-13,22.17,22.29,21.92,22.0,38795445,HPG,21.611081331913034,21.769052761145176,0.15797142923214125,0.08599304129598109,0.07197838793616015,False,False,False,False,False,False,,
2025-06-16,21.96,22.5,21.96,22.29,29753708,HPG,21.661371603623177,21.849198490199765,0.18782688657658753,0.10635981035210239,0.08146707622448514,False,False,False,False,False,False,,
2025-06-17,22.42,22.58,22.29,22.37,26645247,HPG,21.713862595947386,21.9293217993998,0.21545920345241498,0.12817968897216492,0.08727951448025006,False,False,False,False,False,False,,
2025-06-18,22.42,22.67,22.33,22.62,31488496,HPG,21.780983885136468,22.035579984107525,0.2545960989710565,0.15346297097194325,0.10113312799911325,True,False,True,False,False,False,,
2025-06-19,22.62,22.67,22.33,22.42,23431044,HPG,21.828318412163398,22.09472152501406,0.26640311285066076,0.17605099934768675,0.09035211350297401,False,False,False,False,False,False,,
2025-06-20,22.5,22.58,22.37,22.5,23434378,HPG,21.878072603855,22.157072059627282,0.2789994557722828,0.19664069063260597,0.08235876513967683,False,False,False,False,False,False,,
2025-06-23,22.37,22.5,22.17,22.37,22214192,HPG,21.91451167023611,22.18983020430001,0.2753185340638993,0.21237625931886464,0.06294227474503464,False,False,False,False,False,False,,
2025-06-24,22.54,22.67,22.46,22.5,27891516,HPG,21.957881176144546,22.237548634407702,0.2796674582631553,0.2258344991077228,0.053832959155432514,False,False,False,False,False,False,,
2025-06-25,22.58,22.87,22.46,22.67,38667411,HPG,22.010630718652358,22.30407961372959,0.2934488950772334,0.23935737830162493,0.054091516775608445,False,False,False,False,False,False,,
2025-06-26,23.05,23.15,22.75,22.8,38436669,HPG,22.069102517270704,22.380375057771193,0.31127254050048947,0.25374041074139786,0.05753212975909161,False,False,False,False,False,False,,
2025-06-27,22.95,22.95,22.75,22.85,16501158,HPG,22.12694677525065,22.452625048883316,0.3256782736326649,0.26812798331965126,0.05755029031301362,False,False,True,False,False,False,,
2025-06-30,22.9,22.95,22.7,22.7,19930857,HPG,22.169395162269122,22.490682733670496,0.3212875714013741,0.27875990093599584,0.04252767046537825,False,False,False,False,False,False,,
2025-07-01,22.75,22.9,22.6,22.65,19796627,HPG,22.20499552061956,22.515193082336573,0.31019756171701474,0.28504743309219965,0.025150128624815082,False,False,False,False,False,False,,
2025-07-02,22.65,22.9,22.55,22.9,18923070,HPG,22.256477333907,22.574394146592482,0.3179168126854819,0.29162130901085614,0.026295503674625742,False,False,False,False,False,False,,
2025-07-03,23.0,23.65,23.0,23.1,42563897,HPG,22.318960494358336,22.655256585578254,0.33629609121991777,0.3005562654526685,0.03573982576724927,False,False,False,False,False,False,,
2025-07-04,23.15,23.25,23.1,23.25,19418237,HPG,22.387926383665125,22.74675557241237,0.3588291887472437,0.31221085011158356,0.04661833863566012,False,False,False,False,False,False,,
2025-07-07,23.7,23.7,23.4,23.6,36030224,HPG,22.477709614504743,22.87802394588739,0.4003143313826456,0.329831546365796,0.07048278501684963,False,False,False,False,False,False,,
2025-07-08,23.65,24.8,23.55,24.7,77535019,HPG,22.642323717134023,23.158327954212407,0.5160042370783842,0.3670660845083137,0.14893815257007048,False,False,False,False,False,False,,
2025-07-09,24.8,25.1,24.6,24.75,43462900,HPG,22.798447886235206,23.403200576641265,0.604752690406059,0.41460340568786275,0.1901492847181962,False,False,False,False,False,False,,
2025-07-10,24.85,25.2,24.55,25.15,85282300,HPG,22.972636931699267,23.671938949465684,0.6993020177664171,0.4715431281035737,0.2277588896628434,False,False,False,False,False,False,,
2025-07-11,25.25,26.25,25.05,26.0,65285300,HPG,23.196886047869693,24.030102188009426,0.8332161401397329,0.5438777305108056,0.2893384096289273,False,False,False,False,False,False,,
2025-07-14,26.2,26.45,25.55,25.75,49438500,HPG,23.386005599879347,24.29470185139259,0.9086962515132413,0.6168414347112927,0.2918548168019486,True,False,True,False,False,False,,
2025-07-15,25.8,26.0,25.5,25.5,46507000,HPG,23.542597777666064,24.48013233579373,0.9375345581276662,0.6809800593945674,0.25655449873309877,False,False,False,False,False,False,,
2025-07-16,25.45,26.2,25.4,26.1,45893600,HPG,23.73203497932043,24.729342745671616,0.9973077663511845,0.7442456007858909,0.2530621655652936,False,False,False,False,False,False,,
2025-07-17,26.2,26.35,25.9,26.0,56229600,HPG,23.90003238825966,24.92482847710675,1.02479608884709,0.8003556983981308,0.22444039044895914,False,False,False,False,False,False,,
2025-07-18,26.0,26.1,25.75,25.9,40723400,HPG,24.048178137277464,25.074854865244173,1.0266767279667093,0.8456199043118465,0.18105682365486275,False,False,False,False,False,False,,
2025-07-21,26.4,27.0,26.1,26.2,55773600,HPG,24.207572349330984,25.24795411674507,1.040381767414086,0.8845722769322946,0.1558094904817915,False,False,False,False,False,False,,
2025-07-22,26.15,26.45,26.0,26.45,31504400,HPG,24.373678101232393,25.432884252630444,1.059206151398051,0.9194990518254459,0.1397070995726052,False,False,False,False,False,False,,
2025-07-23,26.55,26.95,26.4,26.4,43124000,HPG,24.523776019659625,25.5816712906873,1.0578952710276752,0.9471782956658917,0.11071697536178349,False,False,False,False,False,False,,
2025-07-24,26.4,26.45,25.9,26.0,51907400,HPG,24.633125944129283,25.646029553658483,1.0129036095292,0.9603233584385535,0.05258025109064657,False,False,False,False,False,False,,
2025-07-25,26.0,26.3,25.9,26.05,51078400,HPG,24.738079577897484,25.70817885309564,0.9700992751981552,0.9622785417904739,0.007820733407681302,False,False,False,False,False,False,,
2025-07-28,26.1,26.85,26.0,26.35,99592800,HPG,24.85748109064582,25.806920568004003,0.9494394773581831,0.9597107289040158,-0.010271251545832638,False,False,False,False,False,False,,
2025-07-29,26.45,26.6,25.35,25.35,82604800,HPG,24.893963972820202,25.736625096003387,0.8426611231831842,0.9363008077598495,-0.09363968457666527,False,False,False,False,False,False,,
2025-07-30,25.6,25.75,25.1,25.4,50186000,HPG,24.93144812298167,25.684836619695172,0.7533884967135016,0.89971834555058,-0.14632984883707834,False,False,False,False,False,False,,
2025-07-31,25.45,25.6,24.75,24.95,85332500,HPG,24.93282233609414,25.571784832049758,0.6389624959556173,0.8475671756315875,-0.20860467967597018,False,False,False,False,False,False,,
2025-08-01,24.85,25.3,24.8,25.15,50798600,HPG,24.948909570457538,25.506894857888256,0.5579852874307178,0.7896507979914136,-0.23166551056069573,False,True,False,True,False,False,,
2025-08-04,25.1,25.45,24.95,25.3,37058100,HPG,24.974916268942163,25.4750648797516,0.5001486108094362,0.7317503605550181,-0.2316017497455819,False,False,False,False,False,False,,
2025-08-05,25.45,27.05,25.45,26.4,215999100,HPG,25.0804780267983,25.617362590559043,0.5368845637607436,0.6927772011961633,-0.1558926374354197,False,False,False,False,False,False,,
2025-08-06,26.75,27.7,26.65,27.1,96174200,HPG,25.230072247035462,25.84546065354996,0.6153884065144979,0.6772994422598302,-0.0619110357453323,False,False,False,False,False,False,,
2025-08-07,27.35,28.55,27.0,28.5,139119300,HPG,25.47228911762543,26.25385132223458,0.7815622046091519,0.6981519947296946,0.08341020987945735,False,False,False,False,False,False,,
2025-08-08,28.6,28.65,27.6,28.0,121062500,HPG,25.659526960764286,26.522489580352335,0.8629626195880498,0.7311141197013656,0.13184849988668412,False,False,False,False,False,False,,
2025-08-11,28.15,28.45,27.8,28.15,67223000,HPG,25.844006445152118,26.772875798759667,0.9288693536075492,0.7706651664826024,0.15820418712494677,False,False,False,False,False,False,,
2025-08-12,28.35,29.1,28.15,28.5,84195900,HPG,26.040746708474185,27.038587214335102,0.9978405058609177,0.8161002343582655,0.18174027150265215,True,False,True,False,False,False,,
2025-08-13,28.55,28.6,27.85,28.1,79765000,HPG,26.19328398932795,27.20188148905278,1.0085974997248321,0.8545996874315789,0.15399781229325327,False,False,False,False,False,False,,
2025-08-14,28.2,28.45,28.0,28.2,76049900,HPG,26.3419296197481,27.35543818304466,1.0135085632965612,0.8863814626045754,0.12712710069198585,False,False,False,False,False,False,,
2025-08-15,28.45,28.8,27.85,28.0,107927600,HPG,26.464749647914907,27.45460153949933,0.9898518915844221,0.9070755484005448,0.08277634318387728,False,False,False,False,False,False,,
2025-08-18,28.3,28.8,28.2,28.4,69044400,HPG,26.608101525847136,27.600047456499432,0.991945930652296,0.9240496248508951,0.06789630580140082,False,False,False,False,False,False,,
2025-08-19,28.6,28.7,28.1,28.15,63021900,HPG,26.722316227636238,27.684655540114903,0.9623393124786652,0.9317075623764492,0.03063175010221597,False,False,False,False,False,False,,
2025-08-20,28.2,28.25,27.05,27.4,101007400,HPG,26.772515025589108,27.640862380097225,0.8683473545081171,0.9190355208027828,-0.05068816629466577,False,False,False,False,False,False,,
2025-08-21,27.45,27.8,27.3,27.4,69981700,HPG,26.818995394063986,27.603806629313034,0.7848112352490482,0.8921906636920359,-0.10737942844298776,False,False,False,False,False,False,,
2025-08-22,26.95,27.1,26.0,26.0,132314200,HPG,26.758329068577765,27.357067147880258,0.5987380793024926,0.8335001468141273,-0.23476206751163475,False,False,False,False,False,False,,
2025-08-25,26.5,26.75,25.85,25.95,68320100,HPG,26.698452841275707,27.140595278975603,0.44214243769989636,0.7552286049912811,-0.3130861672913847,False,True,False,True,False,False,,
2025-08-26,26.1,27.2,26.1,27.2,51986200,HPG,26.735604482662694,27.14973446682551,0.4141299841628161,0.6870088808255881,-0.272878896662772,False,False,False,False,False,False,,
2025-08-27,27.25,27.25,26.75,26.75,85992500,HPG,26.73667081728027,27.088236856544665,0.35156603926439445,0.6199203125133493,-0.2683542732489549,False,False,False,False,False,False,,
2025-08-28,26.95,27.5,26.85,27.1,63166300,HPG,26.763584090074325,27.090046570922407,0.3264624808480825,0.561228746180296,-0.23476626533221345,False,False,False,False,False,False,,
2025-08-29,27.2,27.85,27.05,27.5,81735200,HPG,26.81813341673549,27.153116329242035,0.3349829125065469,0.5159795794455462,-0.1809966669389993,False,False,False,False,False,False,,
2025-09-03,27.4,29.0,27.25,28.15,119138500,HPG,26.916790200681007,27.306483047820183,0.38969284713917673,0.4907222329842723,-0.10102938584509558,False,False,False,False,False,False,,
2025-09-04,28.45,29.9,28.35,29.85,141435100,HPG,27.134065000630564,27.69779334815554,0.5637283475249752,0.5053234558924129,0.05840489163256235,False,False,False,False,False,False,,
2025-09-05,30.0,30.1,28.8,28.8,95256400,HPG,27.257467593176447,27.867363602285458,0.6098960091090113,0.5262379665357326,0.08365804257327869,False,False,False,False,False,False,,
2025-09-08,28.7,29.75,28.65,28.9,141768400,HPG,27.37913666034856,28.026230740395384,0.6470940800468234,0.5504091892379508,0.09668489080887266,False,False,True,False,False,False,,
2025-09-09,29.2,29.25,28.2,28.85,73861200,HPG,27.48808950032274,28.15296447264225,0.6648749723195095,0.5733023458542625,0.091572626465247,False,False,False,False,False,False,,
2025-09-10,28.85,29.2,28.4,28.85,52455800,HPG,27.588971759558092,28.260200707620363,0.6712289480622715,0.5928876662958644,0.07834128176640709,False,False,False,False,False,False,,
2025-09-11,28.7,29.2,28.0,29.15,71781900,HPG,27.704603481072308,28.397092906447998,0.6924894253756904,0.6128080181118296,0.07968140726386075,False,False,False,False,False,False,,
2025-09-12,29.2,30.1,29.15,30.0,104621000,HPG,27.87463285284473,28.64369399776369,0.769061144918961,0.6440586434732559,0.12500250144570513,False,False,False,False,False,False,,
2025-09-15,30.25,30.85,30.1,30.35,88920500,HPG,28.05799338226364,28.906202613492354,0.848209231228715,0.6848887610243477,0.16332047020436735,False,False,True,False,False,False,,
2025-09-16,30.55,30.55,29.75,29.95,66855600,HPG,28.19814202061448,29.066786826801223,0.8686448061867438,0.721639970056827,0.14700483612991677,False,False,False,False,False,False,,
2025-09-17,29.9,30.25,29.2,29.2,124424600,HPG,28.272353722791188,29.087281161139494,0.814927438348306,0.7402974637151228,0.07462997463318322,False,False,False,False,False,False,,
2025-09-18,29.35,29.4,28.6,29.15,75687000,HPG,28.33736455813999,29.09693021327188,0.7595656551318903,0.7441511019984763,0.015414553133414,False,False,False,False,False,False,,
2025-09-19,29.3,29.4,28.8,29.25,45024800,HPG,28.404967183462954,29.12047941123005,0.7155122277670962,0.7384233271522003,-0.02291109938510405,False,False,False,False,False,False,,
