time,open,high,low,close,volume,symbol
2010-01-04,1.47,1.49,1.47,1.49,603120,HPG
2010-01-05,1.56,1.56,1.49,1.56,1203080,HPG
2010-01-06,1.55,1.61,1.54,1.61,1771660,HPG
2010-01-07,1.64,1.68,1.61,1.66,1535800,HPG
2010-01-08,1.7,1.7,1.59,1.59,909010,HPG
2010-01-11,1.59,1.61,1.55,1.56,732580,HPG
2010-01-12,1.54,1.57,1.5,1.5,885660,HPG
2010-01-13,1.5,1.54,1.44,1.54,958420,HPG
2010-01-14,1.56,1.56,1.51,1.51,402680,HPG
2010-01-15,1.51,1.54,1.49,1.49,437400,HPG
2010-01-18,1.48,1.48,1.44,1.44,497510,HPG
2010-01-19,1.45,1.5,1.45,1.48,479060,HPG
2010-01-20,1.5,1.5,1.47,1.47,474300,HPG
2010-01-21,1.44,1.48,1.43,1.43,425450,HPG
2010-01-22,1.42,1.44,1.4,1.43,586550,HPG
2010-01-25,1.42,1.45,1.42,1.45,199710,HPG
2010-01-26,1.49,1.51,1.49,1.51,536240,HPG
2010-01-27,1.51,1.53,1.47,1.47,271340,HPG
2010-01-28,1.45,1.48,1.44,1.44,245300,HPG
2010-01-29,1.48,1.49,1.44,1.47,393890,HPG
2010-02-01,1.49,1.53,1.49,1.53,484240,HPG
2010-02-02,1.57,1.57,1.53,1.56,1018050,HPG
2010-02-03,1.57,1.57,1.55,1.57,864930,HPG
2010-02-04,1.56,1.6,1.55,1.57,912150,HPG
2010-02-05,1.54,1.56,1.53,1.54,537270,HPG
2010-02-08,1.53,1.55,1.53,1.54,472190,HPG
2010-02-09,1.53,1.54,1.51,1.54,328950,HPG
2010-02-10,1.54,1.56,1.53,1.56,278940,HPG
2010-02-11,1.56,1.57,1.55,1.56,203140,HPG
2010-02-12,1.56,1.57,1.56,1.57,253950,HPG
2010-02-22,1.57,1.57,1.55,1.56,184990,HPG
2010-02-23,1.53,1.54,1.5,1.51,356540,HPG
2010-02-24,1.51,1.51,1.48,1.51,371930,HPG
2010-02-25,1.51,1.54,1.5,1.5,407930,HPG
2010-02-26,1.5,1.51,1.48,1.48,451710,HPG
2010-03-01,1.49,1.51,1.49,1.5,284110,HPG
2010-03-02,1.5,1.56,1.5,1.54,549860,HPG
2010-03-03,1.56,1.56,1.54,1.56,499740,HPG
2010-03-04,1.59,1.6,1.56,1.56,694000,HPG
2010-03-05,1.57,1.59,1.56,1.57,480790,HPG
2010-03-08,1.6,1.61,1.57,1.61,450120,HPG
2010-03-09,1.61,1.62,1.59,1.61,843010,HPG
2010-03-10,1.61,1.64,1.6,1.64,556790,HPG
2010-03-11,1.68,1.71,1.67,1.68,1672180,HPG
2010-03-12,1.7,1.7,1.67,1.68,623150,HPG
2010-03-15,1.68,1.7,1.67,1.67,497550,HPG
2010-03-16,1.66,1.66,1.62,1.62,585500,HPG
2010-03-17,1.64,1.64,1.59,1.59,682260,HPG
2010-03-18,1.62,1.62,1.57,1.62,372020,HPG
2010-03-19,1.62,1.64,1.6,1.61,371440,HPG
2010-03-22,1.6,1.61,1.57,1.59,367360,HPG
2010-03-23,1.59,1.59,1.56,1.57,442100,HPG
2010-03-24,1.61,1.61,1.56,1.59,406220,HPG
2010-03-25,1.57,1.57,1.54,1.55,419770,HPG
2010-03-26,1.55,1.57,1.55,1.56,248330,HPG
2010-03-29,1.57,1.59,1.55,1.56,188700,HPG
2010-03-30,1.56,1.57,1.55,1.55,305370,HPG
2010-03-31,1.55,1.55,1.53,1.53,580860,HPG
2010-04-01,1.55,1.56,1.53,1.56,474730,HPG
2010-04-02,1.57,1.59,1.55,1.59,442760,HPG
2010-04-05,1.61,1.64,1.6,1.64,642470,HPG
2010-04-06,1.66,1.67,1.64,1.64,896310,HPG
2010-04-07,1.65,1.66,1.62,1.65,484850,HPG
2010-04-08,1.65,1.66,1.64,1.65,420120,HPG
2010-04-09,1.65,1.67,1.64,1.65,501430,HPG
2010-04-12,1.66,1.66,1.64,1.65,395000,HPG
2010-04-13,1.64,1.65,1.64,1.64,606100,HPG
2010-04-14,1.65,1.65,1.62,1.64,410790,HPG
2010-04-15,1.65,1.66,1.64,1.66,572700,HPG
2010-04-16,1.66,1.66,1.65,1.65,296860,HPG
2010-04-19,1.66,1.67,1.65,1.65,327330,HPG
2010-04-20,1.66,1.66,1.64,1.65,267520,HPG
2010-04-21,1.66,1.66,1.64,1.65,579670,HPG
2010-04-22,1.65,1.68,1.64,1.67,746300,HPG
2010-04-26,1.68,1.7,1.67,1.68,923660,HPG
2010-04-27,1.77,1.77,1.76,1.77,2002680,HPG
2010-04-28,1.77,1.79,1.77,1.77,1065180,HPG
2010-04-29,1.77,1.77,1.75,1.75,488110,HPG
2010-05-04,1.75,1.76,1.74,1.74,361080,HPG
2010-05-05,1.72,1.73,1.7,1.7,624960,HPG
2010-05-06,1.69,1.71,1.69,1.7,499330,HPG
2010-05-07,1.68,1.68,1.65,1.66,565930,HPG
2010-05-10,1.66,1.66,1.64,1.64,656620,HPG
2010-05-11,1.65,1.67,1.64,1.64,307330,HPG
2010-05-12,1.61,1.62,1.6,1.61,361210,HPG
2010-05-13,1.61,1.63,1.6,1.61,228970,HPG
2010-05-14,1.63,1.64,1.61,1.61,166660,HPG
2010-05-17,1.61,1.61,1.56,1.56,252040,HPG
2010-05-18,1.54,1.56,1.54,1.54,223530,HPG
2010-05-19,1.51,1.52,1.49,1.49,458670,HPG
2010-05-20,1.48,1.56,1.48,1.56,256780,HPG
2010-05-21,1.48,1.54,1.48,1.48,377000,HPG
2010-05-24,1.52,1.52,1.48,1.48,338810,HPG
2010-05-25,1.47,1.49,1.45,1.45,490640,HPG
2010-05-26,1.48,1.49,1.46,1.49,205260,HPG
2010-05-27,1.49,1.5,1.48,1.49,300120,HPG
2010-05-28,1.56,1.56,1.47,1.54,288170,HPG
2010-05-31,1.54,1.55,1.53,1.53,270000,HPG
2010-06-01,1.51,1.55,1.51,1.54,145940,HPG
2010-06-02,1.54,1.54,1.53,1.54,278700,HPG
2010-06-03,1.57,1.57,1.54,1.54,331490,HPG
2010-06-04,1.52,1.55,1.52,1.54,165550,HPG
2010-06-07,1.48,1.53,1.48,1.53,341410,HPG
2010-06-08,1.52,1.52,1.5,1.51,267800,HPG
2010-06-09,1.51,1.53,1.51,1.51,285370,HPG
2010-06-10,1.48,1.52,1.48,1.52,122590,HPG
2010-06-11,1.54,1.54,1.52,1.52,88710,HPG
2010-06-14,1.52,1.53,1.52,1.52,161540,HPG
2010-06-15,1.53,1.53,1.52,1.53,279590,HPG
2010-06-16,1.53,1.53,1.52,1.52,233890,HPG
2010-06-17,1.52,1.52,1.51,1.52,249480,HPG
2010-06-18,1.52,1.52,1.5,1.52,546880,HPG
2010-06-21,1.52,1.52,1.51,1.51,253020,HPG
2010-06-22,1.51,1.52,1.51,1.52,262430,HPG
2010-06-23,1.52,1.52,1.51,1.52,91440,HPG
2010-06-24,1.52,1.52,1.51,1.52,242340,HPG
2010-06-25,1.52,1.52,1.51,1.51,247430,HPG
2010-06-28,1.5,1.51,1.5,1.5,186510,HPG
2010-06-29,1.52,1.52,1.51,1.51,285000,HPG
2010-06-30,1.49,1.52,1.49,1.52,196340,HPG
2010-07-01,1.52,1.52,1.49,1.49,71850,HPG
2010-07-02,1.5,1.5,1.48,1.48,378360,HPG
2010-07-05,1.48,1.5,1.48,1.5,274180,HPG
2010-07-06,1.5,1.5,1.46,1.46,213890,HPG
2010-07-07,1.46,1.47,1.44,1.44,120370,HPG
2010-07-08,1.45,1.45,1.42,1.42,161800,HPG
2010-07-09,1.43,1.43,1.41,1.42,264450,HPG
2010-07-12,1.42,1.42,1.41,1.42,271470,HPG
2010-07-13,1.43,1.48,1.42,1.46,358710,HPG
2010-07-14,1.46,1.46,1.44,1.44,273770,HPG
2010-07-15,1.43,1.45,1.43,1.43,177430,HPG
2010-07-16,1.44,1.44,1.43,1.43,176920,HPG
2010-07-19,1.41,1.43,1.41,1.43,229210,HPG
2010-07-20,1.43,1.43,1.42,1.42,166700,HPG
2010-07-21,1.4,1.41,1.4,1.41,193420,HPG
2010-07-22,1.41,1.41,1.4,1.4,114970,HPG
2010-07-23,1.4,1.4,1.39,1.39,260170,HPG
2010-07-26,1.37,1.39,1.37,1.39,166160,HPG
2010-07-27,1.39,1.39,1.37,1.37,476650,HPG
2010-07-28,1.37,1.37,1.34,1.34,318900,HPG
2010-07-29,1.3,1.34,1.3,1.3,472220,HPG
2010-07-30,1.33,1.33,1.3,1.31,438740,HPG
2010-08-02,1.31,1.31,1.3,1.31,266850,HPG
2010-08-03,1.32,1.36,1.32,1.33,504480,HPG
2010-08-04,1.33,1.35,1.33,1.35,432320,HPG
2010-08-05,1.34,1.36,1.33,1.33,145120,HPG
2010-08-06,1.33,1.36,1.31,1.36,317880,HPG
2010-08-09,1.35,1.35,1.31,1.33,386720,HPG
2010-08-10,1.31,1.31,1.26,1.29,509940,HPG
2010-08-11,1.31,1.31,1.27,1.27,487330,HPG
2010-08-12,1.26,1.26,1.22,1.22,617570,HPG
2010-08-13,1.22,1.25,1.18,1.25,544240,HPG
2010-08-16,1.25,1.31,1.25,1.31,382810,HPG
2010-08-17,1.31,1.31,1.28,1.29,241000,HPG
2010-08-18,1.29,1.29,1.28,1.28,378740,HPG
2010-08-19,1.27,1.29,1.26,1.28,189520,HPG
2010-08-20,1.28,1.32,1.26,1.32,179980,HPG
2010-08-23,1.32,1.32,1.3,1.32,311410,HPG
2010-08-24,1.3,1.31,1.28,1.29,441830,HPG
2010-08-25,1.27,1.28,1.25,1.25,340680,HPG
2010-08-26,1.28,1.28,1.25,1.28,396840,HPG
2010-08-27,1.25,1.32,1.25,1.28,378340,HPG
2010-08-30,1.33,1.34,1.32,1.34,508820,HPG
2010-08-31,1.38,1.41,1.36,1.41,832260,HPG
2010-09-01,1.43,1.47,1.41,1.46,676620,HPG
2010-09-06,1.47,1.53,1.46,1.47,503290,HPG
2010-09-07,1.44,1.46,1.41,1.41,386300,HPG
2010-09-08,1.38,1.42,1.38,1.42,262380,HPG
2010-09-09,1.46,1.46,1.41,1.43,286720,HPG
2010-09-10,1.43,1.43,1.38,1.38,232810,HPG
2010-09-13,1.34,1.4,1.34,1.38,147400,HPG
2010-09-14,1.38,1.41,1.38,1.38,300230,HPG
2010-09-15,1.38,1.39,1.37,1.39,221800,HPG
2010-09-16,1.37,1.4,1.37,1.4,166060,HPG
2010-09-17,1.39,1.46,1.38,1.46,563560,HPG
2010-09-20,1.48,1.48,1.45,1.46,266770,HPG
2010-09-21,1.43,1.45,1.4,1.4,384400,HPG
2010-09-22,1.4,1.42,1.4,1.41,239780,HPG
2010-09-23,1.4,1.42,1.4,1.41,480450,HPG
2010-09-24,1.43,1.43,1.41,1.41,297550,HPG
2010-09-27,1.42,1.42,1.41,1.41,147930,HPG
2010-09-28,1.41,1.42,1.41,1.41,387940,HPG
2010-09-29,1.42,1.42,1.41,1.41,328700,HPG
2010-09-30,1.41,1.41,1.41,1.41,271740,HPG
2010-10-01,1.39,1.42,1.39,1.41,76010,HPG
2010-10-04,1.42,1.42,1.39,1.42,409420,HPG
2010-10-05,1.42,1.45,1.37,1.45,523530,HPG
2010-10-06,1.45,1.46,1.45,1.46,523900,HPG
2010-10-07,1.43,1.46,1.43,1.45,287370,HPG
2010-10-08,1.45,1.46,1.45,1.45,240870,HPG
2010-10-11,1.43,1.46,1.43,1.46,210340,HPG
2010-10-12,1.43,1.44,1.42,1.43,292300,HPG
2010-10-13,1.43,1.43,1.42,1.43,346590,HPG
2010-10-14,1.45,1.46,1.42,1.42,446740,HPG
2010-10-15,1.4,1.43,1.4,1.43,558900,HPG
2010-10-18,1.43,1.44,1.42,1.43,353990,HPG
2010-10-19,1.44,1.44,1.41,1.42,323010,HPG
2010-10-20,1.4,1.41,1.4,1.4,332130,HPG
2010-10-21,1.41,1.42,1.4,1.41,202500,HPG
2010-10-22,1.43,1.43,1.4,1.43,206510,HPG
2010-10-25,1.44,1.44,1.42,1.44,153500,HPG
2010-10-26,1.43,1.46,1.43,1.44,161840,HPG
2010-10-27,1.42,1.45,1.42,1.43,218730,HPG
2010-10-28,1.43,1.44,1.42,1.43,142410,HPG
2010-10-29,1.44,1.44,1.43,1.44,183050,HPG
2010-11-01,1.44,1.44,1.41,1.44,118870,HPG
2010-11-02,1.42,1.44,1.42,1.44,90530,HPG
2010-11-03,1.44,1.45,1.42,1.44,176280,HPG
2010-11-04,1.45,1.45,1.43,1.44,62510,HPG
2010-11-05,1.46,1.46,1.43,1.46,379310,HPG
2010-11-08,1.46,1.46,1.45,1.45,172650,HPG
2010-11-09,1.43,1.43,1.41,1.42,150690,HPG
2010-11-10,1.42,1.43,1.41,1.42,201000,HPG
2010-11-11,1.42,1.42,1.39,1.39,196980,HPG
2010-11-12,1.39,1.39,1.34,1.39,241100,HPG
2010-11-15,1.36,1.39,1.36,1.38,200200,HPG
2010-11-16,1.4,1.4,1.36,1.37,150000,HPG
2010-11-17,1.37,1.37,1.34,1.34,211010,HPG
2010-11-18,1.3,1.37,1.3,1.36,240230,HPG
2010-11-19,1.39,1.39,1.34,1.36,237120,HPG
2010-11-22,1.39,1.39,1.35,1.37,257890,HPG
2010-11-23,1.38,1.4,1.37,1.4,340780,HPG
2010-11-24,1.4,1.41,1.37,1.41,197070,HPG
2010-11-25,1.42,1.42,1.41,1.41,192180,HPG
2010-11-26,1.42,1.42,1.4,1.41,124780,HPG
2010-11-29,1.38,1.46,1.38,1.46,351870,HPG
2010-11-30,1.46,1.48,1.46,1.46,456870,HPG
2010-12-01,1.48,1.48,1.48,1.48,266280,HPG
2010-12-02,1.45,1.49,1.45,1.49,355830,HPG
2010-12-03,1.49,1.5,1.48,1.48,292290,HPG
2010-12-06,1.49,1.49,1.47,1.47,293700,HPG
2010-12-07,1.45,1.45,1.42,1.42,379450,HPG
2010-12-08,1.42,1.45,1.37,1.37,190040,HPG
2010-12-09,1.41,1.43,1.37,1.42,220890,HPG
2010-12-10,1.43,1.47,1.42,1.47,329900,HPG
2010-12-13,1.52,1.53,1.51,1.53,672690,HPG
2010-12-14,1.5,1.52,1.47,1.52,374680,HPG
2010-12-15,1.52,1.52,1.49,1.51,302480,HPG
2010-12-16,1.47,1.5,1.47,1.5,380760,HPG
2010-12-17,1.5,1.51,1.49,1.51,449720,HPG
2010-12-20,1.49,1.51,1.49,1.5,217620,HPG
2010-12-21,1.47,1.51,1.47,1.51,402870,HPG
2010-12-22,1.52,1.52,1.5,1.51,397780,HPG
2010-12-23,1.47,1.5,1.47,1.5,344240,HPG
2010-12-24,1.48,1.5,1.47,1.5,304000,HPG
2010-12-27,1.5,1.5,1.47,1.5,163170,HPG
2010-12-28,1.48,1.5,1.48,1.5,195150,HPG
2010-12-29,1.5,1.5,1.48,1.49,193870,HPG
2010-12-30,1.48,1.49,1.48,1.49,317530,HPG
2010-12-31,1.48,1.49,1.47,1.49,231060,HPG
2011-01-04,1.49,1.5,1.48,1.48,134810,HPG
2011-01-05,1.48,1.48,1.45,1.45,168800,HPG
2011-01-06,1.45,1.45,1.42,1.43,164830,HPG
2011-01-07,1.46,1.46,1.43,1.45,112350,HPG
2011-01-10,1.45,1.45,1.43,1.45,154810,HPG
2011-01-11,1.43,1.44,1.42,1.43,153580,HPG
2011-01-12,1.44,1.44,1.42,1.42,117170,HPG
2011-01-13,1.43,1.43,1.42,1.43,264560,HPG
2011-01-14,1.43,1.43,1.42,1.43,290420,HPG
2011-01-17,1.45,1.47,1.43,1.44,257360,HPG
2011-01-18,1.45,1.45,1.44,1.44,280070,HPG
2011-01-19,1.45,1.5,1.45,1.48,457860,HPG
2011-01-20,1.45,1.5,1.45,1.48,361670,HPG
2011-01-21,1.48,1.48,1.47,1.48,302420,HPG
2011-01-24,1.48,1.48,1.45,1.47,111030,HPG
2011-01-25,1.44,1.45,1.44,1.45,218100,HPG
2011-01-26,1.44,1.45,1.44,1.45,188520,HPG
2011-01-27,1.46,1.49,1.46,1.49,428250,HPG
2011-01-28,1.48,1.49,1.48,1.49,370830,HPG
2011-02-08,1.5,1.53,1.47,1.51,431720,HPG
2011-02-09,1.53,1.53,1.5,1.5,391520,HPG
2011-02-10,1.52,1.52,1.5,1.5,230160,HPG
2011-02-11,1.5,1.5,1.48,1.49,70830,HPG
2011-02-14,1.49,1.49,1.47,1.47,245090,HPG
2011-02-15,1.44,1.46,1.42,1.44,354670,HPG
2011-02-16,1.45,1.45,1.42,1.42,149890,HPG
2011-02-17,1.39,1.41,1.39,1.41,426790,HPG
2011-02-18,1.41,1.42,1.4,1.4,254020,HPG
2011-02-21,1.38,1.38,1.33,1.33,265400,HPG
2011-02-22,1.26,1.29,1.26,1.28,605710,HPG
2011-02-23,1.28,1.31,1.27,1.27,186830,HPG
2011-02-24,1.26,1.26,1.21,1.23,346440,HPG
2011-02-25,1.23,1.28,1.23,1.28,60440,HPG
2011-02-28,1.28,1.28,1.23,1.23,296390,HPG
2011-03-01,1.2,1.23,1.2,1.2,315470,HPG
2011-03-02,1.2,1.21,1.15,1.15,694100,HPG
2011-03-03,1.11,1.16,1.11,1.15,157570,HPG
2011-03-04,1.16,1.16,1.14,1.15,356990,HPG
2011-03-07,1.19,1.19,1.13,1.15,550710,HPG
2011-03-08,1.15,1.16,1.14,1.15,555030,HPG
2011-03-09,1.16,1.2,1.14,1.2,355690,HPG
2011-03-10,1.26,1.26,1.26,1.26,263820,HPG
2011-03-11,1.32,1.32,1.31,1.32,294330,HPG
2011-03-14,1.3,1.32,1.25,1.25,404350,HPG
2011-03-15,1.23,1.31,1.22,1.29,126150,HPG
2011-03-16,1.31,1.31,1.26,1.26,329870,HPG
2011-03-17,1.32,1.32,1.26,1.29,226710,HPG
2011-03-18,1.27,1.35,1.27,1.35,524980,HPG
2011-03-21,1.36,1.36,1.33,1.33,301800,HPG
2011-03-22,1.33,1.37,1.33,1.35,566080,HPG
2011-03-23,1.36,1.38,1.36,1.37,699690,HPG
2011-03-24,1.39,1.4,1.38,1.38,614070,HPG
2011-03-25,1.39,1.4,1.38,1.39,594480,HPG
2011-03-28,1.39,1.4,1.38,1.39,608330,HPG
2011-03-29,1.39,1.4,1.37,1.39,594280,HPG
2011-03-30,1.39,1.39,1.36,1.36,766270,HPG
2011-03-31,1.36,1.37,1.35,1.35,278890,HPG
2011-04-01,1.37,1.37,1.35,1.35,140180,HPG
2011-04-04,1.35,1.36,1.33,1.35,344400,HPG
2011-04-05,1.36,1.36,1.33,1.35,110340,HPG
2011-04-06,1.35,1.38,1.34,1.38,258020,HPG
2011-04-07,1.35,1.38,1.35,1.36,88850,HPG
2011-04-08,1.36,1.36,1.35,1.36,478010,HPG
2011-04-13,1.36,1.36,1.35,1.35,158440,HPG
2011-04-14,1.35,1.36,1.35,1.35,257560,HPG
2011-04-15,1.36,1.36,1.35,1.36,326260,HPG
2011-04-18,1.35,1.36,1.35,1.35,326200,HPG
2011-04-19,1.35,1.36,1.33,1.33,138150,HPG
2011-04-20,1.35,1.35,1.3,1.33,179290,HPG
2011-04-21,1.33,1.33,1.3,1.31,108300,HPG
2011-04-22,1.31,1.31,1.28,1.28,125090,HPG
2011-04-25,1.31,1.34,1.31,1.34,63720,HPG
2011-04-26,1.31,1.33,1.31,1.33,98390,HPG
2011-04-27,1.33,1.34,1.31,1.34,132450,HPG
2011-04-28,1.31,1.34,1.31,1.33,64470,HPG
2011-04-29,1.34,1.35,1.32,1.32,78840,HPG
2011-05-04,1.32,1.36,1.32,1.36,156050,HPG
2011-05-05,1.37,1.37,1.35,1.36,184350,HPG
2011-05-06,1.37,1.38,1.36,1.36,274640,HPG
2011-05-09,1.36,1.36,1.35,1.35,257850,HPG
2011-05-10,1.35,1.36,1.35,1.36,236070,HPG
2011-05-11,1.35,1.36,1.35,1.36,62170,HPG
2011-05-12,1.36,1.36,1.34,1.34,67660,HPG
2011-05-13,1.35,1.35,1.33,1.35,190860,HPG
2011-05-16,1.35,1.36,1.34,1.35,135470,HPG
2011-05-17,1.35,1.35,1.32,1.32,174170,HPG
2011-05-18,1.32,1.32,1.3,1.31,152390,HPG
2011-05-19,1.29,1.35,1.29,1.31,96030,HPG
2011-05-20,1.31,1.31,1.25,1.25,212630,HPG
2011-05-23,1.21,1.21,1.19,1.2,165810,HPG
2011-05-24,1.15,1.16,1.14,1.15,235280,HPG
2011-05-25,1.12,1.15,1.1,1.1,404490,HPG
2011-05-26,1.05,1.16,1.05,1.16,169040,HPG
2011-05-27,1.21,1.21,1.18,1.21,164420,HPG
2011-05-30,1.21,1.22,1.18,1.18,145240,HPG
2011-05-31,1.18,1.23,1.16,1.23,171290,HPG
2011-06-01,1.23,1.3,1.2,1.3,265870,HPG
2011-06-02,1.33,1.35,1.31,1.33,361870,HPG
2011-06-03,1.35,1.35,1.27,1.33,452110,HPG
2011-06-06,1.31,1.31,1.27,1.29,63570,HPG
2011-06-07,1.35,1.35,1.32,1.35,125110,HPG
2011-06-08,1.35,1.35,1.3,1.31,174990,HPG
2011-06-09,1.31,1.32,1.31,1.31,117160,HPG
2011-06-10,1.31,1.35,1.31,1.31,116840,HPG
2011-06-13,1.29,1.31,1.29,1.3,127690,HPG
2011-06-14,1.33,1.33,1.29,1.29,165980,HPG
2011-06-15,1.28,1.29,1.26,1.26,178270,HPG
2011-06-16,1.31,1.31,1.28,1.28,189240,HPG
2011-06-17,1.29,1.29,1.22,1.22,373670,HPG
2011-06-20,1.27,1.27,1.21,1.21,145450,HPG
2011-06-21,1.21,1.27,1.21,1.25,48170,HPG
2011-06-22,1.27,1.27,1.26,1.27,168910,HPG
2011-06-23,1.23,1.26,1.23,1.24,129890,HPG
2011-06-24,1.26,1.26,1.22,1.23,248300,HPG
2011-06-27,1.23,1.24,1.2,1.2,233660,HPG
2011-06-28,1.2,1.22,1.18,1.21,79330,HPG
2011-06-29,1.23,1.23,1.2,1.2,85680,HPG
2011-06-30,1.19,1.21,1.17,1.18,153710,HPG
2011-07-01,1.16,1.18,1.15,1.16,181930,HPG
2011-07-04,1.17,1.21,1.13,1.21,311340,HPG
2011-07-05,1.22,1.22,1.21,1.21,110250,HPG
2011-07-06,1.22,1.22,1.19,1.2,59450,HPG
2011-07-07,1.17,1.18,1.15,1.16,88350,HPG
2011-07-08,1.16,1.16,1.14,1.15,238330,HPG
2011-07-11,1.15,1.16,1.14,1.15,60400,HPG
2011-07-12,1.15,1.15,1.11,1.11,222360,HPG
2011-07-13,1.15,1.16,1.11,1.13,189150,HPG
2011-07-14,1.14,1.14,1.12,1.13,123960,HPG
2011-07-15,1.13,1.13,1.11,1.11,106070,HPG
2011-07-18,1.11,1.11,1.1,1.11,153980,HPG
2011-07-19,1.11,1.11,1.11,1.11,56110,HPG
2011-07-20,1.11,1.16,1.11,1.16,165880,HPG
2011-07-21,1.13,1.13,1.11,1.11,284400,HPG
2011-07-22,1.13,1.13,1.11,1.11,50940,HPG
2011-07-25,1.1,1.13,1.1,1.12,98560,HPG
2011-07-26,1.12,1.13,1.12,1.13,181720,HPG
2011-07-27,1.13,1.14,1.13,1.14,97730,HPG
2011-07-28,1.15,1.15,1.14,1.15,154810,HPG
2011-07-29,1.14,1.17,1.13,1.17,195130,HPG
2011-08-01,1.16,1.16,1.15,1.15,58620,HPG
2011-08-02,1.14,1.15,1.13,1.14,157470,HPG
2011-08-03,1.12,1.14,1.11,1.12,214640,HPG
2011-08-04,1.14,1.15,1.12,1.13,211860,HPG
2011-08-05,1.14,1.14,1.13,1.14,171480,HPG
2011-08-08,1.14,1.14,1.1,1.1,221440,HPG
2011-08-09,1.06,1.09,1.06,1.06,218700,HPG
2011-08-10,1.06,1.09,1.05,1.05,182580,HPG
2011-08-11,1.04,1.04,1.03,1.04,116210,HPG
2011-08-12,1.06,1.06,1.03,1.03,148290,HPG
2011-08-15,1.03,1.04,1.03,1.04,40000,HPG
2011-08-16,1.04,1.06,1.04,1.04,103010,HPG
2011-08-17,1.05,1.08,1.05,1.08,151760,HPG
2011-08-18,1.1,1.12,1.1,1.12,211380,HPG
2011-08-19,1.1,1.1,1.08,1.08,148250,HPG
2011-08-22,1.08,1.12,1.08,1.12,334740,HPG
2011-08-23,1.11,1.12,1.1,1.11,241360,HPG
2011-08-24,1.12,1.12,1.08,1.08,479150,HPG
2011-08-25,1.1,1.1,1.08,1.08,239280,HPG
2011-08-26,1.08,1.09,1.08,1.08,388260,HPG
2011-08-29,1.1,1.12,1.08,1.12,459310,HPG
2011-08-30,1.13,1.13,1.11,1.12,430170,HPG
2011-08-31,1.1,1.13,1.1,1.12,466520,HPG
2011-09-01,1.12,1.13,1.12,1.13,398520,HPG
2011-09-05,1.13,1.18,1.12,1.14,836250,HPG
2011-09-06,1.14,1.16,1.12,1.13,510330,HPG
2011-09-07,1.15,1.15,1.14,1.15,473180,HPG
2011-09-08,1.16,1.2,1.16,1.18,932160,HPG
2011-09-09,1.18,1.21,1.16,1.18,348310,HPG
2011-09-12,1.18,1.19,1.15,1.16,674470,HPG
2011-09-13,1.16,1.18,1.15,1.16,429130,HPG
2011-09-14,1.16,1.16,1.12,1.12,552160,HPG
2011-09-15,1.11,1.12,1.09,1.1,496330,HPG
2011-09-16,1.1,1.1,1.08,1.08,956270,HPG
2011-09-19,1.08,1.12,1.08,1.12,315610,HPG
2011-09-20,1.1,1.12,1.1,1.1,357540,HPG
2011-09-21,1.11,1.11,1.08,1.08,331140,HPG
2011-09-22,1.08,1.11,1.07,1.11,250190,HPG
2011-09-23,1.08,1.09,1.08,1.09,212030,HPG
2011-09-26,1.09,1.09,1.06,1.07,518040,HPG
2011-09-27,1.07,1.08,1.06,1.06,414090,HPG
2011-09-28,1.06,1.08,1.06,1.07,245930,HPG
2011-09-29,1.07,1.07,1.06,1.06,229640,HPG
2011-09-30,1.05,1.07,1.05,1.06,262770,HPG
2011-10-03,1.06,1.06,1.05,1.05,232620,HPG
2011-10-04,1.05,1.06,1.05,1.06,450790,HPG
2011-10-05,1.06,1.06,1.06,1.06,182120,HPG
2011-10-06,1.05,1.07,1.05,1.06,572170,HPG
2011-10-07,1.06,1.06,1.05,1.06,209570,HPG
2011-10-10,1.06,1.06,1.05,1.06,318000,HPG
2011-10-11,1.06,1.06,1.05,1.05,148300,HPG
2011-10-12,1.05,1.05,1.04,1.04,305020,HPG
2011-10-13,1.04,1.04,1.03,1.04,509180,HPG
2011-10-14,1.05,1.05,1.04,1.04,116320,HPG
2011-10-17,1.04,1.04,1.03,1.03,215580,HPG
2011-10-18,1.03,1.03,1.03,1.03,232150,HPG
2011-10-19,1.03,1.04,1.02,1.02,267060,HPG
2011-10-20,1.02,1.03,1.02,1.02,175790,HPG
2011-10-21,1.02,1.03,1.02,1.02,160190,HPG
2011-10-24,1.03,1.03,1.01,1.01,64290,HPG
2011-10-25,1.0,1.02,1.0,1.01,194200,HPG
2011-10-26,1.01,1.03,1.01,1.03,153420,HPG
2011-10-27,1.04,1.04,1.02,1.02,53360,HPG
2011-10-28,1.03,1.05,1.02,1.05,395430,HPG
2011-10-31,1.07,1.07,1.03,1.03,100100,HPG
2011-11-01,1.03,1.03,1.0,1.01,199600,HPG
2011-11-02,1.0,1.0,0.96,0.97,451860,HPG
2011-11-03,0.97,0.97,0.94,0.96,325530,HPG
2011-11-04,0.95,0.97,0.94,0.94,81710,HPG
2011-11-07,0.93,0.93,0.9,0.9,412980,HPG
2011-11-08,0.87,0.87,0.86,0.87,783310,HPG
2011-11-09,0.88,0.88,0.85,0.86,148890,HPG
2011-11-10,0.83,0.84,0.82,0.82,448330,HPG
2011-11-11,0.83,0.83,0.79,0.79,94800,HPG
2011-11-14,0.79,0.79,0.76,0.77,389520,HPG
2011-11-15,0.73,0.78,0.73,0.73,609680,HPG
2011-11-16,0.74,0.76,0.73,0.76,705360,HPG
2011-11-17,0.77,0.77,0.75,0.75,319240,HPG
2011-11-18,0.75,0.75,0.72,0.73,257200,HPG
2011-11-21,0.73,0.73,0.72,0.72,267910,HPG
2011-11-22,0.71,0.73,0.71,0.73,301650,HPG
2011-11-23,0.74,0.76,0.74,0.76,673170,HPG
2011-11-24,0.76,0.79,0.76,0.78,758200,HPG
2011-11-25,0.77,0.77,0.77,0.77,308620,HPG
2011-11-28,0.77,0.79,0.76,0.77,443270,HPG
2011-11-29,0.77,0.77,0.75,0.76,157550,HPG
2011-11-30,0.74,0.75,0.72,0.73,398670,HPG
2011-12-01,0.74,0.74,0.72,0.73,60590,HPG
2011-12-02,0.73,0.74,0.73,0.74,368510,HPG
2011-12-05,0.75,0.77,0.75,0.77,419320,HPG
2011-12-06,0.78,0.81,0.78,0.79,677390,HPG
2011-12-07,0.79,0.8,0.79,0.79,240590,HPG
2011-12-08,0.79,0.8,0.76,0.76,439830,HPG
2011-12-09,0.76,0.76,0.74,0.74,360910,HPG
2011-12-12,0.74,0.74,0.73,0.74,273590,HPG
2011-12-13,0.72,0.74,0.72,0.73,227740,HPG
2011-12-14,0.73,0.74,0.72,0.74,328320,HPG
2011-12-15,0.73,0.75,0.72,0.75,258480,HPG
2011-12-16,0.76,0.78,0.75,0.77,752850,HPG
2011-12-19,0.77,0.77,0.75,0.75,147150,HPG
2011-12-20,0.76,0.76,0.74,0.74,96530,HPG
2011-12-21,0.74,0.75,0.73,0.73,325690,HPG
2011-12-22,0.7,0.74,0.7,0.7,584400,HPG
2011-12-23,0.68,0.69,0.67,0.69,59450,HPG
2011-12-26,0.67,0.67,0.66,0.66,271770,HPG
2011-12-27,0.64,0.66,0.63,0.63,412440,HPG
2011-12-28,0.62,0.66,0.62,0.66,197620,HPG
2011-12-29,0.66,0.66,0.65,0.66,88340,HPG
2011-12-30,0.67,0.67,0.66,0.67,333380,HPG
2012-01-03,0.65,0.68,0.65,0.66,57960,HPG
2012-01-04,0.65,0.66,0.64,0.64,27520,HPG
2012-01-05,0.64,0.64,0.62,0.62,345840,HPG
2012-01-06,0.62,0.62,0.6,0.6,474620,HPG
2012-01-09,0.6,0.61,0.59,0.6,187210,HPG
2012-01-10,0.61,0.62,0.6,0.6,210520,HPG
2012-01-11,0.61,0.61,0.6,0.6,142340,HPG
2012-01-12,0.61,0.63,0.61,0.63,482410,HPG
2012-01-13,0.65,0.65,0.64,0.64,172050,HPG
2012-01-16,0.64,0.66,0.64,0.65,207260,HPG
2012-01-17,0.65,0.66,0.64,0.65,183320,HPG
2012-01-18,0.65,0.65,0.64,0.65,121110,HPG
2012-01-19,0.66,0.67,0.65,0.67,223760,HPG
2012-01-20,0.68,0.69,0.67,0.68,364300,HPG
2012-01-30,0.71,0.71,0.7,0.71,255400,HPG
2012-01-31,0.72,0.75,0.72,0.72,575390,HPG
2012-02-01,0.73,0.75,0.71,0.75,849280,HPG
2012-02-02,0.76,0.78,0.76,0.78,415290,HPG
2012-02-03,0.82,0.82,0.79,0.79,1220550,HPG
2012-02-06,0.79,0.82,0.77,0.82,493020,HPG
2012-02-07,0.82,0.83,0.81,0.81,563860,HPG
2012-02-08,0.83,0.85,0.83,0.85,584090,HPG
2012-02-09,0.85,0.89,0.84,0.88,549920,HPG
2012-02-10,0.87,0.87,0.84,0.84,450870,HPG
2012-02-13,0.82,0.83,0.8,0.8,484800,HPG
2012-02-14,0.78,0.82,0.78,0.81,357950,HPG
2012-02-15,0.83,0.83,0.79,0.8,251370,HPG
2012-02-16,0.81,0.81,0.79,0.8,277570,HPG
2012-02-17,0.82,0.82,0.8,0.81,146360,HPG
2012-02-20,0.84,0.84,0.81,0.84,476570,HPG
2012-02-21,0.87,0.87,0.83,0.83,430160,HPG
2012-02-22,0.85,0.87,0.83,0.87,619880,HPG
2012-02-23,0.87,0.91,0.87,0.91,1037800,HPG
2012-02-24,0.92,0.95,0.91,0.95,1161820,HPG
2012-02-27,0.96,1.0,0.95,1.0,918290,HPG
2012-02-28,0.97,1.0,0.95,0.95,1240880,HPG
2012-02-29,0.93,0.98,0.93,0.98,945510,HPG
2012-03-01,0.98,0.98,0.96,0.98,622020,HPG
2012-03-02,1.0,1.02,0.99,1.01,838520,HPG
2012-03-05,1.03,1.05,1.03,1.05,933110,HPG
2012-03-06,1.09,1.09,1.01,1.02,1259710,HPG
2012-03-07,1.04,1.04,0.99,1.03,1115590,HPG
2012-03-08,1.0,1.02,0.98,0.98,1247170,HPG
2012-03-09,0.98,0.98,0.93,0.98,1305980,HPG
2012-03-12,0.98,0.98,0.93,0.93,551660,HPG
2012-03-13,0.94,0.95,0.92,0.94,396370,HPG
2012-03-14,0.94,0.96,0.91,0.94,645070,HPG
2012-03-15,0.94,0.98,0.91,0.98,1114900,HPG
2012-03-16,1.02,1.02,0.94,0.94,1494450,HPG
2012-03-19,0.94,0.97,0.92,0.95,871300,HPG
2012-03-20,0.97,0.97,0.95,0.97,602110,HPG
2012-03-21,1.0,1.01,0.98,0.99,1049380,HPG
2012-03-22,0.98,1.0,0.98,0.98,495980,HPG
2012-03-23,0.98,0.99,0.98,0.98,486730,HPG
2012-03-26,0.99,0.99,0.98,0.98,412710,HPG
2012-03-27,0.97,0.98,0.97,0.97,964010,HPG
2012-03-28,0.96,0.97,0.96,0.97,282250,HPG
2012-03-29,0.96,0.98,0.96,0.97,438730,HPG
2012-03-30,0.98,0.99,0.97,0.98,685020,HPG
2012-04-03,0.99,0.99,0.98,0.99,359930,HPG
2012-04-04,1.0,1.0,0.97,0.98,383960,HPG
2012-04-05,0.97,1.02,0.97,1.0,682420,HPG
2012-04-06,1.01,1.01,0.98,0.98,338470,HPG
2012-04-09,1.0,1.01,0.98,0.98,644600,HPG
2012-04-10,0.98,1.02,0.98,1.0,841980,HPG
2012-04-11,1.02,1.05,1.01,1.05,2889250,HPG
2012-04-12,1.1,1.1,1.08,1.1,2040120,HPG
2012-04-13,1.11,1.12,1.09,1.09,1362440,HPG
2012-04-16,1.09,1.15,1.09,1.15,661150,HPG
2012-04-17,1.14,1.15,1.11,1.13,1531390,HPG
2012-04-18,1.12,1.14,1.08,1.09,2177160,HPG
2012-04-19,1.07,1.1,1.06,1.06,1440650,HPG
2012-04-20,1.06,1.09,1.05,1.06,548020,HPG
2012-04-23,1.06,1.09,1.05,1.06,490140,HPG
2012-04-24,1.06,1.08,1.05,1.08,631540,HPG
2012-04-25,1.1,1.12,1.09,1.12,590810,HPG
2012-04-26,1.12,1.12,1.09,1.09,743100,HPG
2012-04-27,1.1,1.1,1.09,1.1,446260,HPG
2012-05-02,1.1,1.1,1.06,1.07,630860,HPG
2012-05-03,1.07,1.07,1.05,1.06,506800,HPG
2012-05-04,1.06,1.1,1.06,1.1,394020,HPG
2012-05-07,1.1,1.12,1.09,1.11,892230,HPG
2012-05-08,1.11,1.17,1.11,1.15,1415140,HPG
2012-05-09,1.15,1.16,1.12,1.14,660830,HPG
2012-05-10,1.14,1.17,1.14,1.15,630680,HPG
2012-05-11,1.15,1.17,1.15,1.15,1034400,HPG
2012-05-14,1.15,1.15,1.09,1.09,771150,HPG
2012-05-15,1.09,1.1,1.06,1.06,1008300,HPG
2012-05-16,1.07,1.07,1.04,1.04,822540,HPG
2012-05-17,1.02,1.06,1.02,1.03,549650,HPG
2012-05-18,1.05,1.05,1.0,1.02,888210,HPG
2012-05-21,1.02,1.06,1.02,1.05,407080,HPG
2012-05-22,1.05,1.06,1.04,1.05,196600,HPG
2012-05-23,1.06,1.06,1.03,1.04,535500,HPG
2012-05-24,1.02,1.04,1.01,1.02,601740,HPG
2012-05-25,1.07,1.07,1.04,1.06,408890,HPG
2012-05-28,1.06,1.09,1.04,1.05,95030,HPG
2012-05-29,1.05,1.05,1.02,1.03,239680,HPG
2012-05-30,1.02,1.06,1.02,1.02,139860,HPG
2012-05-31,1.02,1.02,1.01,1.02,394430,HPG
2012-06-01,1.02,1.02,1.01,1.02,317420,HPG
2012-06-04,0.98,1.01,0.98,0.98,582860,HPG
2012-06-05,0.97,0.99,0.97,0.98,653590,HPG
2012-06-06,1.0,1.0,0.98,1.0,336910,HPG
2012-06-07,0.99,1.03,0.99,1.02,331110,HPG
2012-06-08,1.05,1.05,1.01,1.02,153760,HPG
2012-06-11,1.03,1.03,1.02,1.02,117550,HPG
2012-06-12,1.01,1.02,1.01,1.01,185410,HPG
2012-06-13,1.01,1.02,1.01,1.01,279680,HPG
2012-06-14,1.02,1.02,1.0,1.0,308650,HPG
2012-06-15,1.02,1.05,1.01,1.05,845890,HPG
2012-06-18,1.04,1.07,1.04,1.06,145550,HPG
2012-06-19,1.04,1.06,1.03,1.03,195360,HPG
2012-06-20,1.03,1.04,1.03,1.03,82290,HPG
2012-06-21,1.01,1.03,1.01,1.03,78090,HPG
2012-06-22,1.02,1.03,1.02,1.03,79400,HPG
2012-06-25,1.03,1.03,1.02,1.03,131080,HPG
2012-06-26,1.01,1.02,1.01,1.02,126200,HPG
2012-06-27,1.01,1.03,1.01,1.03,109420,HPG
2012-06-28,1.01,1.03,1.01,1.02,60440,HPG
2012-06-29,1.04,1.04,1.02,1.02,49580,HPG
2012-07-02,1.02,1.03,1.01,1.01,117160,HPG
2012-07-03,1.01,1.01,0.99,1.0,476550,HPG
2012-07-04,1.0,1.01,1.0,1.0,65050,HPG
2012-07-05,0.99,1.0,0.99,0.99,59950,HPG
2012-07-06,0.98,1.02,0.98,0.98,91850,HPG
2012-07-09,0.98,1.0,0.97,0.98,268460,HPG
2012-07-10,0.95,0.98,0.95,0.96,346170,HPG
2012-07-11,0.94,0.98,0.94,0.96,127600,HPG
2012-07-12,0.96,0.99,0.96,0.97,62700,HPG
2012-07-13,0.98,1.0,0.97,0.99,269300,HPG
2012-07-16,0.99,0.99,0.98,0.98,213750,HPG
2012-07-17,0.97,0.99,0.97,0.98,701590,HPG
2012-07-18,1.0,1.0,0.97,0.98,84750,HPG
2012-07-19,0.98,1.0,0.98,0.99,338040,HPG
2012-07-20,1.01,1.01,0.98,0.98,330880,HPG
2012-07-23,0.99,1.0,0.98,0.98,207600,HPG
2012-07-24,0.98,0.99,0.97,0.98,266470,HPG
2012-07-25,0.98,0.98,0.97,0.98,252010,HPG
2012-07-26,0.98,0.99,0.98,0.98,225560,HPG
2012-07-27,0.99,0.99,0.97,0.98,92930,HPG
2012-07-30,0.95,0.98,0.95,0.98,98300,HPG
2012-07-31,0.99,0.99,0.98,0.98,133480,HPG
2012-08-01,0.98,0.98,0.96,0.97,54290,HPG
2012-08-02,0.96,0.98,0.96,0.96,11870,HPG
2012-08-03,0.97,0.97,0.97,0.97,9490,HPG
2012-08-06,0.96,0.99,0.96,0.97,107190,HPG
2012-08-07,0.97,0.98,0.97,0.97,38190,HPG
2012-08-08,0.98,0.98,0.97,0.97,168220,HPG
2012-08-09,0.97,0.98,0.97,0.98,63950,HPG
2012-08-10,0.98,0.98,0.97,0.97,33770,HPG
2012-08-13,0.96,0.97,0.96,0.97,31610,HPG
2012-08-14,0.97,0.98,0.96,0.97,65340,HPG
2012-08-15,0.97,0.97,0.97,0.97,74550,HPG
2012-08-16,0.96,0.97,0.96,0.96,36230,HPG
2012-08-17,0.96,0.97,0.96,0.97,111290,HPG
2012-08-20,0.97,0.97,0.97,0.97,92110,HPG
2012-08-21,0.97,0.97,0.92,0.92,528250,HPG
2012-08-22,0.89,0.91,0.88,0.89,236680,HPG
2012-08-23,0.85,0.89,0.84,0.84,416590,HPG
2012-08-24,0.81,0.88,0.81,0.87,262930,HPG
2012-08-27,0.84,0.84,0.82,0.82,363490,HPG
2012-08-28,0.82,0.85,0.82,0.84,113780,HPG
2012-08-29,0.87,0.88,0.87,0.88,34000,HPG
2012-08-30,0.92,0.92,0.89,0.92,92980,HPG
2012-08-31,0.92,0.92,0.87,0.92,124800,HPG
2012-09-04,0.92,0.93,0.92,0.93,81460,HPG
2012-09-05,0.91,0.92,0.9,0.92,55770,HPG
2012-09-06,0.9,0.92,0.9,0.91,36900,HPG
2012-09-07,0.91,0.91,0.9,0.91,108480,HPG
2012-09-10,0.9,0.9,0.87,0.87,344750,HPG
2012-09-11,0.84,0.85,0.83,0.83,125630,HPG
2012-09-12,0.83,0.84,0.82,0.83,174200,HPG
2012-09-13,0.82,0.87,0.82,0.87,192220,HPG
2012-09-14,0.9,0.91,0.89,0.91,78540,HPG
2012-09-17,0.91,0.95,0.91,0.95,229430,HPG
2012-09-18,0.98,1.0,0.9,0.9,698510,HPG
2012-09-19,0.91,0.95,0.91,0.92,294330,HPG
2012-09-20,0.92,0.92,0.88,0.88,423480,HPG
2012-09-21,0.89,0.92,0.89,0.92,866820,HPG
2012-09-24,0.92,0.92,0.88,0.88,262590,HPG
2012-09-25,0.85,0.88,0.84,0.85,594300,HPG
2012-09-26,0.83,0.85,0.83,0.85,305170,HPG
2012-09-27,0.85,0.85,0.84,0.84,101160,HPG
2012-09-28,0.84,0.84,0.82,0.82,225770,HPG
2012-10-01,0.85,0.86,0.83,0.86,644820,HPG
2012-10-02,0.84,0.85,0.84,0.85,6000,HPG
2012-10-03,0.88,0.89,0.85,0.88,179290,HPG
2012-10-04,0.88,0.92,0.88,0.9,318150,HPG
2012-10-05,0.93,0.93,0.91,0.92,98780,HPG
2012-10-08,0.89,0.93,0.89,0.92,78870,HPG
2012-10-09,0.91,0.92,0.91,0.91,101660,HPG
2012-10-10,0.91,0.92,0.88,0.91,17610,HPG
2012-10-11,0.93,0.94,0.91,0.92,72320,HPG
2012-10-12,0.9,0.92,0.89,0.92,47720,HPG
2012-10-15,0.91,0.92,0.89,0.89,40950,HPG
2012-10-16,0.89,0.93,0.89,0.93,63440,HPG
2012-10-17,0.97,0.97,0.97,0.97,332070,HPG
2012-10-18,1.0,1.0,0.98,1.0,172980,HPG
2012-10-19,1.0,1.0,0.98,0.98,112880,HPG
2012-10-22,0.99,0.99,0.96,0.98,76530,HPG
2012-10-23,1.0,1.01,1.0,1.0,127500,HPG
2012-10-24,1.0,1.0,0.98,0.99,151600,HPG
2012-10-25,1.03,1.03,1.0,1.01,308230,HPG
2012-10-26,1.04,1.04,1.02,1.03,130900,HPG
2012-10-29,1.0,1.03,1.0,1.0,52810,HPG
2012-10-30,1.02,1.02,1.0,1.0,72680,HPG
2012-10-31,1.0,1.0,0.99,0.99,60620,HPG
2012-11-01,0.97,0.99,0.97,0.97,128870,HPG
2012-11-02,0.92,0.95,0.92,0.93,91850,HPG
2012-11-05,0.9,0.96,0.9,0.91,53140,HPG
2012-11-06,0.91,0.91,0.9,0.91,45310,HPG
2012-11-07,0.92,0.96,0.92,0.96,64250,HPG
2012-11-08,0.95,0.99,0.95,0.99,149910,HPG
2012-11-09,0.99,0.99,0.95,0.98,35940,HPG
2012-11-12,0.97,0.98,0.97,0.97,11980,HPG
2012-11-13,0.96,0.97,0.95,0.95,26810,HPG
2012-11-14,0.95,0.99,0.95,0.98,101770,HPG
2012-11-15,0.98,1.03,0.98,1.0,94800,HPG
2012-11-16,0.96,1.0,0.96,0.99,80880,HPG
2012-11-19,0.96,0.99,0.96,0.99,7690,HPG
2012-11-20,1.0,1.01,0.99,0.99,123340,HPG
2012-11-21,1.0,1.01,0.96,0.96,70670,HPG
2012-11-22,0.99,0.99,0.99,0.99,15210,HPG
2012-11-23,1.0,1.0,0.96,0.96,27400,HPG
2012-11-26,0.96,0.97,0.96,0.96,19770,HPG
2012-11-27,1.0,1.0,0.97,0.97,102900,HPG
2012-11-28,0.97,0.98,0.96,0.97,26680,HPG
2012-11-29,1.0,1.0,0.98,0.99,132600,HPG
2012-11-30,1.03,1.03,0.97,0.97,250040,HPG
2012-12-03,0.99,1.0,0.97,1.0,307160,HPG
2012-12-04,1.0,1.03,1.0,1.01,305470,HPG
2012-12-05,1.03,1.03,1.01,1.01,160320,HPG
2012-12-06,1.04,1.04,1.02,1.02,265720,HPG
2012-12-07,1.03,1.03,1.01,1.01,206510,HPG
2012-12-10,1.02,1.02,1.0,1.02,59470,HPG
2012-12-11,1.02,1.05,1.01,1.05,268330,HPG
2012-12-12,1.04,1.06,1.02,1.05,304230,HPG
2012-12-13,1.05,1.05,1.03,1.04,210390,HPG
2012-12-14,1.05,1.05,1.02,1.02,163580,HPG
2012-12-17,1.02,1.06,1.02,1.06,383410,HPG
2012-12-18,1.07,1.07,1.04,1.04,407340,HPG
2012-12-19,1.06,1.08,1.05,1.07,589250,HPG
2012-12-20,1.07,1.07,1.04,1.06,465600,HPG
2012-12-21,1.06,1.1,1.03,1.1,866270,HPG
2012-12-24,1.06,1.1,1.05,1.09,209100,HPG
2012-12-25,1.13,1.13,1.09,1.12,507730,HPG
2012-12-26,1.07,1.11,1.07,1.1,323770,HPG
2012-12-27,1.12,1.12,1.1,1.11,178280,HPG
2012-12-28,1.11,1.12,1.1,1.12,236950,HPG
2013-01-02,1.12,1.13,1.11,1.12,541540,HPG
2013-01-03,1.12,1.13,1.11,1.13,720080,HPG
2013-01-04,1.14,1.19,1.13,1.17,569620,HPG
2013-01-07,1.13,1.23,1.13,1.23,926020,HPG
2013-01-08,1.28,1.29,1.26,1.28,1480180,HPG
2013-01-09,1.23,1.28,1.23,1.27,1877280,HPG
2013-01-10,1.23,1.28,1.22,1.28,962800,HPG
2013-01-11,1.28,1.29,1.25,1.27,849600,HPG
2013-01-14,1.23,1.25,1.23,1.24,396190,HPG
2013-01-15,1.23,1.24,1.22,1.24,989300,HPG
2013-01-16,1.24,1.3,1.22,1.25,2347480,HPG
2013-01-17,1.25,1.25,1.22,1.22,837430,HPG
2013-01-18,1.22,1.22,1.19,1.22,344660,HPG
2013-01-21,1.2,1.22,1.18,1.18,697920,HPG
2013-01-22,1.17,1.18,1.13,1.16,801790,HPG
2013-01-23,1.14,1.16,1.14,1.15,343880,HPG
2013-01-24,1.15,1.23,1.15,1.23,829460,HPG
2013-01-25,1.24,1.27,1.23,1.26,1009460,HPG
2013-01-28,1.27,1.3,1.27,1.27,2762600,HPG
2013-01-29,1.27,1.3,1.25,1.3,1651520,HPG
2013-01-30,1.3,1.39,1.3,1.35,2172950,HPG
2013-01-31,1.33,1.35,1.31,1.32,1160050,HPG
2013-02-01,1.32,1.32,1.29,1.31,1087160,HPG
2013-02-04,1.31,1.32,1.29,1.29,1102750,HPG
2013-02-05,1.28,1.33,1.27,1.31,843750,HPG
2013-02-06,1.34,1.37,1.33,1.37,1449490,HPG
2013-02-07,1.4,1.41,1.38,1.39,2242560,HPG
2013-02-08,1.4,1.4,1.39,1.39,752510,HPG
2013-02-18,1.39,1.4,1.38,1.4,1322060,HPG
2013-02-19,1.39,1.4,1.38,1.39,1309920,HPG
2013-02-20,1.38,1.4,1.37,1.4,1224050,HPG
2013-02-21,1.4,1.43,1.3,1.3,2332340,HPG
2013-02-22,1.33,1.36,1.28,1.32,1422600,HPG
2013-02-25,1.36,1.36,1.31,1.35,806200,HPG
2013-02-26,1.34,1.34,1.27,1.27,1295340,HPG
2013-02-27,1.27,1.29,1.22,1.26,1290490,HPG
2013-02-28,1.29,1.3,1.27,1.29,545070,HPG
2013-03-01,1.29,1.31,1.28,1.28,735390,HPG
2013-03-04,1.28,1.28,1.19,1.19,1297130,HPG
2013-03-05,1.19,1.19,1.14,1.16,999030,HPG
2013-03-06,1.18,1.21,1.16,1.21,362260,HPG
2013-03-07,1.24,1.29,1.22,1.25,1439190,HPG
2013-03-08,1.27,1.28,1.26,1.27,291320,HPG
2013-03-11,1.27,1.31,1.26,1.31,753670,HPG
2013-03-12,1.31,1.35,1.31,1.35,2115490,HPG
2013-03-13,1.36,1.36,1.28,1.31,843440,HPG
2013-03-14,1.32,1.33,1.29,1.33,684690,HPG
2013-03-15,1.33,1.35,1.32,1.34,1045000,HPG
2013-03-18,1.33,1.33,1.32,1.32,479080,HPG
2013-03-19,1.32,1.33,1.31,1.33,412220,HPG
2013-03-20,1.33,1.36,1.32,1.34,497720,HPG
2013-03-21,1.35,1.37,1.35,1.35,1058440,HPG
2013-03-22,1.36,1.36,1.31,1.32,801770,HPG
2013-03-25,1.33,1.36,1.33,1.36,562130,HPG
2013-03-26,1.37,1.38,1.36,1.37,785020,HPG
2013-03-27,1.34,1.37,1.33,1.36,396110,HPG
2013-03-28,1.35,1.37,1.35,1.37,354830,HPG
2013-03-29,1.35,1.39,1.34,1.38,634930,HPG
2013-04-01,1.38,1.48,1.38,1.48,1521410,HPG
2013-04-02,1.49,1.55,1.49,1.52,1137660,HPG
2013-04-03,1.51,1.54,1.49,1.49,827910,HPG
2013-04-04,1.48,1.53,1.48,1.49,1217830,HPG
2013-04-05,1.49,1.55,1.48,1.53,479420,HPG
2013-04-08,1.55,1.56,1.52,1.52,420570,HPG
2013-04-09,1.52,1.55,1.51,1.52,476440,HPG
2013-04-10,1.52,1.54,1.44,1.44,925260,HPG
2013-04-11,1.44,1.48,1.44,1.45,962140,HPG
2013-04-12,1.45,1.47,1.42,1.45,773230,HPG
2013-04-15,1.45,1.45,1.41,1.42,753920,HPG
2013-04-16,1.4,1.44,1.37,1.43,576320,HPG
2013-04-17,1.43,1.44,1.42,1.43,410720,HPG
2013-04-18,1.39,1.42,1.38,1.39,589320,HPG
2013-04-22,1.38,1.39,1.37,1.38,241060,HPG
2013-04-23,1.38,1.41,1.38,1.41,345580,HPG
2013-04-24,1.39,1.45,1.39,1.42,475150,HPG
2013-04-25,1.41,1.45,1.41,1.45,206690,HPG
2013-04-26,1.45,1.47,1.45,1.46,344050,HPG
2013-05-02,1.45,1.51,1.45,1.49,496670,HPG
2013-05-03,1.5,1.53,1.49,1.52,405820,HPG
2013-05-06,1.52,1.54,1.52,1.54,285310,HPG
2013-05-07,1.55,1.55,1.51,1.52,315900,HPG
2013-05-08,1.53,1.54,1.52,1.54,294510,HPG
2013-05-09,1.54,1.61,1.54,1.6,637510,HPG
2013-05-10,1.6,1.65,1.6,1.63,425020,HPG
2013-05-13,1.63,1.64,1.6,1.61,119450,HPG
2013-05-14,1.6,1.6,1.55,1.55,551380,HPG
2013-05-15,1.57,1.63,1.56,1.62,301900,HPG
2013-05-16,1.62,1.64,1.61,1.62,405230,HPG
2013-05-17,1.63,1.63,1.6,1.6,300170,HPG
2013-05-20,1.62,1.66,1.6,1.66,600430,HPG
2013-05-21,1.66,1.71,1.66,1.67,787430,HPG
2013-05-22,1.69,1.69,1.66,1.67,288600,HPG
2013-05-23,1.67,1.67,1.65,1.65,786290,HPG
2013-05-24,1.64,1.69,1.64,1.67,984970,HPG
2013-05-27,1.68,1.72,1.68,1.72,833760,HPG
2013-05-28,1.72,1.74,1.72,1.73,1231890,HPG
2013-05-29,1.75,1.75,1.73,1.74,991200,HPG
2013-05-30,1.75,1.75,1.72,1.74,678770,HPG
2013-05-31,1.75,1.77,1.74,1.74,891050,HPG
2013-06-03,1.73,1.73,1.71,1.71,588640,HPG
2013-06-04,1.7,1.71,1.67,1.67,1291740,HPG
2013-06-05,1.67,1.69,1.67,1.69,607340,HPG
2013-06-06,1.69,1.7,1.68,1.7,339900,HPG
2013-06-07,1.7,1.71,1.69,1.7,313830,HPG
2013-06-10,1.7,1.71,1.67,1.69,584670,HPG
2013-06-11,1.68,1.69,1.67,1.67,778670,HPG
2013-06-12,1.66,1.66,1.62,1.62,1124980,HPG
2013-06-13,1.62,1.66,1.62,1.65,866200,HPG
2013-06-14,1.65,1.67,1.64,1.64,708000,HPG
2013-06-17,1.6,1.62,1.57,1.59,1372640,HPG
2013-06-18,1.58,1.6,1.57,1.59,904440,HPG
2013-06-19,1.57,1.6,1.57,1.58,937060,HPG
2013-06-20,1.57,1.58,1.56,1.56,933550,HPG
2013-06-21,1.54,1.54,1.5,1.5,3356060,HPG
2013-06-24,1.52,1.54,1.5,1.5,690350,HPG
2013-06-25,1.5,1.5,1.41,1.44,676880,HPG
2013-06-26,1.44,1.45,1.43,1.44,1136460,HPG
2013-06-27,1.45,1.52,1.44,1.52,478650,HPG
2013-06-28,1.53,1.54,1.49,1.5,483230,HPG
2013-07-01,1.49,1.49,1.46,1.47,216250,HPG
2013-07-02,1.46,1.51,1.46,1.51,191020,HPG
2013-07-03,1.51,1.52,1.5,1.5,359440,HPG
2013-07-04,1.5,1.51,1.47,1.47,368000,HPG
2013-07-05,1.49,1.51,1.48,1.49,581570,HPG
2013-07-08,1.49,1.49,1.46,1.47,601980,HPG
2013-07-09,1.45,1.48,1.45,1.47,102510,HPG
2013-07-10,1.47,1.48,1.47,1.47,220090,HPG
2013-07-11,1.47,1.47,1.46,1.46,318480,HPG
2013-07-12,1.46,1.53,1.46,1.53,544110,HPG
2013-07-15,1.58,1.59,1.56,1.57,768550,HPG
2013-07-16,1.57,1.59,1.56,1.56,443320,HPG
2013-07-17,1.56,1.57,1.55,1.56,240380,HPG
2013-07-18,1.56,1.62,1.56,1.61,871380,HPG
2013-07-19,1.61,1.63,1.61,1.63,596250,HPG
2013-07-22,1.65,1.65,1.61,1.63,660720,HPG
2013-07-23,1.64,1.68,1.64,1.67,809760,HPG
2013-07-24,1.67,1.67,1.62,1.64,954480,HPG
2013-07-25,1.64,1.65,1.61,1.61,542740,HPG
2013-07-26,1.61,1.62,1.6,1.61,530040,HPG
2013-07-29,1.6,1.61,1.57,1.57,351070,HPG
2013-07-30,1.56,1.62,1.56,1.62,220610,HPG
2013-07-31,1.62,1.62,1.6,1.61,246510,HPG
2013-08-01,1.59,1.62,1.59,1.61,269390,HPG
2013-08-02,1.62,1.63,1.61,1.62,240980,HPG
2013-08-05,1.61,1.63,1.61,1.63,123730,HPG
2013-08-06,1.64,1.64,1.62,1.63,320980,HPG
2013-08-07,1.64,1.7,1.63,1.67,649140,HPG
2013-08-08,1.69,1.7,1.66,1.67,382810,HPG
2013-08-09,1.68,1.68,1.65,1.66,373340,HPG
2013-08-12,1.66,1.67,1.66,1.66,179720,HPG
2013-08-13,1.66,1.69,1.65,1.67,187090,HPG
2013-08-14,1.66,1.68,1.66,1.68,192280,HPG
2013-08-15,1.68,1.72,1.68,1.71,704010,HPG
2013-08-16,1.7,1.74,1.7,1.73,704760,HPG
2013-08-19,1.73,1.76,1.73,1.73,725870,HPG
2013-08-20,1.73,1.75,1.72,1.73,617830,HPG
2013-08-21,1.73,1.75,1.72,1.75,554460,HPG
2013-08-22,1.75,1.75,1.71,1.71,725230,HPG
2013-08-23,1.71,1.72,1.67,1.7,919390,HPG
2013-08-26,1.7,1.7,1.67,1.7,359940,HPG
2013-08-27,1.7,1.71,1.69,1.7,185840,HPG
2013-08-28,1.67,1.68,1.62,1.64,685950,HPG
2013-08-29,1.63,1.64,1.61,1.62,626420,HPG
2013-08-30,1.62,1.66,1.61,1.66,258620,HPG
2013-09-03,1.69,1.69,1.67,1.68,214970,HPG
2013-09-04,1.68,1.68,1.64,1.64,287430,HPG
2013-09-05,1.63,1.67,1.63,1.67,152280,HPG
2013-09-06,1.66,1.73,1.65,1.73,361760,HPG
2013-09-09,1.73,1.73,1.68,1.7,323910,HPG
2013-09-10,1.7,1.75,1.7,1.74,518840,HPG
2013-09-11,1.76,1.8,1.75,1.8,622940,HPG
2013-09-12,1.8,1.83,1.8,1.82,411160,HPG
2013-09-13,1.82,1.82,1.79,1.8,319140,HPG
2013-09-16,1.81,1.81,1.78,1.81,314880,HPG
2013-09-17,1.81,1.82,1.8,1.81,350430,HPG
2013-09-18,1.81,1.82,1.8,1.8,383920,HPG
2013-09-19,1.8,1.81,1.8,1.8,213200,HPG
2013-09-20,1.81,1.81,1.79,1.81,645510,HPG
2013-09-23,1.81,1.92,1.8,1.92,914880,HPG
2013-09-24,1.92,1.93,1.9,1.9,414120,HPG
2013-09-25,1.88,1.92,1.87,1.87,357800,HPG
2013-09-26,1.87,1.92,1.85,1.91,1133560,HPG
2013-09-27,1.92,1.93,1.91,1.92,758940,HPG
2013-09-30,1.92,1.95,1.92,1.93,390270,HPG
2013-10-01,1.92,1.94,1.9,1.9,1341200,HPG
2013-10-02,1.9,1.92,1.9,1.91,395190,HPG
2013-10-03,1.9,1.91,1.89,1.9,451290,HPG
2013-10-04,1.89,1.94,1.88,1.93,643070,HPG
2013-10-07,1.93,2.01,1.92,1.99,912680,HPG
2013-10-08,1.99,2.01,1.98,2.0,544720,HPG
2013-10-09,1.98,2.0,1.98,1.98,665010,HPG
2013-10-10,1.98,1.99,1.95,1.96,675400,HPG
2013-10-11,1.97,1.98,1.96,1.97,655820,HPG
2013-10-14,1.97,1.98,1.97,1.98,232430,HPG
2013-10-15,1.98,2.0,1.98,1.99,342480,HPG
2013-10-16,1.99,1.99,1.98,1.98,436110,HPG
2013-10-17,1.98,2.0,1.98,1.98,238390,HPG
2013-10-18,1.98,1.98,1.97,1.98,303480,HPG
2013-10-21,1.98,1.99,1.98,1.98,360960,HPG
2013-10-22,1.98,2.0,1.98,1.98,504730,HPG
2013-10-23,2.0,2.02,1.99,2.02,706360,HPG
2013-10-24,2.03,2.04,2.02,2.02,689960,HPG
2013-10-25,2.03,2.03,2.01,2.02,271160,HPG
2013-10-28,2.02,2.02,2.01,2.01,393840,HPG
2013-10-29,1.99,2.01,1.97,2.01,363990,HPG
2013-10-30,2.01,2.02,2.0,2.01,250100,HPG
2013-10-31,2.0,2.06,2.0,2.04,565000,HPG
2013-11-01,2.06,2.06,2.04,2.04,216530,HPG
2013-11-04,2.04,2.05,2.03,2.05,180930,HPG
2013-11-05,2.05,2.06,2.03,2.05,186110,HPG
2013-11-06,2.05,2.08,2.05,2.08,302020,HPG
2013-11-07,2.08,2.09,2.08,2.09,458540,HPG
2013-11-08,2.09,2.1,2.08,2.09,188140,HPG
2013-11-11,2.1,2.12,2.09,2.12,142520,HPG
2013-11-12,2.11,2.12,2.09,2.1,529400,HPG
2013-11-13,2.09,2.09,2.07,2.08,353190,HPG
2013-11-14,2.09,2.19,2.08,2.19,296420,HPG
2013-11-15,2.19,2.19,2.14,2.17,324770,HPG
2013-11-18,2.18,2.19,2.15,2.18,260890,HPG
2013-11-19,2.18,2.19,2.16,2.16,252450,HPG
2013-11-20,2.18,2.2,2.16,2.2,705190,HPG
2013-11-21,2.18,2.19,2.17,2.17,457140,HPG
2013-11-22,2.18,2.18,2.16,2.17,202890,HPG
2013-11-25,2.17,2.2,2.17,2.18,512110,HPG
2013-11-26,2.18,2.22,2.18,2.22,541610,HPG
2013-11-27,2.2,2.24,2.2,2.21,145420,HPG
2013-11-28,2.21,2.21,2.17,2.21,106490,HPG
2013-11-29,2.22,2.22,2.21,2.21,257760,HPG
2013-12-02,2.22,2.23,2.21,2.21,80150,HPG
2013-12-03,2.2,2.22,2.2,2.22,157730,HPG
2013-12-04,2.21,2.22,2.21,2.21,215820,HPG
2013-12-05,2.2,2.21,2.18,2.19,251970,HPG
2013-12-06,2.19,2.2,2.18,2.19,186550,HPG
2013-12-09,2.17,2.18,2.14,2.15,515150,HPG
2013-12-10,2.16,2.16,2.14,2.15,374740,HPG
2013-12-11,2.14,2.16,2.13,2.14,225190,HPG
2013-12-12,2.12,2.15,2.12,2.13,219390,HPG
2013-12-13,2.13,2.13,2.09,2.09,404220,HPG
2013-12-16,2.09,2.2,2.09,2.1,566450,HPG
2013-12-17,2.1,2.15,2.1,2.14,50370,HPG
2013-12-18,2.13,2.15,2.13,2.14,196470,HPG
2013-12-19,2.16,2.17,2.14,2.16,212920,HPG
2013-12-20,2.17,2.17,2.13,2.14,2182440,HPG
2013-12-23,2.14,2.19,2.14,2.19,305860,HPG
2013-12-24,2.2,2.2,2.17,2.19,137460,HPG
2013-12-25,2.19,2.19,2.18,2.19,307630,HPG
2013-12-26,2.19,2.24,2.19,2.22,1290990,HPG
2013-12-27,2.22,2.27,2.22,2.25,894520,HPG
2013-12-30,2.25,2.29,2.25,2.25,436570,HPG
2013-12-31,2.25,2.29,2.25,2.26,425630,HPG
2014-01-02,2.28,2.28,2.25,2.26,276250,HPG
2014-01-03,2.26,2.29,2.25,2.29,476880,HPG
2014-01-06,2.31,2.33,2.28,2.32,452830,HPG
2014-01-07,2.33,2.35,2.32,2.32,282230,HPG
2014-01-08,2.31,2.34,2.31,2.33,357660,HPG
2014-01-09,2.33,2.37,2.33,2.37,600950,HPG
2014-01-10,2.37,2.42,2.37,2.37,296570,HPG
2014-01-13,2.38,2.39,2.37,2.38,161650,HPG
2014-01-14,2.38,2.48,2.37,2.47,851610,HPG
2014-01-15,2.47,2.54,2.47,2.53,510520,HPG
2014-01-16,2.55,2.61,2.54,2.61,640840,HPG
2014-01-17,2.64,2.77,2.63,2.77,1331750,HPG
2014-01-20,2.83,2.97,2.8,2.86,1169800,HPG
2014-01-21,2.88,2.97,2.74,2.97,703410,HPG
2014-01-22,2.91,2.91,2.77,2.77,790880,HPG
2014-01-23,2.64,2.69,2.59,2.59,829490,HPG
2014-01-24,2.59,2.59,2.53,2.55,979630,HPG
2014-01-27,2.53,2.55,2.48,2.51,694630,HPG
2014-02-06,2.48,2.68,2.48,2.66,641460,HPG
2014-02-07,2.69,2.69,2.6,2.62,780700,HPG
2014-02-10,2.63,2.65,2.6,2.63,405900,HPG
2014-02-11,2.64,2.74,2.62,2.62,811110,HPG
2014-02-12,2.63,2.7,2.62,2.69,559150,HPG
2014-02-13,2.69,2.71,2.68,2.7,395480,HPG
2014-02-14,2.7,2.71,2.65,2.67,290910,HPG
2014-02-17,2.66,2.66,2.63,2.64,464120,HPG
2014-02-18,2.64,2.68,2.63,2.66,366290,HPG
2014-02-19,2.68,2.69,2.65,2.65,293100,HPG
2014-02-20,2.65,2.65,2.55,2.58,580100,HPG
2014-02-21,2.6,2.64,2.53,2.61,317840,HPG
2014-02-24,2.61,2.68,2.61,2.67,450940,HPG
2014-02-25,2.68,2.86,2.67,2.86,1308480,HPG
2014-02-26,2.86,2.86,2.77,2.8,444670,HPG
2014-02-27,2.77,2.83,2.69,2.72,439900,HPG
2014-02-28,2.72,2.72,2.66,2.66,1159820,HPG
2014-03-03,2.66,2.7,2.66,2.66,430330,HPG
2014-03-04,2.61,2.66,2.61,2.63,475820,HPG
2014-03-05,2.69,2.69,2.66,2.66,380290,HPG
2014-03-06,2.67,2.7,2.66,2.69,429330,HPG
2014-03-07,2.71,2.71,2.67,2.67,200000,HPG
2014-03-10,2.68,2.69,2.66,2.68,247070,HPG
2014-03-11,2.69,2.75,2.68,2.74,579600,HPG
2014-03-12,2.75,2.91,2.75,2.83,1049760,HPG
2014-03-13,2.83,2.86,2.77,2.8,318840,HPG
2014-03-14,2.8,2.8,2.75,2.75,528450,HPG
2014-03-17,2.65,2.7,2.65,2.69,754600,HPG
2014-03-18,2.72,2.75,2.69,2.74,997020,HPG
2014-03-19,2.73,2.88,2.73,2.88,1845240,HPG
2014-03-20,2.88,2.88,2.83,2.86,1087390,HPG
2014-03-21,2.83,2.91,2.83,2.86,4092890,HPG
2014-03-24,2.91,2.94,2.88,2.91,1574040,HPG
2014-03-25,2.91,2.91,2.8,2.83,1402690,HPG
2014-03-26,2.83,2.88,2.77,2.83,1372940,HPG
2014-03-27,2.8,2.88,2.77,2.88,849750,HPG
2014-03-28,2.86,2.99,2.86,2.91,1812210,HPG
2014-03-31,2.94,2.94,2.86,2.91,935960,HPG
2014-04-01,2.91,2.91,2.83,2.86,551680,HPG
2014-04-02,2.86,2.88,2.8,2.86,962490,HPG
2014-04-03,2.88,2.91,2.83,2.88,280760,HPG
2014-04-04,2.91,3.05,2.88,3.05,2110670,HPG
2014-04-07,3.02,3.13,2.99,3.13,1562970,HPG
2014-04-08,3.08,3.13,3.08,3.1,437330,HPG
2014-04-10,3.1,3.13,3.08,3.13,572920,HPG
2014-04-11,3.1,3.13,3.08,3.08,554560,HPG
2014-04-14,3.13,3.16,3.08,3.13,717290,HPG
2014-04-15,3.1,3.13,2.94,2.99,1157870,HPG
2014-04-16,2.94,2.99,2.83,2.97,1123200,HPG
2014-04-17,2.99,3.02,2.94,2.97,436260,HPG
2014-04-18,2.97,2.99,2.83,2.86,785140,HPG
2014-04-21,2.86,2.91,2.8,2.86,314180,HPG
2014-04-22,2.88,3.05,2.88,3.05,766020,HPG
2014-04-23,3.05,3.08,2.99,3.05,592480,HPG
2014-04-24,3.12,3.12,3.08,3.08,356790,HPG
2014-04-25,3.09,3.22,3.08,3.22,737120,HPG
2014-04-28,3.22,3.23,3.18,3.2,355500,HPG
2014-04-29,3.18,3.23,3.16,3.23,245180,HPG
2014-05-05,3.21,3.23,3.1,3.14,441510,HPG
2014-05-06,3.13,3.13,2.95,3.11,486060,HPG
2014-05-07,3.09,3.12,3.03,3.07,309820,HPG
2014-05-08,2.99,2.99,2.86,2.86,2286010,HPG
2014-05-09,2.86,3.03,2.8,3.0,1666890,HPG
2014-05-12,2.95,2.95,2.83,2.86,618170,HPG
2014-05-13,2.86,2.91,2.82,2.88,383770,HPG
2014-05-14,2.88,3.08,2.88,3.05,895160,HPG
2014-05-15,3.05,3.1,2.89,3.04,842280,HPG
2014-05-16,3.05,3.06,2.97,3.06,274940,HPG
2014-05-19,3.06,3.19,3.05,3.19,661770,HPG
2014-05-20,3.18,3.19,3.15,3.16,377140,HPG
2014-05-21,3.16,3.18,3.12,3.15,597610,HPG
2014-05-22,3.15,3.21,3.12,3.18,814870,HPG
2014-05-23,3.25,3.34,3.23,3.31,656450,HPG
2014-05-26,3.28,3.34,3.25,3.31,292950,HPG
2014-05-27,3.31,3.34,3.21,3.31,501200,HPG
2014-05-28,3.31,3.41,3.31,3.38,798780,HPG
2014-05-29,3.34,3.34,3.23,3.31,542370,HPG
2014-05-30,3.28,3.38,3.28,3.31,592110,HPG
2014-06-02,3.28,3.34,3.28,3.31,272060,HPG
2014-06-03,3.31,3.34,3.25,3.31,139470,HPG
2014-06-04,3.31,3.31,3.18,3.18,221680,HPG
2014-06-05,3.18,3.24,3.16,3.16,124100,HPG
2014-06-06,3.16,3.25,3.16,3.25,89070,HPG
2014-06-09,3.25,3.31,3.24,3.31,241090,HPG
2014-06-10,3.31,3.31,3.25,3.25,174660,HPG
2014-06-11,3.19,3.28,3.19,3.25,272760,HPG
2014-06-12,3.25,3.25,3.21,3.24,338460,HPG
2014-06-13,3.22,3.44,3.22,3.38,1721510,HPG
2014-06-16,3.38,3.38,3.34,3.34,405150,HPG
2014-06-17,3.31,3.44,3.31,3.41,790000,HPG
2014-06-18,3.38,3.41,3.38,3.41,342110,HPG
2014-06-19,3.38,3.41,3.31,3.41,409260,HPG
2014-06-20,3.47,3.6,3.34,3.34,2649320,HPG
2014-06-23,3.44,3.47,3.41,3.47,455000,HPG
2014-06-24,3.47,3.51,3.38,3.47,399170,HPG
2014-06-25,3.44,3.51,3.44,3.47,563530,HPG
2014-06-26,3.47,3.54,3.44,3.47,717080,HPG
2014-06-27,3.47,3.51,3.44,3.47,358260,HPG
2014-06-30,3.44,3.51,3.44,3.51,658700,HPG
2014-07-01,3.51,3.54,3.47,3.51,662690,HPG
2014-07-02,3.47,3.51,3.44,3.47,380940,HPG
2014-07-03,3.51,3.57,3.47,3.57,2431870,HPG
2014-07-04,3.57,3.64,3.54,3.6,1912660,HPG
2014-07-07,3.57,3.6,3.54,3.57,918740,HPG
2014-07-08,3.54,3.57,3.51,3.57,675470,HPG
2014-07-09,3.57,3.64,3.54,3.6,993560,HPG
2014-07-10,3.57,3.6,3.51,3.57,820540,HPG
2014-07-11,3.51,3.57,3.51,3.57,757710,HPG
2014-07-14,3.57,3.67,3.57,3.64,1460240,HPG
2014-07-15,3.64,3.7,3.64,3.7,724190,HPG
2014-07-16,3.77,3.8,3.67,3.73,2845830,HPG
2014-07-17,3.7,3.77,3.7,3.77,725780,HPG
2014-07-18,3.73,3.77,3.7,3.77,955820,HPG
2014-07-21,3.73,3.8,3.73,3.73,1102450,HPG
2014-07-22,3.7,3.77,3.67,3.7,616180,HPG
2014-07-23,3.7,3.7,3.64,3.67,814880,HPG
2014-07-24,3.64,3.73,3.64,3.73,571810,HPG
2014-07-25,3.73,3.73,3.64,3.67,709010,HPG
2014-07-28,3.64,3.67,3.57,3.57,1013310,HPG
2014-07-29,3.57,3.6,3.54,3.57,469280,HPG
2014-07-30,3.6,3.6,3.57,3.57,386880,HPG
2014-07-31,3.6,3.73,3.6,3.73,1168010,HPG
2014-08-01,3.7,3.73,3.64,3.67,317120,HPG
2014-08-04,3.64,3.67,3.6,3.64,485240,HPG
2014-08-05,3.64,3.73,3.64,3.7,1542240,HPG
2014-08-06,3.7,3.73,3.67,3.7,220780,HPG
2014-08-07,3.67,3.7,3.64,3.67,627150,HPG
2014-08-08,3.67,3.67,3.6,3.64,634450,HPG
2014-08-11,3.6,3.67,3.6,3.64,425530,HPG
2014-08-12,3.64,3.67,3.6,3.6,379740,HPG
2014-08-13,3.6,3.7,3.57,3.7,1147610,HPG
2014-08-14,3.7,3.73,3.67,3.7,593010,HPG
2014-08-15,3.7,3.7,3.67,3.7,277720,HPG
2014-08-18,3.7,3.7,3.67,3.67,561160,HPG
2014-08-19,3.67,3.77,3.67,3.73,1572760,HPG
2014-08-20,3.73,3.77,3.7,3.73,595440,HPG
2014-08-21,3.7,3.8,3.7,3.8,1209960,HPG
2014-08-22,3.8,3.9,3.8,3.86,1727570,HPG
2014-08-25,3.86,3.93,3.83,3.9,1722740,HPG
2014-08-26,3.9,3.96,3.86,3.96,1316250,HPG
2014-08-27,3.96,3.99,3.86,3.9,1007110,HPG
2014-08-28,3.86,3.86,3.8,3.8,1431960,HPG
2014-08-29,3.83,3.86,3.77,3.77,989270,HPG
2014-09-03,3.8,3.86,3.8,3.86,1087640,HPG
2014-09-04,3.86,4.03,3.86,3.96,1783140,HPG
2014-09-05,3.93,3.96,3.9,3.96,471490,HPG
2014-09-08,3.96,3.99,3.93,3.96,912510,HPG
2014-09-09,3.9,3.93,3.77,3.83,1615550,HPG
2014-09-10,3.8,3.83,3.73,3.83,496070,HPG
2014-09-11,3.83,3.83,3.73,3.73,637720,HPG
2014-09-12,3.73,3.77,3.73,3.77,581170,HPG
2014-09-15,3.77,3.83,3.77,3.77,669190,HPG
2014-09-16,3.77,3.8,3.7,3.73,996270,HPG
2014-09-17,3.73,3.8,3.7,3.8,1078400,HPG
2014-09-18,3.8,3.8,3.73,3.77,807390,HPG
2014-09-19,3.7,3.77,3.64,3.64,1950450,HPG
2014-09-22,3.67,3.73,3.67,3.67,1018950,HPG
2014-09-23,3.64,3.77,3.64,3.73,713690,HPG
2014-09-24,3.73,3.8,3.7,3.8,842670,HPG
2014-09-25,3.77,3.8,3.7,3.8,535230,HPG
2014-09-26,3.77,3.8,3.77,3.77,240460,HPG
2014-09-29,3.77,3.8,3.73,3.77,216250,HPG
2014-09-30,3.73,3.8,3.73,3.73,640320,HPG
2014-10-01,3.77,3.8,3.73,3.77,563620,HPG
2014-10-02,3.8,3.83,3.77,3.83,445580,HPG
2014-10-03,3.86,3.86,3.83,3.83,414030,HPG
2014-10-06,3.8,3.83,3.73,3.73,838220,HPG
2014-10-07,3.77,3.77,3.73,3.73,485590,HPG
2014-10-08,3.73,3.83,3.73,3.83,907940,HPG
2014-10-09,3.83,3.86,3.8,3.8,799150,HPG
2014-10-10,3.77,3.86,3.77,3.8,437640,HPG
2014-10-13,3.8,3.8,3.73,3.8,805500,HPG
2014-10-14,3.8,3.8,3.67,3.67,1027190,HPG
2014-10-15,3.67,3.7,3.57,3.6,802020,HPG
2014-10-16,3.6,3.6,3.41,3.44,1505530,HPG
2014-10-17,3.47,3.51,3.34,3.47,1463780,HPG
2014-10-20,3.47,3.57,3.47,3.57,878530,HPG
2014-10-21,3.54,3.6,3.54,3.57,290660,HPG
2014-10-22,3.57,3.64,3.57,3.64,743530,HPG
2014-10-23,3.6,3.67,3.54,3.54,564550,HPG
2014-10-24,3.57,3.57,3.47,3.54,332940,HPG
2014-10-27,3.51,3.54,3.44,3.44,352360,HPG
2014-10-28,3.41,3.51,3.41,3.51,464930,HPG
2014-10-29,3.54,3.57,3.51,3.54,324890,HPG
2014-10-30,3.51,3.54,3.51,3.54,382610,HPG
2014-10-31,3.54,3.57,3.51,3.57,706290,HPG
2014-11-03,3.64,3.7,3.64,3.67,759020,HPG
2014-11-04,3.67,3.7,3.6,3.64,264000,HPG
2014-11-05,3.64,3.67,3.57,3.6,278880,HPG
2014-11-06,3.67,3.67,3.57,3.57,145210,HPG
2014-11-07,3.57,3.67,3.57,3.67,374310,HPG
2014-11-10,3.64,3.67,3.64,3.67,481250,HPG
2014-11-11,3.67,3.77,3.64,3.73,750900,HPG
2014-11-12,3.73,3.77,3.7,3.73,182330,HPG
2014-11-13,3.7,3.77,3.7,3.73,280040,HPG
2014-11-14,3.73,3.73,3.64,3.7,367940,HPG
2014-11-17,3.7,3.73,3.67,3.7,209400,HPG
2014-11-18,3.67,3.7,3.64,3.7,213320,HPG
2014-11-19,3.67,3.67,3.57,3.6,809030,HPG
2014-11-20,3.64,3.67,3.6,3.67,586140,HPG
2014-11-21,3.67,3.67,3.6,3.6,276110,HPG
2014-11-24,3.57,3.6,3.54,3.57,200420,HPG
2014-11-25,3.57,3.6,3.54,3.57,464830,HPG
2014-11-26,3.57,3.6,3.44,3.47,703040,HPG
2014-11-27,3.47,3.54,3.44,3.54,876480,HPG
2014-11-28,3.54,3.54,3.44,3.47,390620,HPG
2014-12-01,3.51,3.57,3.51,3.51,603620,HPG
2014-12-02,3.54,3.54,3.47,3.51,168670,HPG
2014-12-03,3.54,3.57,3.51,3.57,481290,HPG
2014-12-04,3.57,3.6,3.54,3.57,341620,HPG
2014-12-05,3.6,3.64,3.57,3.6,697150,HPG
2014-12-08,3.6,3.6,3.51,3.54,421550,HPG
2014-12-09,3.51,3.54,3.34,3.38,945890,HPG
2014-12-10,3.41,3.47,3.31,3.44,542440,HPG
2014-12-11,3.41,3.44,3.38,3.41,157820,HPG
2014-12-12,3.34,3.44,3.34,3.44,82360,HPG
2014-12-15,3.44,3.44,3.38,3.38,84760,HPG
2014-12-16,3.38,3.38,3.21,3.23,651220,HPG
2014-12-17,3.21,3.25,3.01,3.1,1517960,HPG
2014-12-18,3.12,3.18,3.12,3.14,538720,HPG
2014-12-19,3.14,3.18,3.13,3.14,555400,HPG
2014-12-22,3.16,3.34,3.16,3.34,398810,HPG
2014-12-23,3.38,3.41,3.31,3.34,464800,HPG
2014-12-24,3.38,3.38,3.34,3.34,187190,HPG
2014-12-25,3.31,3.34,3.28,3.31,188070,HPG
2014-12-26,3.31,3.31,3.23,3.25,273800,HPG
2014-12-29,3.25,3.41,3.25,3.34,414450,HPG
2014-12-30,3.34,3.41,3.31,3.41,385200,HPG
2014-12-31,3.41,3.44,3.41,3.44,685640,HPG
2015-01-05,3.44,3.51,3.41,3.44,207020,HPG
2015-01-06,3.38,3.47,3.38,3.47,260380,HPG
2015-01-07,3.47,3.51,3.44,3.44,232770,HPG
2015-01-08,3.44,3.47,3.41,3.44,107380,HPG
2015-01-09,3.44,3.51,3.41,3.51,409230,HPG
2015-01-12,3.47,3.57,3.47,3.51,695280,HPG
2015-01-13,3.47,3.51,3.47,3.51,77750,HPG
2015-01-14,3.47,3.51,3.41,3.51,229360,HPG
2015-01-15,3.47,3.54,3.47,3.51,199440,HPG
2015-01-16,3.47,3.47,3.44,3.44,220730,HPG
2015-01-19,3.44,3.47,3.41,3.41,293800,HPG
2015-01-20,3.41,3.44,3.38,3.44,146590,HPG
2015-01-21,3.44,3.47,3.41,3.47,628920,HPG
2015-01-22,3.47,3.47,3.41,3.44,258970,HPG
2015-01-23,3.44,3.44,3.31,3.34,1294880,HPG
2015-01-26,3.34,3.34,3.23,3.23,1167630,HPG
2015-01-27,3.28,3.31,3.24,3.28,1091760,HPG
2015-01-28,3.31,3.31,3.23,3.28,187910,HPG
2015-01-29,3.28,3.28,3.19,3.21,305240,HPG
2015-01-30,3.21,3.21,3.1,3.1,790190,HPG
2015-02-02,3.1,3.17,3.08,3.08,193890,HPG
2015-02-03,3.08,3.12,3.03,3.03,456170,HPG
2015-02-04,3.01,3.06,2.93,2.93,603690,HPG
2015-02-05,2.92,2.93,2.86,2.92,972680,HPG
2015-02-06,2.98,3.03,2.97,2.99,202240,HPG
2015-02-09,2.99,3.02,2.91,2.91,368440,HPG
2015-02-10,2.92,3.02,2.86,3.01,700570,HPG
2015-02-11,3.01,3.14,3.01,3.14,382460,HPG
2015-02-12,3.15,3.21,3.12,3.17,328920,HPG
2015-02-13,3.17,3.22,3.15,3.19,337680,HPG
2015-02-24,3.2,3.2,3.15,3.2,416880,HPG
2015-02-25,3.16,3.19,3.14,3.14,487940,HPG
2015-02-26,3.14,3.17,3.08,3.11,645750,HPG
2015-02-27,3.1,3.1,3.03,3.06,1111170,HPG
2015-03-02,3.03,3.06,2.99,3.0,635450,HPG
2015-03-03,3.01,3.07,3.01,3.06,670000,HPG
2015-03-04,3.06,3.08,3.05,3.06,324080,HPG
2015-03-05,3.06,3.1,3.06,3.07,752710,HPG
2015-03-06,3.07,3.07,3.05,3.06,296850,HPG
2015-03-09,3.08,3.18,3.08,3.16,1110350,HPG
2015-03-10,3.16,3.18,3.11,3.12,924780,HPG
2015-03-11,3.1,3.16,3.08,3.08,485870,HPG
2015-03-12,3.06,3.08,3.03,3.04,750130,HPG
2015-03-13,3.04,3.06,3.01,3.02,472400,HPG
2015-03-16,3.02,3.02,2.92,2.93,1037700,HPG
2015-03-17,2.93,2.98,2.92,2.92,640370,HPG
2015-03-18,2.94,2.95,2.88,2.9,1092640,HPG
2015-03-19,2.89,2.91,2.82,2.86,1270400,HPG
2015-03-20,2.86,3.01,2.84,3.01,2188020,HPG
2015-03-23,3.01,3.01,2.92,2.92,1140180,HPG
2015-03-24,2.89,2.91,2.86,2.88,804400,HPG
2015-03-25,2.86,2.89,2.85,2.86,765950,HPG
2015-03-26,2.85,2.89,2.84,2.85,498620,HPG
2015-03-27,2.85,2.88,2.84,2.85,253180,HPG
2015-03-30,2.86,2.88,2.84,2.86,685590,HPG
2015-03-31,2.86,2.88,2.86,2.86,668940,HPG
2015-04-01,2.86,2.9,2.85,2.86,573070,HPG
2015-04-02,2.86,2.87,2.84,2.86,450390,HPG
2015-04-03,2.87,2.93,2.86,2.92,1033520,HPG
2015-04-06,2.91,2.92,2.88,2.88,271760,HPG
2015-04-07,2.87,2.91,2.87,2.88,469470,HPG
2015-04-08,2.9,2.9,2.87,2.87,334680,HPG
2015-04-09,2.87,2.9,2.87,2.87,397900,HPG
2015-04-10,2.88,2.89,2.87,2.87,388880,HPG
2015-04-13,2.9,2.9,2.87,2.87,201090,HPG
2015-04-14,2.87,2.89,2.87,2.88,422120,HPG
2015-04-15,2.88,2.95,2.88,2.92,1231840,HPG
2015-04-16,2.93,2.96,2.92,2.92,725910,HPG
2015-04-17,2.9,3.02,2.9,2.96,982040,HPG
2015-04-20,2.95,2.96,2.92,2.93,375410,HPG
2015-04-21,2.93,2.93,2.92,2.93,424870,HPG
2015-04-22,2.93,2.99,2.93,2.93,639770,HPG
2015-04-23,2.93,2.95,2.88,2.89,485650,HPG
2015-04-24,2.9,2.9,2.89,2.89,371010,HPG
2015-04-27,2.92,2.95,2.86,2.86,394780,HPG
2015-05-04,2.9,2.9,2.79,2.81,1045680,HPG
2015-05-05,2.81,2.9,2.8,2.87,767180,HPG
2015-05-06,2.88,2.89,2.82,2.82,993740,HPG
2015-05-07,2.82,2.86,2.82,2.84,540380,HPG
2015-05-08,2.87,2.94,2.81,2.81,565420,HPG
2015-05-11,2.8,2.83,2.75,2.76,405070,HPG
2015-05-12,2.8,2.8,2.68,2.68,684210,HPG
2015-05-13,2.66,2.68,2.59,2.62,1291880,HPG
2015-05-14,2.6,2.67,2.59,2.67,734690,HPG
2015-05-15,2.67,2.67,2.6,2.6,554930,HPG
2015-05-18,2.55,2.59,2.47,2.47,1773500,HPG
2015-05-19,2.45,2.51,2.45,2.49,859380,HPG
2015-05-20,2.49,2.66,2.49,2.66,904140,HPG
2015-05-21,2.66,2.68,2.62,2.66,580790,HPG
2015-05-22,2.64,2.68,2.63,2.68,500280,HPG
2015-05-25,2.68,2.71,2.63,2.66,202540,HPG
2015-05-26,2.68,2.72,2.65,2.71,681280,HPG
2015-05-27,2.7,2.71,2.66,2.67,414100,HPG
2015-05-28,2.64,2.7,2.64,2.67,423170,HPG
2015-05-29,2.67,2.69,2.64,2.65,559300,HPG
2015-06-01,2.65,2.66,2.63,2.63,543570,HPG
2015-06-02,2.61,2.64,2.61,2.62,948500,HPG
2015-06-03,2.6,2.63,2.55,2.55,1464690,HPG
2015-06-04,2.55,2.58,2.55,2.56,1077090,HPG
2015-06-05,2.57,2.57,2.5,2.52,1935780,HPG
2015-06-08,2.54,2.6,2.54,2.59,917010,HPG
2015-06-09,2.59,2.77,2.58,2.69,2789760,HPG
2015-06-10,2.74,2.83,2.74,2.82,3194220,HPG
2015-06-11,2.88,2.91,2.84,2.87,1445080,HPG
2015-06-12,2.87,2.9,2.83,2.85,1333800,HPG
2015-06-15,2.85,2.87,2.83,2.86,1672040,HPG
2015-06-16,2.87,2.94,2.85,2.88,1806050,HPG
2015-06-17,2.86,2.87,2.82,2.83,1581070,HPG
2015-06-18,2.86,2.86,2.8,2.82,887580,HPG
2015-06-19,2.81,2.82,2.74,2.74,2592640,HPG
2015-06-22,2.78,2.78,2.75,2.77,524900,HPG
2015-06-23,2.76,2.84,2.76,2.81,801860,HPG
2015-06-24,2.78,2.81,2.77,2.78,1042290,HPG
2015-06-25,2.76,2.78,2.73,2.73,898180,HPG
2015-06-26,2.73,2.79,2.71,2.72,726400,HPG
2015-06-29,2.72,2.79,2.72,2.79,1060110,HPG
2015-06-30,2.78,2.88,2.77,2.88,3428620,HPG
2015-07-01,2.88,2.89,2.79,2.81,1078850,HPG
2015-07-02,2.81,2.86,2.79,2.85,925320,HPG
2015-07-03,2.86,2.89,2.85,2.86,1073110,HPG
2015-07-06,2.86,2.94,2.86,2.93,1864540,HPG
2015-07-07,2.93,3.06,2.89,3.0,2857450,HPG
2015-07-08,3.0,3.04,2.95,2.97,1753620,HPG
2015-07-09,2.95,2.96,2.9,2.91,1809260,HPG
2015-07-10,2.94,2.94,2.88,2.88,1348180,HPG
2015-07-13,2.89,2.93,2.85,2.86,1169610,HPG
2015-07-14,2.86,2.96,2.81,2.91,2295100,HPG
2015-07-15,2.92,2.93,2.85,2.85,931880,HPG
2015-07-16,2.84,2.96,2.82,2.95,1582160,HPG
2015-07-17,3.02,3.08,3.0,3.01,2675200,HPG
2015-07-20,3.0,3.04,2.95,3.04,1390780,HPG
2015-07-21,3.04,3.13,3.04,3.13,2696070,HPG
2015-07-22,3.14,3.34,3.14,3.34,5105670,HPG
2015-07-23,3.37,3.4,3.29,3.3,1600250,HPG
2015-07-24,3.3,3.48,3.3,3.45,3303290,HPG
2015-07-27,3.49,3.58,3.49,3.55,2415310,HPG
2015-07-28,3.55,3.58,3.42,3.42,2009060,HPG
2015-07-29,3.39,3.45,3.33,3.33,3073500,HPG
2015-07-30,3.32,3.4,3.31,3.35,1363300,HPG
2015-07-31,3.34,3.36,3.24,3.24,2290540,HPG
2015-08-03,3.19,3.28,3.14,3.24,2856040,HPG
2015-08-04,3.24,3.32,3.22,3.25,996510,HPG
2015-08-05,3.29,3.37,3.28,3.35,1060620,HPG
2015-08-06,3.36,3.36,3.3,3.31,998530,HPG
2015-08-07,3.33,3.42,3.31,3.4,2700970,HPG
2015-08-10,3.43,3.51,3.43,3.47,2228850,HPG
2015-08-11,3.49,3.49,3.42,3.44,1979760,HPG
2015-08-12,3.42,3.42,3.3,3.32,2887340,HPG
2015-08-13,3.3,3.32,3.2,3.26,2493440,HPG
2015-08-14,3.25,3.32,3.19,3.25,1829940,HPG
2015-08-17,3.27,3.27,3.16,3.16,1433820,HPG
2015-08-18,3.16,3.21,3.13,3.2,1422730,HPG
2015-08-19,3.18,3.19,3.11,3.17,1641650,HPG
2015-08-20,3.17,3.19,3.08,3.1,1210690,HPG
2015-08-21,3.04,3.04,2.93,3.01,2521210,HPG
2015-08-24,2.95,2.95,2.8,2.8,4405860,HPG
2015-08-25,2.75,2.99,2.75,2.99,2794310,HPG
2015-08-26,3.03,3.17,3.03,3.14,1892880,HPG
2015-08-27,3.14,3.18,3.1,3.12,2252900,HPG
2015-08-28,3.12,3.19,3.11,3.15,2353430,HPG
2015-08-31,3.14,3.14,3.09,3.1,1019870,HPG
2015-09-01,3.1,3.15,3.09,3.1,1450450,HPG
2015-09-03,3.09,3.09,2.97,3.0,1419780,HPG
2015-09-04,3.0,3.03,2.94,2.96,830070,HPG
2015-09-07,2.93,2.97,2.9,2.91,895920,HPG
2015-09-08,2.92,3.01,2.91,3.01,815360,HPG
2015-09-09,3.05,3.07,3.02,3.06,1426770,HPG
2015-09-10,3.02,3.06,2.99,3.03,697840,HPG
2015-09-11,3.02,3.03,2.96,2.96,880950,HPG
2015-09-14,2.96,2.98,2.9,2.92,594000,HPG
2015-09-15,2.91,2.93,2.9,2.91,480030,HPG
2015-09-16,2.92,2.96,2.91,2.96,356310,HPG
2015-09-17,2.97,3.03,2.97,2.99,608370,HPG
2015-09-18,3.04,3.08,3.03,3.07,1592720,HPG
2015-09-21,3.06,3.22,3.03,3.16,2153670,HPG
2015-09-22,3.16,3.19,3.14,3.17,786300,HPG
2015-09-23,3.14,3.17,3.12,3.15,1064130,HPG
2015-09-24,3.16,3.16,3.12,3.13,1011600,HPG
2015-09-25,3.11,3.13,3.09,3.1,506830,HPG
2015-09-28,3.09,3.11,3.01,3.01,1005260,HPG
2015-09-29,2.99,3.0,2.96,3.0,1006020,HPG
2015-09-30,3.01,3.06,3.01,3.03,554080,HPG
2015-10-01,3.03,3.06,3.03,3.06,304040,HPG
2015-10-02,3.06,3.12,3.06,3.09,795710,HPG
2015-10-05,3.08,3.13,3.07,3.13,1300420,HPG
2015-10-06,3.16,3.2,3.14,3.19,3208050,HPG
2015-10-07,3.2,3.2,3.13,3.14,1510940,HPG
2015-10-08,3.15,3.22,3.13,3.21,1920520,HPG
2015-10-09,3.23,3.27,3.2,3.23,1589230,HPG
2015-10-12,3.24,3.29,3.23,3.27,2015180,HPG
2015-10-13,3.25,3.26,3.23,3.23,903340,HPG
2015-10-14,3.23,3.25,3.22,3.22,1203260,HPG
2015-10-15,3.23,3.32,3.22,3.22,2543820,HPG
2015-10-16,3.24,3.27,3.18,3.19,2343410,HPG
2015-10-19,3.21,3.21,3.17,3.19,1717090,HPG
2015-10-20,3.19,3.19,3.12,3.13,1727880,HPG
2015-10-21,3.13,3.17,3.1,3.11,1133870,HPG
2015-10-22,3.1,3.14,3.1,3.13,881840,HPG
2015-10-23,3.19,3.19,3.15,3.17,1050300,HPG
2015-10-26,3.18,3.23,3.18,3.18,1371800,HPG
2015-10-27,3.18,3.19,3.15,3.16,837210,HPG
2015-10-28,3.16,3.17,3.13,3.13,986700,HPG
2015-10-29,3.14,3.17,3.13,3.14,1479150,HPG
2015-10-30,3.14,3.16,3.13,3.14,1046520,HPG
2015-11-02,3.14,3.14,3.09,3.11,1201140,HPG
2015-11-03,3.11,3.14,3.08,3.14,934900,HPG
2015-11-04,3.15,3.15,3.08,3.1,1137210,HPG
2015-11-05,3.1,3.12,3.09,3.09,651500,HPG
2015-11-06,3.09,3.12,3.07,3.09,925860,HPG
2015-11-09,3.07,3.1,3.06,3.06,555820,HPG
2015-11-10,3.06,3.07,3.03,3.04,674010,HPG
2015-11-11,3.04,3.05,3.02,3.02,730200,HPG
2015-11-12,3.02,3.03,2.97,3.0,1406120,HPG
2015-11-13,3.0,3.01,2.98,3.0,1306930,HPG
2015-11-16,3.01,3.01,2.95,2.95,1217400,HPG
2015-11-17,2.95,3.04,2.95,3.01,2014180,HPG
2015-11-18,3.02,3.03,2.99,3.0,596730,HPG
2015-11-19,3.0,3.0,2.97,2.97,436500,HPG
2015-11-20,2.96,3.0,2.95,2.98,812890,HPG
2015-11-23,2.99,3.02,2.99,3.01,966110,HPG
2015-11-24,3.01,3.03,3.0,3.0,1097160,HPG
2015-11-25,3.0,3.1,2.98,3.1,2194230,HPG
2015-11-26,3.13,3.19,3.11,3.16,2819750,HPG
2015-11-27,3.17,3.2,3.12,3.12,3387410,HPG
2015-11-30,3.09,3.09,3.03,3.04,1147460,HPG
2015-12-01,3.05,3.06,3.02,3.02,1041490,HPG
2015-12-02,3.02,3.06,3.02,3.05,1342220,HPG
2015-12-03,3.05,3.08,3.04,3.05,658700,HPG
2015-12-04,3.05,3.05,3.0,3.02,817290,HPG
2015-12-07,3.0,3.02,2.97,2.98,691540,HPG
2015-12-08,2.96,3.03,2.95,3.02,776960,HPG
2015-12-09,3.02,3.03,2.97,2.97,530540,HPG
2015-12-10,2.96,2.99,2.93,2.93,1068970,HPG
2015-12-11,2.94,2.98,2.93,2.97,849510,HPG
2015-12-14,3.09,3.09,3.05,3.05,1578990,HPG
2015-12-15,3.04,3.07,3.04,3.05,1399890,HPG
2015-12-16,3.06,3.06,3.04,3.04,754300,HPG
2015-12-17,3.04,3.05,3.02,3.03,644820,HPG
2015-12-18,3.03,3.06,3.01,3.03,9525010,HPG
2015-12-21,3.01,3.01,2.97,2.99,881460,HPG
2015-12-22,2.98,2.98,2.95,2.96,435510,HPG
2015-12-23,2.97,2.97,2.93,2.94,664920,HPG
2015-12-24,2.94,2.97,2.94,2.94,230640,HPG
2015-12-25,2.94,2.96,2.93,2.94,403760,HPG
2015-12-28,2.94,2.95,2.88,2.88,1002190,HPG
2015-12-29,2.89,2.9,2.86,2.88,466130,HPG
2015-12-30,2.91,2.94,2.89,2.92,652720,HPG
2015-12-31,2.92,2.92,2.88,2.91,390410,HPG
2016-01-04,2.9,2.92,2.87,2.87,404530,HPG
2016-01-05,2.86,2.88,2.84,2.84,628760,HPG
2016-01-06,2.84,2.89,2.84,2.89,658730,HPG
2016-01-07,2.85,2.86,2.8,2.81,1030130,HPG
2016-01-08,2.76,2.8,2.74,2.76,864290,HPG
2016-01-11,2.78,2.78,2.75,2.76,488320,HPG
2016-01-12,2.75,2.8,2.75,2.79,343540,HPG
2016-01-13,2.8,2.8,2.74,2.74,685150,HPG
2016-01-14,2.73,2.73,2.63,2.64,1479820,HPG
2016-01-15,2.64,2.65,2.52,2.54,2199370,HPG
2016-01-18,2.4,2.48,2.38,2.47,2898070,HPG
2016-01-19,2.48,2.54,2.47,2.51,2466700,HPG
2016-01-20,2.5,2.54,2.46,2.51,1989300,HPG
2016-01-21,2.47,2.54,2.47,2.54,2017340,HPG
2016-01-22,2.55,2.58,2.52,2.55,2755250,HPG
2016-01-25,2.59,2.72,2.59,2.71,1238860,HPG
2016-01-26,2.64,2.7,2.62,2.63,1299900,HPG
2016-01-27,2.66,2.69,2.65,2.67,1218350,HPG
2016-01-28,2.68,2.71,2.64,2.64,778140,HPG
2016-01-29,2.66,2.74,2.64,2.74,860030,HPG
2016-02-01,2.74,2.79,2.66,2.66,855840,HPG
2016-02-02,2.64,2.68,2.63,2.67,289590,HPG
2016-02-03,2.63,2.68,2.62,2.67,1232420,HPG
2016-02-04,2.68,2.7,2.68,2.69,177320,HPG
2016-02-05,2.69,2.71,2.67,2.69,155980,HPG
2016-02-15,2.69,2.69,2.59,2.63,1033620,HPG
2016-02-16,2.63,2.67,2.63,2.66,489920,HPG
2016-02-17,2.64,2.67,2.64,2.66,605330,HPG
2016-02-18,2.67,2.7,2.67,2.67,502930,HPG
2016-02-19,2.67,2.7,2.67,2.69,704540,HPG
2016-02-22,2.68,2.76,2.68,2.71,1091060,HPG
2016-02-23,2.78,2.78,2.71,2.71,807300,HPG
2016-02-24,2.71,2.72,2.67,2.71,669660,HPG
2016-02-25,2.72,2.78,2.71,2.72,941770,HPG
2016-02-26,2.73,2.83,2.72,2.83,1862030,HPG
2016-02-29,2.87,2.87,2.78,2.78,941320,HPG
2016-03-01,2.78,2.78,2.72,2.73,964040,HPG
2016-03-02,2.74,2.75,2.67,2.71,1616220,HPG
2016-03-03,2.73,2.74,2.69,2.69,737360,HPG
2016-03-04,2.7,2.76,2.68,2.74,758830,HPG
2016-03-07,2.75,2.8,2.74,2.77,2201530,HPG
2016-03-08,2.81,2.92,2.81,2.88,6767430,HPG
2016-03-09,2.89,2.94,2.84,2.84,2672170,HPG
2016-03-10,2.85,2.86,2.83,2.85,1245540,HPG
2016-03-11,2.86,2.9,2.84,2.87,2144310,HPG
2016-03-14,2.89,3.01,2.89,2.99,3870560,HPG
2016-03-15,3.01,3.04,2.96,2.99,2696450,HPG
2016-03-16,3.01,3.01,2.97,2.98,1634300,HPG
2016-03-17,3.01,3.03,2.98,2.99,2100490,HPG
2016-03-18,3.0,3.0,2.96,2.96,2584200,HPG
2016-03-21,2.98,3.02,2.97,2.97,1512420,HPG
2016-03-22,2.98,2.98,2.94,2.94,1602960,HPG
2016-03-23,2.92,2.96,2.9,2.92,1576220,HPG
2016-03-24,2.91,2.95,2.87,2.87,1758820,HPG
2016-03-25,2.87,2.91,2.86,2.89,1704310,HPG
2016-03-28,2.9,2.98,2.9,2.98,1174990,HPG
2016-03-29,2.99,3.03,2.97,2.97,2044410,HPG
2016-03-30,2.96,2.98,2.94,2.94,1579390,HPG
2016-03-31,2.94,3.01,2.93,2.94,2460570,HPG
2016-04-01,2.94,2.95,2.87,2.89,1523320,HPG
2016-04-04,2.89,2.94,2.88,2.91,986480,HPG
2016-04-05,2.91,2.93,2.9,2.92,536800,HPG
2016-04-06,2.92,3.01,2.92,3.01,1954970,HPG
2016-04-07,3.03,3.06,3.0,3.0,2701300,HPG
2016-04-08,3.0,3.1,2.99,3.07,7079970,HPG
2016-04-11,3.1,3.16,3.1,3.14,5057970,HPG
2016-04-12,3.14,3.17,3.13,3.16,2850420,HPG
2016-04-13,3.16,3.16,3.08,3.1,3106110,HPG
2016-04-14,3.1,3.17,3.1,3.13,2142460,HPG
2016-04-15,3.15,3.18,3.12,3.12,2734540,HPG
2016-04-19,3.13,3.13,3.08,3.08,3047720,HPG
2016-04-20,3.11,3.14,3.07,3.11,2813360,HPG
2016-04-21,3.13,3.19,3.13,3.14,3670790,HPG
2016-04-22,3.15,3.27,3.14,3.26,4327260,HPG
2016-04-25,3.29,3.34,3.28,3.29,3046090,HPG
2016-04-26,3.27,3.33,3.24,3.29,3019430,HPG
2016-04-27,3.29,3.29,3.23,3.26,2321780,HPG
2016-04-28,3.25,3.27,3.21,3.24,1669040,HPG
2016-04-29,3.23,3.34,3.23,3.34,3455190,HPG
2016-05-04,3.38,3.53,3.37,3.49,6404100,HPG
2016-05-05,3.5,3.67,3.44,3.49,7908200,HPG
2016-05-06,3.45,3.48,3.38,3.39,4098640,HPG
2016-05-09,3.43,3.46,3.38,3.38,3455700,HPG
2016-05-10,3.34,3.39,3.32,3.34,4939730,HPG
2016-05-11,3.39,3.44,3.38,3.44,2497620,HPG
2016-05-12,3.45,3.46,3.39,3.39,1742800,HPG
2016-05-13,3.37,3.38,3.3,3.32,3860220,HPG
2016-05-16,3.31,3.32,3.28,3.31,2259110,HPG
2016-05-17,3.32,3.37,3.32,3.35,1339920,HPG
2016-05-18,3.36,3.36,3.3,3.3,1773380,HPG
2016-05-19,3.3,3.35,3.29,3.31,1726020,HPG
2016-05-20,3.31,3.32,3.29,3.31,1426750,HPG
2016-05-23,3.31,3.38,3.3,3.36,1149830,HPG
2016-05-24,3.35,3.4,3.34,3.36,1526440,HPG
2016-05-25,3.37,3.41,3.35,3.36,1842560,HPG
2016-05-26,3.35,3.37,3.31,3.31,1851110,HPG
2016-05-27,3.3,3.34,3.29,3.32,1594940,HPG
2016-05-30,3.33,3.39,3.33,3.37,3173180,HPG
2016-05-31,3.39,3.41,3.36,3.37,3495250,HPG
2016-06-01,3.37,3.48,3.35,3.43,5684250,HPG
2016-06-02,3.43,3.52,3.41,3.51,5218950,HPG
2016-06-03,3.55,3.58,3.52,3.55,6462490,HPG
2016-06-06,3.57,3.66,3.52,3.53,7411920,HPG
2016-06-07,3.54,3.62,3.54,3.62,3047640,HPG
2016-06-08,3.66,3.73,3.64,3.68,3724890,HPG
2016-06-09,3.71,3.71,3.64,3.66,2965630,HPG
2016-06-10,3.67,3.74,3.66,3.69,2439340,HPG
2016-06-13,3.68,3.68,3.62,3.64,2928110,HPG
2016-06-14,3.63,3.78,3.61,3.78,3443200,HPG
2016-06-15,3.78,3.86,3.75,3.79,2129160,HPG
2016-06-16,3.79,3.86,3.79,3.8,2814140,HPG
2016-06-17,3.78,3.82,3.73,3.73,5659440,HPG
2016-06-20,3.79,3.83,3.76,3.83,1648120,HPG
2016-06-21,3.87,3.96,3.87,3.91,3610830,HPG
2016-06-22,3.91,3.98,3.89,3.95,2285990,HPG
2016-06-23,3.94,4.02,3.94,4.0,4020040,HPG
2016-06-24,3.98,3.99,3.72,3.87,12178690,HPG
2016-06-27,3.82,3.89,3.76,3.89,3206680,HPG
2016-06-28,3.85,3.92,3.84,3.86,1830580,HPG
2016-06-29,3.87,3.96,3.86,3.92,4457030,HPG
2016-06-30,3.97,4.02,3.94,3.95,3438530,HPG
2016-07-01,3.97,4.03,3.96,3.97,5658560,HPG
2016-07-04,3.99,4.01,3.96,3.98,4158970,HPG
2016-07-05,4.02,4.07,4.0,4.01,4927570,HPG
2016-07-06,4.0,4.09,3.97,4.09,4957280,HPG
2016-07-07,4.18,4.29,4.14,4.27,3680720,HPG
2016-07-08,4.29,4.31,4.18,4.26,5754320,HPG
2016-07-11,4.26,4.28,4.04,4.04,5163140,HPG
2016-07-12,4.07,4.13,4.01,4.1,5547040,HPG
2016-07-13,4.14,4.19,4.14,4.15,3746150,HPG
2016-07-14,4.16,4.17,4.01,4.01,5141750,HPG
2016-07-15,4.0,4.06,3.92,4.05,3726150,HPG
2016-07-18,4.05,4.27,4.04,4.22,5985260,HPG
2016-07-19,4.29,4.29,4.09,4.19,4442630,HPG
2016-07-20,4.18,4.21,4.1,4.1,2728420,HPG
2016-07-21,4.11,4.17,4.09,4.11,2884960,HPG
2016-07-22,4.09,4.09,3.89,4.01,5190610,HPG
2016-07-25,4.05,4.12,4.0,4.08,3766690,HPG
2016-07-26,4.08,4.22,4.06,4.22,4989480,HPG
2016-07-27,4.29,4.33,4.23,4.31,7309600,HPG
2016-07-28,4.32,4.47,4.32,4.45,5902350,HPG
2016-07-29,4.46,4.47,4.39,4.44,6189170,HPG
2016-08-01,4.45,4.45,4.34,4.4,4652710,HPG
2016-08-02,4.35,4.37,4.26,4.26,6370060,HPG
2016-08-03,4.24,4.31,4.23,4.31,3050500,HPG
2016-08-04,4.35,4.36,4.25,4.25,3081510,HPG
2016-08-05,4.24,4.3,4.21,4.3,4794470,HPG
2016-08-08,4.31,4.34,4.26,4.27,1978940,HPG
2016-08-09,4.26,4.32,4.26,4.32,2351520,HPG
2016-08-10,4.34,4.59,4.34,4.52,5703740,HPG
2016-08-11,4.52,4.61,4.52,4.59,3931110,HPG
2016-08-12,4.68,4.7,4.56,4.57,4563390,HPG
2016-08-15,4.57,4.62,4.55,4.62,4573000,HPG
2016-08-16,4.65,4.74,4.64,4.68,3597400,HPG
2016-08-17,4.69,4.88,4.69,4.84,4700970,HPG
2016-08-18,4.89,4.95,4.84,4.86,4116040,HPG
2016-08-19,4.87,4.9,4.8,4.8,3656710,HPG
2016-08-22,4.79,4.85,4.78,4.83,2748960,HPG
2016-08-23,4.82,4.91,4.82,4.91,3521490,HPG
2016-08-24,4.95,5.03,4.87,4.88,5811280,HPG
2016-08-25,5.01,5.09,4.99,5.09,5867250,HPG
2016-08-26,5.09,5.1,5.03,5.04,2303950,HPG
2016-08-29,5.03,5.05,4.91,4.91,4916380,HPG
2016-08-30,4.87,4.97,4.84,4.95,3069560,HPG
2016-08-31,5.0,5.07,4.99,5.06,3023220,HPG
2016-09-01,5.06,5.06,4.99,5.01,2283700,HPG
2016-09-05,5.04,5.05,4.95,4.97,3626000,HPG
2016-09-06,4.99,5.05,4.98,5.0,3353490,HPG
2016-09-07,5.0,5.2,4.95,5.2,4529030,HPG
2016-09-08,5.2,5.35,5.16,5.31,5541710,HPG
2016-09-09,5.31,5.32,5.22,5.24,2978500,HPG
2016-09-12,5.19,5.19,5.08,5.09,3209760,HPG
2016-09-13,5.09,5.22,5.09,5.17,3410530,HPG
2016-09-14,5.13,5.2,5.13,5.16,1433230,HPG
2016-09-15,5.13,5.26,5.13,5.23,3018930,HPG
2016-09-16,5.23,5.29,5.21,5.26,9026300,HPG
2016-09-19,5.32,5.43,5.31,5.39,4311630,HPG
2016-09-20,5.36,5.4,5.32,5.37,3028200,HPG
2016-09-21,5.37,5.46,5.32,5.39,2996420,HPG
2016-09-22,5.45,5.52,5.4,5.46,4309820,HPG
2016-09-23,5.46,5.49,5.43,5.43,3065270,HPG
2016-09-26,5.42,5.47,5.34,5.43,2874560,HPG
2016-09-27,5.43,5.48,5.42,5.47,3471140,HPG
2016-09-28,5.5,5.56,5.47,5.52,3327970,HPG
2016-09-29,5.52,5.56,5.46,5.49,3445480,HPG
2016-09-30,5.45,5.5,5.39,5.4,7055060,HPG
2016-10-03,5.4,5.44,5.26,5.26,6696480,HPG
2016-10-04,5.23,5.3,5.1,5.2,12594180,HPG
2016-10-05,5.2,5.23,5.15,5.16,4993350,HPG
2016-10-06,5.14,5.17,5.03,5.07,5642520,HPG
2016-10-07,5.07,5.12,4.79,4.86,12092340,HPG
2016-10-10,4.85,4.86,4.64,4.64,5932030,HPG
2016-10-11,4.65,4.95,4.65,4.95,8816090,HPG
2016-10-12,4.99,5.04,4.8,4.82,6287140,HPG
2016-10-13,4.75,4.91,4.69,4.88,4735200,HPG
2016-10-14,4.85,4.93,4.78,4.78,4372760,HPG
2016-10-17,4.75,4.82,4.71,4.71,2726800,HPG
2016-10-18,4.68,4.82,4.68,4.81,3936870,HPG
2016-10-19,4.85,4.95,4.82,4.88,3624200,HPG
2016-10-20,4.9,4.92,4.84,4.87,1596170,HPG
2016-10-21,4.86,4.9,4.84,4.85,2218550,HPG
2016-10-24,4.85,4.87,4.75,4.75,2876450,HPG
2016-10-25,4.75,4.77,4.64,4.68,3373480,HPG
2016-10-26,4.68,4.72,4.62,4.68,2550830,HPG
2016-10-27,4.68,4.7,4.64,4.68,1633800,HPG
2016-10-28,4.68,4.86,4.68,4.82,3415950,HPG
2016-10-31,4.86,4.86,4.75,4.82,2216260,HPG
2016-11-01,4.79,4.87,4.78,4.78,1519710,HPG
2016-11-02,4.78,4.78,4.67,4.67,2809280,HPG
2016-11-03,4.67,4.67,4.59,4.65,3416740,HPG
2016-11-04,4.67,4.71,4.66,4.68,1521270,HPG
2016-11-07,4.72,4.87,4.69,4.86,4122990,HPG
2016-11-08,4.88,4.94,4.87,4.91,4669020,HPG
2016-11-09,4.91,4.91,4.67,4.84,9411610,HPG
2016-11-10,4.94,4.95,4.9,4.91,3802720,HPG
2016-11-11,4.87,4.9,4.82,4.84,3408550,HPG
2016-11-14,4.82,4.9,4.82,4.87,3990070,HPG
2016-11-15,4.87,5.0,4.87,4.97,4588760,HPG
2016-11-16,4.97,5.04,4.95,4.98,4225640,HPG
2016-11-17,4.97,5.02,4.93,4.94,3054490,HPG
2016-11-18,4.93,4.97,4.87,4.88,3101710,HPG
2016-11-21,4.9,4.97,4.86,4.97,3303700,HPG
2016-11-22,5.01,5.02,4.94,4.95,3014150,HPG
2016-11-23,4.95,5.0,4.92,4.93,2206150,HPG
2016-11-24,4.94,5.0,4.92,4.93,2522970,HPG
2016-11-25,4.97,4.99,4.92,4.94,3239970,HPG
2016-11-28,4.93,4.94,4.79,4.81,3054300,HPG
2016-11-29,4.81,4.84,4.75,4.77,2916960,HPG
2016-11-30,4.76,5.03,4.75,4.98,6140310,HPG
2016-12-01,5.0,5.03,4.94,4.94,4391230,HPG
2016-12-02,4.95,5.01,4.94,4.99,4769370,HPG
2016-12-05,5.0,5.09,4.99,5.01,6102780,HPG
2016-12-06,5.03,5.04,4.8,4.84,4956320,HPG
2016-12-07,4.84,4.9,4.82,4.83,2987910,HPG
2016-12-08,4.84,4.9,4.83,4.84,1912140,HPG
2016-12-09,4.84,4.89,4.82,4.84,2565360,HPG
2016-12-12,4.83,4.84,4.79,4.81,2412750,HPG
2016-12-13,4.81,4.83,4.77,4.8,2687280,HPG
2016-12-14,4.8,4.94,4.8,4.93,2633270,HPG
2016-12-15,4.92,4.93,4.86,4.88,1830580,HPG
2016-12-16,4.87,4.98,4.87,4.94,3688380,HPG
2016-12-19,4.94,4.98,4.89,4.91,2430260,HPG
2016-12-20,4.91,4.94,4.88,4.88,1312730,HPG
2016-12-21,4.91,4.98,4.9,4.95,2405340,HPG
2016-12-22,4.98,5.11,4.97,5.03,6126040,HPG
2016-12-23,5.03,5.11,4.98,5.08,4268440,HPG
2016-12-26,5.13,5.19,5.12,5.18,3826190,HPG
2016-12-27,5.18,5.19,5.1,5.1,3831250,HPG
2016-12-28,5.11,5.17,5.1,5.16,3467160,HPG
2016-12-29,5.14,5.16,5.11,5.11,2021280,HPG
2016-12-30,5.11,5.14,5.1,5.1,1969290,HPG
2017-01-03,5.12,5.22,5.11,5.2,3044660,HPG
2017-01-04,5.24,5.26,5.19,5.2,2346300,HPG
2017-01-05,5.21,5.24,5.2,5.22,3018500,HPG
2017-01-06,5.23,5.26,5.11,5.13,4204960,HPG
2017-01-09,5.14,5.16,5.08,5.1,2617980,HPG
2017-01-10,5.11,5.22,5.11,5.19,2985620,HPG
2017-01-11,5.19,5.2,5.14,5.2,1669830,HPG
2017-01-12,5.23,5.23,5.16,5.16,1816920,HPG
2017-01-13,5.14,5.16,5.11,5.11,2579390,HPG
2017-01-16,5.1,5.12,4.97,4.97,4140650,HPG
2017-01-17,4.97,5.02,4.94,4.97,2562530,HPG
2017-01-18,4.97,5.0,4.92,4.92,2807280,HPG
2017-01-19,4.88,4.95,4.88,4.9,1908870,HPG
2017-01-20,4.91,5.01,4.91,4.99,1186610,HPG
2017-01-23,4.98,5.03,4.97,4.97,1195100,HPG
2017-01-24,4.99,4.99,4.96,4.97,1167800,HPG
2017-01-25,4.97,5.03,4.97,5.0,907340,HPG
2017-02-02,5.03,5.05,4.99,5.05,1714550,HPG
2017-02-03,5.22,5.26,5.11,5.11,5400770,HPG
2017-02-06,5.14,5.22,5.11,5.22,4596640,HPG
2017-02-07,5.23,5.33,5.23,5.27,8714000,HPG
2017-02-08,5.3,5.3,5.24,5.28,3232800,HPG
2017-02-09,5.31,5.34,5.26,5.27,5763710,HPG
2017-02-10,5.26,5.31,5.24,5.24,4005140,HPG
2017-02-13,5.26,5.31,5.26,5.29,2291640,HPG
2017-02-14,5.32,5.38,5.3,5.33,4524800,HPG
2017-02-15,5.33,5.37,5.3,5.34,3767830,HPG
2017-02-16,5.36,5.36,5.29,5.29,4491020,HPG
2017-02-17,5.26,5.27,5.18,5.24,5439270,HPG
2017-02-20,5.06,5.07,4.92,4.97,13251990,HPG
2017-02-21,4.95,5.01,4.93,5.0,4324840,HPG
2017-02-22,4.99,5.01,4.73,4.75,7920920,HPG
2017-02-23,4.75,4.84,4.74,4.8,4527400,HPG
2017-02-24,4.79,4.82,4.74,4.78,2402300,HPG
2017-02-27,4.78,4.78,4.71,4.76,3949350,HPG
2017-02-28,4.79,4.81,4.73,4.73,2358760,HPG
2017-03-01,4.72,4.85,4.66,4.84,3802640,HPG
2017-03-02,4.86,4.97,4.84,4.97,7913230,HPG
2017-03-03,4.97,4.97,4.85,4.85,1779190,HPG
2017-03-06,4.85,4.91,4.82,4.87,2560640,HPG
2017-03-07,4.9,4.91,4.86,4.87,1917450,HPG
2017-03-08,4.87,4.88,4.86,4.88,2014690,HPG
2017-03-09,4.88,4.98,4.88,4.97,4294340,HPG
2017-03-10,4.97,5.09,4.96,4.98,6007990,HPG
2017-03-13,4.98,4.99,4.94,4.98,1984280,HPG
2017-03-14,4.99,4.99,4.97,4.97,1597180,HPG
2017-03-15,4.97,4.97,4.9,4.91,2582180,HPG
2017-03-16,4.94,4.95,4.93,4.94,988750,HPG
2017-03-17,4.95,4.98,4.88,4.88,4447530,HPG
2017-03-20,4.94,4.96,4.92,4.95,958720,HPG
2017-03-21,5.03,5.07,5.01,5.07,3582260,HPG
2017-03-22,5.09,5.1,5.0,5.01,2598780,HPG
2017-03-23,5.03,5.07,5.01,5.06,2599800,HPG
2017-03-24,5.09,5.1,5.06,5.09,2938830,HPG
2017-03-27,5.12,5.13,5.08,5.09,3248280,HPG
2017-03-28,5.09,5.11,5.04,5.08,2948930,HPG
2017-03-29,5.09,5.16,5.07,5.13,5883840,HPG
2017-03-30,5.29,5.38,5.23,5.31,8091460,HPG
2017-03-31,5.32,5.46,5.32,5.42,3390840,HPG
2017-04-03,5.45,5.68,5.44,5.67,4490760,HPG
2017-04-04,5.68,5.91,5.67,5.73,7700040,HPG
2017-04-05,5.68,5.68,5.57,5.58,4587810,HPG
2017-04-07,5.55,5.68,5.51,5.65,4327880,HPG
2017-04-10,5.68,5.68,5.61,5.67,4318150,HPG
2017-04-11,5.68,5.68,5.63,5.66,3139100,HPG
2017-04-12,5.64,5.65,5.57,5.61,4231190,HPG
2017-04-13,5.59,5.63,5.57,5.59,3009260,HPG
2017-04-14,5.54,5.58,5.41,5.48,3510790,HPG
2017-04-17,5.49,5.51,5.38,5.41,4472670,HPG
2017-04-18,5.44,5.45,5.33,5.37,5291790,HPG
2017-04-19,5.4,5.5,5.37,5.49,4167070,HPG
2017-04-20,5.49,5.5,5.4,5.4,2167010,HPG
2017-04-21,5.39,5.44,5.36,5.4,1963090,HPG
2017-04-24,5.41,5.42,5.3,5.33,2528340,HPG
2017-04-25,5.32,5.36,5.26,5.29,3193390,HPG
2017-04-26,5.27,5.27,5.09,5.18,4574520,HPG
2017-04-27,5.2,5.27,5.09,5.23,6407120,HPG
2017-04-28,5.18,5.22,5.17,5.21,7712150,HPG
2017-05-03,5.21,5.23,5.16,5.16,2315880,HPG
2017-05-04,5.17,5.21,5.16,5.18,2558020,HPG
2017-05-05,5.18,5.2,5.18,5.18,2495480,HPG
2017-05-08,5.18,5.2,5.16,5.17,3316640,HPG
2017-05-09,5.19,5.29,5.16,5.27,4265190,HPG
2017-05-10,5.32,5.37,5.3,5.32,3910870,HPG
2017-05-11,5.34,5.39,5.34,5.35,3986120,HPG
2017-05-12,5.35,5.36,5.23,5.27,3027090,HPG
2017-05-15,5.27,5.28,5.22,5.23,3426170,HPG
2017-05-16,5.23,5.24,5.14,5.14,5684020,HPG
2017-05-17,5.14,5.21,5.14,5.15,2510930,HPG
2017-05-18,5.14,5.18,5.06,5.06,3916890,HPG
2017-05-19,5.09,5.11,5.04,5.09,2576500,HPG
2017-05-22,5.09,5.2,5.09,5.13,2366700,HPG
2017-05-23,5.16,5.16,5.13,5.15,3362870,HPG
2017-05-24,5.14,5.22,5.14,5.21,3289470,HPG
2017-05-25,5.21,5.26,5.19,5.21,2081150,HPG
2017-05-26,5.2,5.21,5.16,5.18,1846100,HPG
2017-05-29,5.2,5.3,5.2,5.29,4611820,HPG
2017-05-30,5.29,5.29,5.21,5.21,3388780,HPG
2017-05-31,5.2,5.48,5.2,5.39,8341190,HPG
2017-06-01,5.45,5.45,5.35,5.37,3916570,HPG
2017-06-02,5.37,5.38,5.29,5.32,3559100,HPG
2017-06-05,5.32,5.37,5.29,5.31,4605780,HPG
2017-06-06,5.3,5.41,5.29,5.41,7122100,HPG
2017-06-07,5.44,5.59,5.44,5.57,8211260,HPG
2017-06-08,5.59,5.62,5.53,5.59,5384820,HPG
2017-06-09,5.58,5.62,5.55,5.58,3949410,HPG
2017-06-12,5.56,5.57,5.46,5.48,4399880,HPG
2017-06-13,5.46,5.57,5.45,5.57,3739790,HPG
2017-06-14,5.6,5.63,5.56,5.61,4805780,HPG
2017-06-15,5.61,5.78,5.61,5.75,11733730,HPG
2017-06-16,5.99,6.01,5.81,5.84,9519180,HPG
2017-06-19,5.87,5.89,5.76,5.78,4579560,HPG
2017-06-20,5.76,5.85,5.76,5.85,3360510,HPG
2017-06-21,5.84,5.84,5.75,5.8,3868940,HPG
2017-06-22,5.79,5.84,5.78,5.83,2123300,HPG
2017-06-23,5.84,5.84,5.78,5.84,3030110,HPG
2017-06-26,5.82,5.86,5.79,5.84,2511280,HPG
2017-06-27,5.84,5.84,5.8,5.81,2673780,HPG
2017-06-28,5.81,5.83,5.79,5.82,1958450,HPG
2017-06-29,5.81,5.96,5.81,5.9,4514140,HPG
2017-06-30,5.95,6.06,5.91,6.06,7332030,HPG
2017-07-03,6.06,6.44,6.06,6.25,7979110,HPG
2017-07-04,6.25,6.36,6.22,6.25,4802760,HPG
2017-07-05,6.3,6.3,6.2,6.23,3003200,HPG
2017-07-06,6.25,6.35,6.23,6.31,5624250,HPG
2017-07-07,6.35,6.36,6.24,6.25,5284990,HPG
2017-07-10,6.25,6.31,6.24,6.27,5380960,HPG
2017-07-11,6.29,6.29,6.1,6.23,5710870,HPG
2017-07-12,6.25,6.29,6.2,6.25,3529680,HPG
2017-07-13,6.26,6.37,6.23,6.37,2996090,HPG
2017-07-14,6.43,6.53,6.38,6.38,3809400,HPG
2017-07-17,6.39,6.39,6.16,6.22,5055550,HPG
2017-07-18,6.02,6.09,5.97,6.07,7643890,HPG
2017-07-19,6.07,6.13,6.02,6.02,3961970,HPG
2017-07-20,5.95,6.02,5.84,6.0,5852240,HPG
2017-07-21,5.98,6.01,5.93,5.95,4577090,HPG
2017-07-24,5.9,6.02,5.89,5.99,3045580,HPG
2017-07-25,5.96,6.1,5.96,6.06,2302570,HPG
2017-07-26,6.1,6.23,6.07,6.21,2780360,HPG
2017-07-27,6.22,6.22,6.14,6.15,1492240,HPG
2017-07-28,6.12,6.2,6.12,6.15,1550080,HPG
2017-07-31,6.08,6.14,6.03,6.12,3079000,HPG
2017-08-01,6.06,6.23,6.06,6.2,3792470,HPG
2017-08-02,6.16,6.19,6.11,6.12,2158020,HPG
2017-08-03,6.12,6.16,6.09,6.12,1338210,HPG
2017-08-04,6.1,6.12,6.05,6.06,1588200,HPG
2017-08-07,6.06,6.13,6.04,6.11,1487440,HPG
2017-08-08,6.13,6.15,6.1,6.12,1428790,HPG
2017-08-09,6.08,6.12,6.02,6.03,2387220,HPG
2017-08-10,6.02,6.06,6.02,6.06,1892780,HPG
2017-08-11,6.05,6.2,6.05,6.2,2919330,HPG
2017-08-14,6.2,6.44,6.19,6.44,6421140,HPG
2017-08-15,6.52,6.52,6.33,6.35,4397780,HPG
2017-08-16,6.35,6.49,6.31,6.49,7328470,HPG
2017-08-17,6.49,6.49,6.38,6.38,3100480,HPG
2017-08-18,6.35,6.44,6.32,6.39,3031150,HPG
2017-08-21,6.38,6.39,6.26,6.27,3275910,HPG
2017-08-22,6.23,6.34,6.21,6.3,2976640,HPG
2017-08-23,6.26,6.35,6.24,6.35,2082950,HPG
2017-08-24,6.31,6.41,6.31,6.38,3342600,HPG
2017-08-25,6.37,6.43,6.36,6.42,5658750,HPG
2017-08-28,6.44,6.52,6.42,6.52,5261300,HPG
2017-08-29,6.5,6.59,6.49,6.53,5137980,HPG
2017-08-30,6.53,6.63,6.53,6.6,3576470,HPG
2017-08-31,6.59,6.7,6.59,6.64,3918570,HPG
2017-09-01,6.64,6.67,6.6,6.65,2819890,HPG
2017-09-05,6.65,6.72,6.62,6.71,3246220,HPG
2017-09-06,6.71,6.82,6.71,6.82,6081580,HPG
2017-09-07,6.84,6.84,6.69,6.73,5304750,HPG
2017-09-08,6.73,6.83,6.68,6.81,4192570,HPG
2017-09-11,6.8,6.82,6.69,6.69,2957540,HPG
2017-09-12,6.69,6.72,6.61,6.72,3157390,HPG
2017-09-13,6.76,6.99,6.74,6.99,5917410,HPG
2017-09-14,7.01,7.07,6.92,6.95,2979310,HPG
2017-09-15,6.92,7.02,6.9,7.01,4240470,HPG
2017-09-18,7.07,7.2,7.06,7.13,4636200,HPG
2017-09-19,7.18,7.32,7.15,7.2,5115160,HPG
2017-09-20,7.21,7.24,7.14,7.18,3067330,HPG
2017-09-21,7.2,7.22,7.07,7.1,4301050,HPG
2017-09-22,7.1,7.24,7.08,7.14,3308050,HPG
2017-09-25,7.15,7.15,7.09,7.1,2046460,HPG
2017-09-26,7.09,7.12,7.02,7.09,3665880,HPG
2017-09-27,7.09,7.17,7.09,7.14,2014480,HPG
2017-09-28,7.15,7.24,7.14,7.15,2949080,HPG
2017-09-29,7.15,7.38,7.15,7.37,6091150,HPG
2017-10-02,7.38,7.42,7.32,7.4,4329510,HPG
2017-10-03,7.39,7.44,7.28,7.35,3500210,HPG
2017-10-04,7.37,7.51,7.33,7.51,2571530,HPG
2017-10-05,7.51,7.56,7.35,7.35,5341280,HPG
2017-10-06,7.35,7.43,7.29,7.36,3118160,HPG
2017-10-09,7.39,7.47,7.35,7.47,2179760,HPG
2017-10-10,7.47,7.52,7.46,7.52,1986910,HPG
2017-10-11,7.52,7.53,7.46,7.49,2924450,HPG
2017-10-12,7.5,7.58,7.45,7.48,6506920,HPG
2017-10-13,7.47,7.49,7.37,7.38,3480150,HPG
2017-10-16,7.39,7.39,7.16,7.2,5477600,HPG
2017-10-17,7.18,7.39,7.18,7.39,4209020,HPG
2017-10-18,7.39,7.45,7.24,7.28,3257880,HPG
2017-10-19,7.2,7.28,7.15,7.16,3847220,HPG
2017-10-20,7.16,7.19,6.99,7.1,5134390,HPG
2017-10-23,7.03,7.1,6.94,7.03,3548920,HPG
2017-10-24,7.1,7.1,7.02,7.1,2536880,HPG
2017-10-25,7.09,7.14,7.08,7.08,1865230,HPG
2017-10-26,7.08,7.08,6.95,7.01,2990890,HPG
2017-10-27,7.02,7.14,6.99,7.14,2307070,HPG
2017-10-30,7.16,7.16,6.97,6.97,3182530,HPG
2017-10-31,6.97,7.09,6.88,7.01,3596630,HPG
2017-11-01,6.97,6.99,6.75,6.76,5695800,HPG
2017-11-02,6.76,6.86,6.59,6.59,4642790,HPG
2017-11-03,6.63,6.86,6.59,6.86,3961010,HPG
2017-11-06,6.92,7.02,6.9,6.99,2911740,HPG
2017-11-07,7.01,7.01,6.93,6.99,2598200,HPG
2017-11-08,6.99,7.07,6.94,7.02,4626280,HPG
2017-11-09,7.05,7.06,7.0,7.02,2984290,HPG
2017-11-10,7.05,7.06,6.99,7.06,2695850,HPG
2017-11-13,7.06,7.06,6.88,6.94,2541840,HPG
2017-11-14,6.97,7.16,6.93,7.09,3223090,HPG
2017-11-15,7.1,7.37,7.1,7.34,5923670,HPG
2017-11-16,7.33,7.43,7.29,7.32,3823530,HPG
2017-11-17,7.31,7.33,7.19,7.24,2824720,HPG
2017-11-20,7.24,7.24,7.05,7.09,5032060,HPG
2017-11-21,7.1,7.2,7.1,7.11,4116150,HPG
2017-11-22,7.18,7.31,7.16,7.26,4017630,HPG
2017-11-23,7.31,7.33,7.16,7.24,5048680,HPG
2017-11-24,7.24,7.43,7.24,7.41,6380830,HPG
2017-11-27,7.43,7.47,7.38,7.44,5252070,HPG
2017-11-28,7.48,7.51,7.41,7.46,3685180,HPG
2017-11-29,7.45,7.46,7.39,7.45,3701540,HPG
2017-11-30,7.5,7.84,7.5,7.81,11457580,HPG
2017-12-01,7.8,7.9,7.77,7.86,4367480,HPG
2017-12-04,7.84,7.98,7.82,7.96,4425610,HPG
2017-12-05,7.96,8.0,7.88,7.88,5651430,HPG
2017-12-06,7.94,8.0,7.69,8.0,7172100,HPG
2017-12-07,8.0,8.01,7.88,7.95,3948820,HPG
2017-12-08,7.94,7.94,7.79,7.81,3524840,HPG
2017-12-11,7.69,7.78,7.62,7.62,3778630,HPG
2017-12-12,7.64,7.75,7.2,7.52,6905750,HPG
2017-12-13,7.65,7.65,7.52,7.64,4180040,HPG
2017-12-14,7.64,7.73,7.63,7.7,2181370,HPG
2017-12-15,7.76,7.95,7.76,7.9,5530560,HPG
2017-12-18,8.0,8.15,7.91,8.15,5984320,HPG
2017-12-19,8.22,8.39,8.18,8.26,7414140,HPG
2017-12-20,8.18,8.43,8.18,8.34,4347600,HPG
2017-12-21,8.28,8.56,8.28,8.36,6161690,HPG
2017-12-22,8.39,8.51,8.36,8.4,5883750,HPG
2017-12-25,8.4,8.42,8.3,8.31,2345650,HPG
2017-12-26,8.24,8.41,8.23,8.32,3717280,HPG
2017-12-27,8.32,8.64,8.32,8.6,7613290,HPG
2017-12-28,8.6,8.72,8.51,8.68,3305010,HPG
2017-12-29,8.71,8.89,8.69,8.88,5114380,HPG
2018-01-02,8.89,9.05,8.8,9.04,4105100,HPG
2018-01-03,9.09,9.19,8.96,9.02,4828220,HPG
2018-01-04,9.06,9.17,9.02,9.13,4640280,HPG
2018-01-05,9.11,9.18,9.03,9.09,3660450,HPG
2018-01-08,9.04,9.38,9.0,9.38,3702750,HPG
2018-01-09,9.44,10.02,9.42,10.02,5702180,HPG
2018-01-10,10.14,10.23,9.59,9.8,6231980,HPG
2018-01-11,9.76,9.83,9.55,9.8,5284530,HPG
2018-01-12,9.85,10.02,9.7,9.87,5393440,HPG
2018-01-15,9.83,10.34,9.78,10.34,3408260,HPG
2018-01-16,10.29,10.61,10.16,10.61,4328790,HPG
2018-01-17,10.5,10.65,10.16,10.16,5028580,HPG
2018-01-18,10.12,10.61,10.0,10.61,5542350,HPG
2018-01-19,10.61,11.35,10.53,11.31,7233090,HPG
2018-01-22,11.27,12.09,11.27,12.05,6662390,HPG
2018-01-23,12.05,12.05,12.05,12.05,0,HPG
2018-01-24,12.05,12.05,12.05,12.05,0,HPG
2018-01-25,12.3,12.32,11.56,11.65,13773130,HPG
2018-01-26,11.75,12.22,11.56,12.11,4998360,HPG
2018-01-29,12.22,12.32,11.65,11.65,5100130,HPG
2018-01-30,11.46,11.65,11.08,11.61,10291630,HPG
2018-01-31,11.61,12.09,11.56,11.8,5541660,HPG
2018-02-01,11.8,11.94,11.46,11.56,2813090,HPG
2018-02-02,11.56,11.63,11.31,11.58,3673050,HPG
2018-02-05,11.35,11.44,10.8,10.8,7317220,HPG
2018-02-06,10.06,11.25,10.06,10.99,14973300,HPG
2018-02-07,11.46,11.65,11.2,11.27,5682060,HPG
2018-02-08,11.27,11.52,11.14,11.31,4633450,HPG
2018-02-09,10.76,11.25,10.76,11.05,9028840,HPG
2018-02-12,11.05,11.31,10.97,11.14,6576890,HPG
2018-02-13,11.18,11.58,11.18,11.48,5281840,HPG
2018-02-21,11.65,11.71,11.31,11.37,8779720,HPG
2018-02-22,11.27,11.29,11.12,11.16,4928900,HPG
2018-02-23,11.18,11.75,11.14,11.67,10695740,HPG
2018-02-26,11.92,12.24,11.78,12.2,8761510,HPG
2018-02-27,12.3,12.3,12.01,12.14,7780430,HPG
2018-02-28,12.03,12.5,11.92,12.5,11050630,HPG
2018-03-01,12.49,12.85,12.32,12.64,6516250,HPG
2018-03-02,12.33,12.64,12.26,12.56,7746200,HPG
2018-03-05,12.54,12.56,11.69,11.69,18962710,HPG
2018-03-06,11.75,12.14,11.22,12.11,8543250,HPG
2018-03-07,11.65,12.11,11.46,11.58,6712590,HPG
2018-03-08,11.54,11.86,11.39,11.71,4777230,HPG
2018-03-09,11.75,11.82,11.6,11.65,4792550,HPG
2018-03-12,11.65,11.82,11.63,11.75,2965770,HPG
2018-03-13,11.73,11.75,11.6,11.65,2925900,HPG
2018-03-14,11.73,11.8,11.69,11.71,2654570,HPG
2018-03-15,11.65,11.65,11.44,11.48,4149230,HPG
2018-03-16,11.42,11.54,11.29,11.41,9631780,HPG
2018-03-19,11.56,12.11,11.56,11.96,5218860,HPG
2018-03-20,11.9,11.92,11.65,11.65,3422270,HPG
2018-03-21,11.67,12.01,11.67,11.94,4866590,HPG
2018-03-22,11.94,12.18,11.84,11.9,6581870,HPG
2018-03-23,11.46,11.75,11.46,11.63,5420930,HPG
2018-03-26,11.5,11.61,11.08,11.16,11065710,HPG
2018-03-27,11.1,11.35,11.1,11.25,5798310,HPG
2018-03-28,11.25,11.41,11.14,11.35,2410560,HPG
2018-03-29,11.37,11.6,11.33,11.52,3683450,HPG
2018-03-30,11.6,11.61,11.39,11.44,2577560,HPG
2018-04-02,11.46,11.48,11.18,11.18,6093790,HPG
2018-04-03,11.18,11.27,10.89,11.08,6349810,HPG
2018-04-04,11.18,11.24,11.08,11.18,2908600,HPG
2018-04-05,11.24,11.25,11.1,11.14,2089950,HPG
2018-04-06,11.12,11.44,11.08,11.44,4899110,HPG
2018-04-09,11.48,11.6,11.37,11.52,4479210,HPG
2018-04-10,11.52,11.58,11.39,11.52,4651830,HPG
2018-04-11,11.56,11.75,11.44,11.46,7191440,HPG
2018-04-12,11.41,11.73,11.35,11.69,4513010,HPG
2018-04-13,11.75,11.77,11.54,11.6,3273780,HPG
2018-04-16,11.46,11.56,11.39,11.39,2178130,HPG
2018-04-17,11.44,11.44,11.18,11.31,3369400,HPG
2018-04-18,11.35,11.41,11.18,11.18,2757790,HPG
2018-04-19,11.1,11.2,10.8,10.8,5118490,HPG
2018-04-20,10.8,11.14,10.65,11.14,3297740,HPG
2018-04-23,11.16,11.16,10.52,10.53,2822400,HPG
2018-04-24,10.52,10.78,10.42,10.61,3808590,HPG
2018-04-26,10.61,10.76,10.06,10.14,4650560,HPG
2018-04-27,10.14,10.23,9.81,10.19,5135100,HPG
2018-05-02,10.31,10.5,10.1,10.31,4197690,HPG
2018-05-03,10.29,10.33,10.12,10.29,5325700,HPG
2018-05-04,10.38,10.48,10.21,10.23,2599490,HPG
2018-05-07,10.31,10.61,10.21,10.61,3773870,HPG
2018-05-08,10.59,10.97,10.46,10.8,4689060,HPG
2018-05-09,10.76,10.89,10.63,10.8,2016460,HPG
2018-05-10,10.74,10.78,10.42,10.46,2628190,HPG
2018-05-11,10.34,10.57,10.33,10.55,2728770,HPG
2018-05-14,10.63,10.67,10.42,10.57,2798580,HPG
2018-05-15,10.59,10.65,10.46,10.5,2482800,HPG
2018-05-16,10.44,10.65,10.21,10.23,3144190,HPG
2018-05-17,10.23,10.27,10.0,10.04,4117510,HPG
2018-05-18,10.08,10.21,9.95,10.21,3743020,HPG
2018-05-21,10.33,10.34,10.08,10.08,2366300,HPG
2018-05-22,10.02,10.04,9.57,9.57,6301030,HPG
2018-05-23,9.53,9.85,9.53,9.8,3291430,HPG
2018-05-24,9.85,9.93,9.78,9.93,3650040,HPG
2018-05-25,9.93,10.1,9.81,9.87,5347460,HPG
2018-05-28,9.59,9.85,9.23,9.23,5307490,HPG
2018-05-29,9.23,9.87,9.23,9.85,4982880,HPG
2018-05-30,9.87,10.12,9.64,10.0,6303310,HPG
2018-05-31,10.02,10.63,10.0,10.63,9232180,HPG
2018-06-01,10.7,10.88,10.63,10.8,6643770,HPG
2018-06-04,10.97,11.37,10.86,11.37,5646190,HPG
2018-06-05,11.37,11.41,11.08,11.18,6122250,HPG
2018-06-06,11.22,11.56,11.08,11.52,6063330,HPG
2018-06-07,11.56,11.82,11.52,11.73,5446810,HPG
2018-06-08,11.75,11.75,11.6,11.61,3600330,HPG
2018-06-11,11.56,11.69,11.46,11.48,8041000,HPG
2018-06-12,11.75,11.75,11.06,11.27,10591380,HPG
2018-06-13,11.25,11.56,11.22,11.51,3666430,HPG
2018-06-14,11.62,11.79,11.29,11.3,6574380,HPG
2018-06-15,11.27,11.41,11.09,11.41,4820810,HPG
2018-06-18,11.33,11.33,10.66,10.66,7388100,HPG
2018-06-19,10.29,10.48,9.95,10.17,13163240,HPG
2018-06-20,10.34,10.61,10.03,10.61,5767930,HPG
2018-06-21,10.6,10.6,10.34,10.41,3879280,HPG
2018-06-22,10.34,10.86,10.29,10.86,7178290,HPG
2018-06-25,11.14,11.18,10.89,11.01,3464240,HPG
2018-06-26,10.77,10.91,10.61,10.9,2672780,HPG
2018-06-27,10.85,10.91,10.48,10.48,3374170,HPG
2018-06-28,10.29,10.56,10.24,10.3,4260340,HPG
2018-06-29,10.29,10.4,10.07,10.19,5171070,HPG
2018-07-02,10.08,10.21,9.81,10.19,6223040,HPG
2018-07-03,10.19,10.29,9.63,9.63,5823250,HPG
2018-07-04,9.76,9.93,9.6,9.84,3769000,HPG
2018-07-05,9.84,9.95,9.5,9.58,4246120,HPG
2018-07-06,9.56,10.03,9.34,9.76,5279160,HPG
2018-07-09,9.95,9.95,9.39,9.47,3847250,HPG
2018-07-10,9.42,9.58,9.42,9.42,3023470,HPG
2018-07-11,9.26,9.39,8.97,9.12,7028880,HPG
2018-07-12,8.83,9.06,8.81,8.95,3327390,HPG
2018-07-13,9.07,9.46,9.03,9.44,4729750,HPG
2018-07-16,9.58,9.62,9.38,9.42,3329260,HPG
2018-07-17,9.28,9.59,9.28,9.58,3378710,HPG
2018-07-18,9.63,9.91,9.58,9.87,6330670,HPG
2018-07-19,9.93,10.01,9.84,9.87,3514150,HPG
2018-07-20,9.76,9.81,9.62,9.73,4976130,HPG
2018-07-23,9.84,9.97,9.71,9.8,5595420,HPG
2018-07-24,9.79,9.8,9.31,9.39,12245700,HPG
2018-07-25,9.39,9.5,9.34,9.42,5722050,HPG
2018-07-26,9.42,9.68,9.39,9.68,8216850,HPG
2018-07-27,9.75,9.91,9.64,9.89,4810640,HPG
2018-07-30,9.97,10.03,9.79,9.83,6039970,HPG
2018-07-31,9.79,9.99,9.69,9.91,5772660,HPG
2018-08-01,9.92,10.12,9.89,9.97,6858830,HPG
2018-08-02,9.95,9.95,9.68,9.88,6073010,HPG
2018-08-03,9.95,9.96,9.63,9.63,5949600,HPG
2018-08-06,9.64,9.64,9.44,9.59,4646830,HPG
2018-08-07,9.59,9.59,9.5,9.59,4866190,HPG
2018-08-08,9.6,9.77,9.58,9.73,3433350,HPG
2018-08-09,9.79,9.87,9.68,9.69,4586550,HPG
2018-08-10,9.67,9.84,9.67,9.81,4206330,HPG
2018-08-13,9.79,10.17,9.73,10.16,11400140,HPG
2018-08-14,10.21,10.32,10.15,10.21,5313160,HPG
2018-08-15,10.21,10.28,9.89,9.95,4685310,HPG
2018-08-16,9.81,10.0,9.8,9.95,6993170,HPG
2018-08-17,10.05,10.13,9.93,10.0,3745240,HPG
2018-08-20,10.0,10.0,9.85,9.88,3542590,HPG
2018-08-21,9.84,9.95,9.83,9.95,3423060,HPG
2018-08-22,9.97,10.19,9.93,10.08,6056930,HPG
2018-08-23,10.05,10.17,10.05,10.11,3848180,HPG
2018-08-24,10.08,10.19,10.03,10.17,5677060,HPG
2018-08-27,10.24,10.42,10.21,10.33,5469600,HPG
2018-08-28,10.34,10.66,10.34,10.58,11013110,HPG
2018-08-29,10.61,10.78,10.5,10.5,6878210,HPG
2018-08-30,10.5,10.56,10.38,10.52,6445830,HPG
2018-08-31,10.56,10.7,10.5,10.6,6134410,HPG
2018-09-04,10.53,10.58,10.34,10.34,4474530,HPG
2018-09-05,10.29,10.41,10.21,10.24,4632970,HPG
2018-09-06,10.24,10.4,10.21,10.25,4485480,HPG
2018-09-07,10.24,10.56,10.24,10.53,5407420,HPG
2018-09-10,10.52,10.56,10.4,10.4,2575640,HPG
2018-09-11,10.36,10.66,10.36,10.61,6918510,HPG
2018-09-12,10.64,10.68,10.48,10.48,5608340,HPG
2018-09-13,10.53,10.68,10.48,10.54,4751230,HPG
2018-09-14,10.56,10.62,10.48,10.48,4652530,HPG
2018-09-17,10.42,10.52,10.38,10.46,2372700,HPG
2018-09-18,10.4,10.46,10.29,10.46,7281960,HPG
2018-09-19,10.56,10.58,10.5,10.52,4490210,HPG
2018-09-20,10.58,10.85,10.53,10.85,9974190,HPG
2018-09-21,10.88,10.98,10.78,10.95,14273500,HPG
2018-09-24,11.06,11.06,10.9,10.95,4430010,HPG
2018-09-25,10.88,10.98,10.84,10.94,4476220,HPG
2018-09-26,10.94,10.99,10.88,10.88,5014340,HPG
2018-09-27,10.93,11.03,10.9,11.02,5592570,HPG
2018-09-28,11.03,11.23,11.01,11.22,9618060,HPG
2018-10-01,11.22,11.39,11.15,11.25,6816120,HPG
2018-10-02,11.07,11.15,10.91,10.95,10602070,HPG
2018-10-03,10.88,11.03,10.88,10.95,4992960,HPG
2018-10-04,10.93,10.98,10.85,10.98,11906470,HPG
2018-10-05,10.98,11.11,10.93,10.99,6048270,HPG
2018-10-08,10.93,10.99,10.89,10.93,3740940,HPG
2018-10-09,11.01,11.01,10.88,10.88,3708340,HPG
2018-10-10,10.9,11.07,10.86,10.98,6742900,HPG
2018-10-11,10.64,10.77,10.42,10.58,15991110,HPG
2018-10-12,10.45,10.82,10.45,10.82,6596990,HPG
2018-10-15,10.8,10.8,10.66,10.7,4218380,HPG
2018-10-16,10.7,10.81,10.7,10.81,2908510,HPG
2018-10-17,10.93,10.94,10.84,10.88,5125430,HPG
2018-10-18,10.88,10.91,10.8,10.88,4084530,HPG
2018-10-19,10.8,10.89,10.72,10.81,4992750,HPG
2018-10-22,10.82,10.86,10.64,10.64,2565350,HPG
2018-10-23,10.6,10.6,10.32,10.48,10012340,HPG
2018-10-24,10.4,10.58,10.4,10.4,5213790,HPG
2018-10-25,10.08,10.38,10.04,10.34,7241940,HPG
2018-10-26,10.42,10.5,10.32,10.32,5147210,HPG
2018-10-29,10.25,10.32,10.24,10.3,4460930,HPG
2018-10-30,10.24,10.44,10.24,10.26,2685010,HPG
2018-10-31,10.37,10.68,10.36,10.68,4239400,HPG
2018-11-01,10.58,10.6,10.45,10.5,2241010,HPG
2018-11-02,10.61,10.65,10.56,10.61,3595700,HPG
2018-11-05,10.5,10.61,10.48,10.61,2233570,HPG
2018-11-06,10.64,10.65,10.5,10.5,1700170,HPG
2018-11-07,10.5,10.56,10.38,10.38,2813620,HPG
2018-11-08,10.57,10.57,10.32,10.32,2801350,HPG
2018-11-09,10.24,10.3,9.97,9.97,5710610,HPG
2018-11-12,9.97,10.01,9.85,9.96,2803560,HPG
2018-11-13,9.81,9.89,9.76,9.79,5403540,HPG
2018-11-14,9.77,9.77,9.35,9.5,8274360,HPG
2018-11-15,9.42,9.54,9.22,9.28,6829060,HPG
2018-11-16,9.42,9.47,9.3,9.34,2321900,HPG
2018-11-19,9.42,9.5,9.32,9.4,1664620,HPG
2018-11-20,9.44,9.72,9.39,9.68,5710000,HPG
2018-11-21,9.56,9.76,9.55,9.68,3805730,HPG
2018-11-22,9.71,9.75,9.5,9.5,2743490,HPG
2018-11-23,9.5,9.55,9.42,9.43,2056060,HPG
2018-11-26,9.44,9.6,9.43,9.44,2477200,HPG
2018-11-27,9.5,9.6,9.44,9.44,1896260,HPG
2018-11-28,9.47,9.51,9.27,9.34,4090120,HPG
2018-11-29,9.39,9.46,9.07,9.07,4059480,HPG
2018-11-30,9.02,9.02,8.81,8.81,7469210,HPG
2018-12-03,9.02,9.28,9.02,9.23,3769340,HPG
2018-12-04,9.28,9.34,9.08,9.18,4310860,HPG
2018-12-05,9.11,9.42,9.08,9.36,8092180,HPG
2018-12-06,9.31,9.39,9.15,9.18,4632240,HPG
2018-12-07,9.26,9.28,9.16,9.19,3363510,HPG
2018-12-10,9.15,9.18,8.93,8.95,5397970,HPG
2018-12-11,8.91,9.01,8.7,8.87,6978590,HPG
2018-12-12,8.89,8.95,8.75,8.91,3581530,HPG
2018-12-13,8.98,9.04,8.94,9.02,5480330,HPG
2018-12-14,9.01,9.01,8.86,8.89,3865790,HPG
2018-12-17,8.89,8.89,8.59,8.59,4480980,HPG
2018-12-18,8.41,8.5,8.13,8.25,8158460,HPG
2018-12-19,8.25,8.33,7.69,7.88,10969390,HPG
2018-12-20,7.85,8.0,7.77,7.94,6098080,HPG
2018-12-21,7.77,7.96,7.77,7.94,4460780,HPG
2018-12-24,7.94,8.09,7.94,8.09,3262070,HPG
2018-12-25,7.86,8.06,7.68,8.06,4800740,HPG
2018-12-26,8.06,8.06,7.89,8.04,3827010,HPG
2018-12-27,8.18,8.25,8.04,8.21,4873610,HPG
2018-12-28,8.17,8.21,8.09,8.21,7473800,HPG
2019-01-02,8.2,8.34,8.17,8.17,4196210,HPG
2019-01-03,8.16,8.2,7.82,7.82,6877510,HPG
2019-01-04,7.8,7.96,7.61,7.88,5841290,HPG
2019-01-07,8.04,8.05,7.73,7.78,2488920,HPG
2019-01-08,7.8,7.82,7.61,7.65,3150620,HPG
2019-01-09,7.69,7.9,7.69,7.82,1876020,HPG
2019-01-10,7.85,7.98,7.82,7.9,1783870,HPG
2019-01-11,7.9,7.93,7.78,7.78,2659370,HPG
2019-01-14,7.8,7.81,7.65,7.77,3226780,HPG
2019-01-15,7.77,7.85,7.73,7.77,2640430,HPG
2019-01-16,7.8,7.86,7.73,7.81,2981480,HPG
2019-01-17,7.81,7.81,7.67,7.67,1957850,HPG
2019-01-18,7.77,7.81,7.73,7.75,2120620,HPG
2019-01-21,7.77,7.89,7.75,7.84,1917140,HPG
2019-01-22,7.88,7.92,7.81,7.82,1665310,HPG
2019-01-23,7.8,8.06,7.78,7.97,3788700,HPG
2019-01-24,7.98,8.06,7.92,7.92,2387030,HPG
2019-01-25,7.96,7.98,7.84,7.88,1609890,HPG
2019-01-28,7.9,7.9,7.85,7.89,1711540,HPG
2019-01-29,7.92,7.92,7.82,7.88,1814550,HPG
2019-01-30,7.85,7.85,7.65,7.69,6765640,HPG
2019-01-31,7.69,7.73,7.32,7.35,7171640,HPG
2019-02-01,7.39,7.48,7.16,7.24,7100180,HPG
2019-02-11,7.33,7.67,7.32,7.67,2836470,HPG
2019-02-12,7.67,7.92,7.63,7.82,7952400,HPG
2019-02-13,7.82,8.25,7.82,8.2,11079510,HPG
2019-02-14,8.2,8.3,8.17,8.22,6455840,HPG
2019-02-15,8.22,8.62,8.17,8.38,9326200,HPG
2019-02-18,8.51,8.63,8.47,8.53,6374370,HPG
2019-02-19,8.61,8.62,8.39,8.41,5904440,HPG
2019-02-20,8.41,8.57,8.39,8.54,5878290,HPG
2019-02-21,8.57,8.67,8.46,8.67,6010110,HPG
2019-02-22,8.66,9.01,8.63,8.99,8269150,HPG
2019-02-25,9.14,9.43,9.07,9.23,11781980,HPG
2019-02-26,9.23,9.39,9.08,9.15,7383610,HPG
2019-02-27,9.27,9.27,9.06,9.12,4999180,HPG
2019-02-28,9.16,9.18,8.91,8.91,6952800,HPG
2019-03-01,8.91,9.08,8.91,9.08,4610790,HPG
2019-03-04,9.22,9.38,9.2,9.38,5020420,HPG
2019-03-05,9.31,9.44,9.27,9.3,5704900,HPG
2019-03-06,9.28,9.34,9.12,9.28,3373240,HPG
2019-03-07,9.28,9.3,9.04,9.04,4555440,HPG
2019-03-08,8.89,9.1,8.86,9.01,4654840,HPG
2019-03-11,9.07,9.07,8.91,8.97,4858680,HPG
2019-03-12,9.04,9.06,8.94,8.98,5262570,HPG
2019-03-13,9.02,9.11,8.99,9.11,3200950,HPG
2019-03-14,9.11,9.19,8.99,9.07,4362150,HPG
2019-03-15,8.75,8.78,8.45,8.46,17029640,HPG
2019-03-18,8.36,8.59,8.1,8.45,10578940,HPG
2019-03-19,8.43,8.47,8.25,8.46,7385900,HPG
2019-03-20,8.36,8.65,8.36,8.57,5625190,HPG
2019-03-21,8.57,8.61,8.47,8.49,2737980,HPG
2019-03-22,8.51,8.54,8.45,8.47,4192750,HPG
2019-03-25,8.25,8.39,8.25,8.33,3736290,HPG
2019-03-26,8.38,8.42,8.3,8.38,3515960,HPG
2019-03-27,8.46,8.58,8.39,8.58,2539450,HPG
2019-03-28,8.53,8.61,8.51,8.61,2513150,HPG
2019-03-29,8.63,8.67,8.46,8.54,6534270,HPG
2019-04-01,8.5,8.54,8.46,8.47,3670350,HPG
2019-04-02,8.54,8.55,8.47,8.51,1796860,HPG
2019-04-03,8.49,8.53,8.46,8.51,3775800,HPG
2019-04-04,8.53,8.59,8.49,8.59,2765210,HPG
2019-04-05,8.59,8.66,8.55,8.62,1836710,HPG
2019-04-08,8.62,8.66,8.57,8.59,1380890,HPG
2019-04-09,8.61,8.62,8.49,8.51,2884050,HPG
2019-04-10,8.49,8.5,8.39,8.47,2207380,HPG
2019-04-11,8.49,8.5,8.45,8.47,1516930,HPG
2019-04-12,8.47,8.5,8.45,8.5,1576930,HPG
2019-04-16,8.46,8.49,8.37,8.42,1546470,HPG
2019-04-17,8.42,8.45,8.36,8.38,1860340,HPG
2019-04-18,8.33,8.37,8.3,8.3,2388910,HPG
2019-04-19,8.32,8.41,8.32,8.38,1213930,HPG
2019-04-22,8.32,8.51,8.32,8.45,1823920,HPG
2019-04-23,8.49,8.49,8.45,8.46,1685950,HPG
2019-04-24,8.49,8.85,8.46,8.85,5801340,HPG
2019-04-25,8.89,8.93,8.75,8.78,4094750,HPG
2019-04-26,8.81,8.97,8.78,8.91,2820780,HPG
2019-05-02,8.94,9.02,8.83,9.02,3807620,HPG
2019-05-03,9.02,9.12,8.94,9.06,3495970,HPG
2019-05-06,8.86,8.97,8.81,8.87,4500050,HPG
2019-05-07,8.97,8.97,8.86,8.89,2820070,HPG
2019-05-08,8.82,8.83,8.75,8.79,2812600,HPG
2019-05-09,8.77,8.82,8.65,8.73,2112430,HPG
2019-05-10,8.78,8.81,8.65,8.71,1909270,HPG
2019-05-13,8.74,8.74,8.49,8.5,3810530,HPG
2019-05-14,8.41,8.59,8.41,8.59,1820770,HPG
2019-05-15,8.59,8.67,8.57,8.59,2537170,HPG
2019-05-16,8.61,8.67,8.57,8.57,1378610,HPG
2019-05-17,8.57,8.59,8.54,8.55,1491570,HPG
2019-05-20,8.55,8.77,8.55,8.7,2216410,HPG
2019-05-21,8.74,8.81,8.7,8.73,2147580,HPG
2019-05-22,8.75,8.86,8.73,8.75,2514350,HPG
2019-05-23,8.75,8.77,8.66,8.69,2533270,HPG
2019-05-24,8.62,8.66,8.53,8.53,3667800,HPG
2019-05-27,8.51,8.58,8.51,8.54,1699260,HPG
2019-05-28,8.62,8.62,8.5,8.5,2839040,HPG
2019-05-29,8.57,8.62,8.5,8.62,1660260,HPG
2019-05-30,8.62,8.62,8.47,8.49,4194290,HPG
2019-05-31,8.49,8.54,8.49,8.51,3394280,HPG
2019-06-03,8.5,8.51,8.33,8.36,12274790,HPG
2019-06-04,8.48,8.55,8.29,8.38,3337800,HPG
2019-06-05,8.41,8.52,8.17,8.21,2988710,HPG
2019-06-06,8.24,8.24,7.71,7.83,7082600,HPG
2019-06-07,7.93,8.03,7.88,7.91,5101320,HPG
2019-06-10,8.02,8.07,7.88,7.9,6567230,HPG
2019-06-11,7.93,8.0,7.83,7.93,4409100,HPG
2019-06-12,7.9,8.02,7.88,7.97,3132550,HPG
2019-06-13,8.07,8.07,7.9,7.93,2523260,HPG
2019-06-14,7.93,7.95,7.91,7.91,2068100,HPG
2019-06-17,7.91,7.93,7.74,7.74,3644160,HPG
2019-06-18,7.74,7.97,7.74,7.95,5058220,HPG
2019-06-19,8.09,8.22,8.03,8.22,8365940,HPG
2019-06-20,8.31,8.31,8.14,8.14,4370160,HPG
2019-06-21,8.24,8.24,8.14,8.17,4429070,HPG
2019-06-24,8.21,8.29,8.03,8.05,3089270,HPG
2019-06-25,8.0,8.07,7.93,7.97,3284860,HPG
2019-06-26,7.95,8.02,7.9,7.9,1906040,HPG
2019-06-27,7.9,7.91,7.78,7.78,3756880,HPG
2019-06-28,7.78,8.1,7.74,8.1,3923340,HPG
2019-07-01,8.0,8.03,7.86,7.93,3836540,HPG
2019-07-02,7.93,7.93,7.78,7.79,4776600,HPG
2019-07-03,7.79,7.81,7.62,7.64,6315440,HPG
2019-07-04,7.59,7.76,7.59,7.69,5056190,HPG
2019-07-05,7.69,7.74,7.64,7.69,3066930,HPG
2019-07-08,7.66,7.69,7.48,7.5,7429100,HPG
2019-07-09,7.52,7.57,7.36,7.36,6316400,HPG
2019-07-10,7.38,7.5,7.34,7.36,3745990,HPG
2019-07-11,7.38,7.47,7.38,7.43,3104040,HPG
2019-07-12,7.48,7.59,7.47,7.55,3366890,HPG
2019-07-15,7.59,7.59,7.4,7.4,3902390,HPG
2019-07-16,7.45,7.47,7.4,7.45,3475800,HPG
2019-07-17,7.47,7.47,7.34,7.36,5461170,HPG
2019-07-18,7.36,7.38,7.19,7.22,8482000,HPG
2019-07-19,7.24,7.31,7.03,7.1,11182000,HPG
2019-07-22,7.1,7.31,7.0,7.16,6886080,HPG
2019-07-23,7.17,7.5,7.17,7.48,9013000,HPG
2019-07-24,7.48,7.52,7.38,7.43,3697610,HPG
2019-07-25,7.41,7.72,7.41,7.72,9473450,HPG
2019-07-26,7.79,7.95,7.74,7.78,9789570,HPG
2019-07-29,7.78,7.78,7.5,7.62,6954310,HPG
2019-07-30,7.62,7.66,7.41,7.41,6111110,HPG
2019-07-31,7.38,7.78,7.34,7.78,6538340,HPG
2019-08-01,7.76,7.84,7.67,7.79,5949030,HPG
2019-08-02,7.66,7.78,7.62,7.74,7142250,HPG
2019-08-05,7.71,7.76,7.59,7.64,6163970,HPG
2019-08-06,7.43,7.59,7.43,7.5,5651180,HPG
2019-08-07,7.55,7.64,7.52,7.62,3485020,HPG
2019-08-08,7.64,8.03,7.64,8.03,11123430,HPG
2019-08-09,8.07,8.1,7.93,7.97,3683200,HPG
2019-08-12,7.97,8.22,7.97,8.14,8127360,HPG
2019-08-13,8.03,8.24,8.03,8.09,6419220,HPG
2019-08-14,8.21,8.21,8.07,8.09,3871400,HPG
2019-08-15,7.93,8.02,7.86,8.02,6880640,HPG
2019-08-16,8.02,8.05,7.9,7.95,8856190,HPG
2019-08-19,7.93,8.03,7.91,7.95,2540900,HPG
2019-08-20,7.95,8.03,7.84,7.9,4790700,HPG
2019-08-21,7.9,8.02,7.86,8.0,4819580,HPG
2019-08-22,8.03,8.05,7.93,7.95,3314500,HPG
2019-08-23,8.02,8.09,7.97,8.07,5386570,HPG
2019-08-26,7.97,7.98,7.83,7.86,5677560,HPG
2019-08-27,7.93,7.95,7.72,7.72,8995460,HPG
2019-08-28,7.72,7.76,7.62,7.67,4335410,HPG
2019-08-29,7.67,7.67,7.59,7.64,4942140,HPG
2019-08-30,7.64,7.74,7.6,7.66,3329430,HPG
2019-09-03,7.66,7.69,7.47,7.47,5373060,HPG
2019-09-04,7.41,7.52,7.41,7.45,5849460,HPG
2019-09-05,7.47,7.57,7.45,7.48,2479020,HPG
2019-09-06,7.52,7.55,7.38,7.38,4205690,HPG
2019-09-09,7.41,7.43,7.31,7.31,3551180,HPG
2019-09-10,7.31,7.36,7.28,7.34,3449940,HPG
2019-09-11,7.34,7.6,7.33,7.6,4701010,HPG
2019-09-12,7.64,7.79,7.64,7.78,5565420,HPG
2019-09-13,7.76,7.81,7.72,7.79,4664730,HPG
2019-09-16,7.74,7.81,7.67,7.81,5400470,HPG
2019-09-17,7.81,7.83,7.72,7.83,3597090,HPG
2019-09-18,7.83,7.95,7.79,7.93,6151170,HPG
2019-09-19,7.93,7.95,7.83,7.91,3407530,HPG
2019-09-20,7.91,7.91,7.78,7.81,5099340,HPG
2019-09-23,7.79,7.79,7.59,7.59,5357440,HPG
2019-09-24,7.57,7.64,7.53,7.64,1984900,HPG
2019-09-25,7.62,7.62,7.5,7.55,3962320,HPG
2019-09-26,7.59,7.67,7.48,7.67,3332860,HPG
2019-09-27,7.67,7.74,7.64,7.64,3189980,HPG
2019-09-30,7.66,7.67,7.57,7.57,3421220,HPG
2019-10-01,7.57,7.66,7.53,7.55,4063670,HPG
2019-10-02,7.59,7.6,7.48,7.5,4362700,HPG
2019-10-03,7.48,7.48,7.4,7.43,4558270,HPG
2019-10-04,7.45,7.48,7.34,7.36,4775630,HPG
2019-10-07,7.36,7.41,7.31,7.34,3320870,HPG
2019-10-08,7.38,7.55,7.33,7.55,3977030,HPG
2019-10-09,7.55,7.55,7.48,7.55,3081260,HPG
2019-10-10,7.55,7.62,7.41,7.41,3934250,HPG
2019-10-11,7.45,7.48,7.38,7.41,4148140,HPG
2019-10-14,7.48,7.48,7.4,7.4,2957400,HPG
2019-10-15,7.41,7.48,7.36,7.36,3612960,HPG
2019-10-16,7.38,7.41,7.34,7.34,2621160,HPG
2019-10-17,7.34,7.47,7.34,7.38,4831150,HPG
2019-10-18,7.43,7.43,7.34,7.38,2289250,HPG
2019-10-21,7.38,7.4,7.31,7.31,3170430,HPG
2019-10-22,7.31,7.47,7.31,7.45,4095850,HPG
2019-10-23,7.45,7.62,7.45,7.53,6895670,HPG
2019-10-24,7.55,7.62,7.53,7.59,5143080,HPG
2019-10-25,7.59,7.59,7.5,7.52,2378380,HPG
2019-10-28,7.52,7.69,7.47,7.66,7281100,HPG
2019-10-29,7.66,7.74,7.62,7.66,5344070,HPG
2019-10-30,7.67,7.67,7.59,7.59,3066190,HPG
2019-10-31,7.59,7.6,7.48,7.52,5768030,HPG
2019-11-01,7.55,7.62,7.52,7.55,4059500,HPG
2019-11-04,7.62,7.66,7.48,7.5,6038610,HPG
2019-11-05,7.52,7.64,7.5,7.55,5517760,HPG
2019-11-06,7.59,7.64,7.57,7.59,4525660,HPG
2019-11-07,7.64,7.84,7.62,7.83,13242680,HPG
2019-11-08,7.83,7.86,7.76,7.83,5281950,HPG
2019-11-11,7.79,7.97,7.79,7.86,8000180,HPG
2019-11-12,7.84,7.97,7.78,7.93,6553550,HPG
2019-11-13,7.97,7.98,7.81,7.81,6513310,HPG
2019-11-14,7.81,7.88,7.76,7.81,5526590,HPG
2019-11-15,7.81,7.86,7.78,7.81,3431350,HPG
2019-11-18,7.83,7.93,7.83,7.9,3835760,HPG
2019-11-19,7.91,7.91,7.83,7.86,4169110,HPG
2019-11-20,7.86,7.86,7.67,7.72,6959150,HPG
2019-11-21,7.69,7.71,7.59,7.59,7500750,HPG
2019-11-22,7.66,7.71,7.59,7.62,5765620,HPG
2019-11-25,7.64,7.71,7.59,7.67,4233870,HPG
2019-11-26,7.71,7.86,7.71,7.81,5487610,HPG
2019-11-27,7.84,7.86,7.78,7.79,3524960,HPG
2019-11-28,7.79,7.83,7.74,7.79,3754940,HPG
2019-11-29,7.79,7.91,7.74,7.88,6338320,HPG
2019-12-02,7.88,8.0,7.88,7.91,9096550,HPG
2019-12-03,7.91,8.17,7.83,8.09,9332060,HPG
2019-12-04,8.07,8.14,8.05,8.09,4913700,HPG
2019-12-05,8.05,8.09,7.95,7.97,5182270,HPG
2019-12-06,7.97,8.24,7.97,8.22,7127130,HPG
2019-12-09,8.22,8.43,8.22,8.34,7902140,HPG
2019-12-10,8.34,8.47,8.31,8.41,10161370,HPG
2019-12-11,8.38,8.41,8.24,8.41,5402830,HPG
2019-12-12,8.38,8.41,8.31,8.34,4152040,HPG
2019-12-13,8.34,8.45,8.21,8.21,9476390,HPG
2019-12-16,8.21,8.24,8.12,8.19,5120410,HPG
2019-12-17,8.19,8.22,7.9,7.98,9866630,HPG
2019-12-18,7.98,7.98,7.76,7.78,7586700,HPG
2019-12-19,7.78,7.97,7.78,7.86,5752800,HPG
2019-12-20,7.91,8.02,7.86,7.93,5415140,HPG
2019-12-23,7.98,8.1,7.91,7.95,4009100,HPG
2019-12-24,7.95,8.03,7.91,8.0,3219640,HPG
2019-12-25,8.0,8.07,7.98,7.98,2378750,HPG
2019-12-26,8.03,8.03,7.93,7.93,3007690,HPG
2019-12-27,7.93,8.12,7.88,8.12,4181570,HPG
2019-12-30,8.16,8.22,8.1,8.16,2937980,HPG
2019-12-31,8.16,8.17,8.05,8.1,2876730,HPG
2020-01-02,8.1,8.28,8.05,8.28,4232230,HPG
2020-01-03,8.34,8.4,8.29,8.33,7832210,HPG
2020-01-06,8.28,8.36,8.22,8.28,5371060,HPG
2020-01-07,8.31,8.34,8.14,8.17,4871220,HPG
2020-01-08,8.1,8.16,7.98,8.09,6421130,HPG
2020-01-09,8.14,8.33,8.14,8.28,4613440,HPG
2020-01-10,8.31,8.47,8.29,8.34,10006180,HPG
2020-01-13,8.34,8.41,8.31,8.36,4456520,HPG
2020-01-14,8.36,8.64,8.34,8.62,9565300,HPG
2020-01-15,8.64,8.74,8.59,8.67,5881520,HPG
2020-01-16,8.62,8.74,8.6,8.72,6855030,HPG
2020-01-17,8.72,8.84,8.59,8.62,6329150,HPG
2020-01-20,8.62,8.79,8.52,8.79,5711790,HPG
2020-01-21,8.88,8.97,8.81,8.91,5911660,HPG
2020-01-22,8.91,9.1,8.91,9.07,8919900,HPG
2020-01-30,8.81,8.93,8.6,8.72,13028790,HPG
2020-01-31,8.62,8.72,8.31,8.31,10994970,HPG
2020-02-03,8.03,8.55,7.83,8.47,12079180,HPG
2020-02-04,8.5,8.55,8.31,8.48,8086090,HPG
2020-02-05,8.57,8.62,8.34,8.43,6938550,HPG
2020-02-06,8.41,8.69,8.38,8.69,9214150,HPG
2020-02-07,8.69,8.72,8.34,8.4,8120240,HPG
2020-02-10,8.28,8.5,8.26,8.4,4794830,HPG
2020-02-11,8.43,8.48,8.09,8.14,12551620,HPG
2020-02-12,8.1,8.33,8.09,8.21,9581940,HPG
2020-02-13,8.19,8.24,8.14,8.17,5263180,HPG
2020-02-14,8.14,8.19,8.05,8.17,5052290,HPG
2020-02-17,8.17,8.22,8.14,8.19,2716840,HPG
2020-02-18,8.22,8.22,8.03,8.03,7456030,HPG
2020-02-19,8.03,8.09,7.97,8.02,5481650,HPG
2020-02-20,8.09,8.19,8.02,8.19,5225250,HPG
2020-02-21,8.19,8.21,8.1,8.12,4513960,HPG
2020-02-24,7.84,7.98,7.83,7.83,12938030,HPG
2020-02-25,7.79,7.97,7.79,7.97,5303830,HPG
2020-02-26,7.84,7.93,7.83,7.84,4502880,HPG
2020-02-27,7.83,7.95,7.83,7.91,3318240,HPG
2020-02-28,7.78,7.86,7.67,7.71,6583970,HPG
2020-03-02,7.66,7.76,7.66,7.69,3957540,HPG
2020-03-03,7.86,7.86,7.69,7.69,4411940,HPG
2020-03-04,7.72,7.79,7.71,7.71,2946050,HPG
2020-03-05,7.79,7.81,7.71,7.71,2594810,HPG
2020-03-06,7.71,7.74,7.67,7.72,3035470,HPG
2020-03-09,7.19,7.43,7.19,7.19,16567350,HPG
2020-03-10,7.07,7.5,7.07,7.47,8137980,HPG
2020-03-11,7.48,7.52,6.95,7.09,8527920,HPG
2020-03-12,6.74,6.83,6.6,6.64,13041040,HPG
2020-03-13,6.22,6.79,6.19,6.57,12836580,HPG
2020-03-16,6.62,6.84,6.53,6.59,9283920,HPG
2020-03-17,6.41,6.66,6.41,6.62,6053400,HPG
2020-03-18,6.69,6.93,6.67,6.79,10396530,HPG
2020-03-19,6.69,6.72,6.52,6.6,7773200,HPG
2020-03-20,6.64,6.66,6.41,6.41,13401260,HPG
2020-03-23,6.0,6.21,5.97,5.97,12947170,HPG
2020-03-24,5.86,5.98,5.74,5.9,13831390,HPG
2020-03-25,6.16,6.16,6.0,6.14,7758210,HPG
2020-03-26,6.05,6.07,5.83,5.84,8514960,HPG
2020-03-27,5.83,5.86,5.45,5.59,13442640,HPG
2020-03-30,5.28,5.76,5.26,5.64,10870540,HPG
2020-03-31,5.64,5.98,5.26,5.81,11163440,HPG
2020-04-01,5.76,6.03,5.74,5.95,4859650,HPG
2020-04-03,5.95,6.1,5.93,6.09,6503290,HPG
2020-04-06,6.26,6.5,6.17,6.5,10207240,HPG
2020-04-07,6.57,6.59,6.29,6.55,7655220,HPG
2020-04-08,6.34,6.48,6.31,6.45,5106690,HPG
2020-04-09,6.48,6.55,6.4,6.4,7134720,HPG
2020-04-10,6.38,6.55,6.31,6.48,5558450,HPG
2020-04-13,6.48,6.72,6.45,6.67,9039420,HPG
2020-04-14,6.66,6.88,6.62,6.88,8744760,HPG
2020-04-15,6.9,7.0,6.88,6.93,5960450,HPG
2020-04-16,6.88,7.03,6.81,6.98,6665670,HPG
2020-04-17,6.98,7.17,6.97,7.14,8818780,HPG
2020-04-20,7.24,7.41,7.09,7.31,9422860,HPG
2020-04-21,7.16,7.33,6.95,6.97,11934810,HPG
2020-04-22,7.07,7.34,7.0,7.17,11038450,HPG
2020-04-23,7.34,7.57,7.34,7.45,8345940,HPG
2020-04-24,7.48,7.66,7.34,7.62,8301090,HPG
2020-04-27,7.67,7.79,7.53,7.57,6636160,HPG
2020-04-28,7.59,7.62,7.33,7.38,7687010,HPG
2020-04-29,7.38,7.48,7.24,7.41,7447050,HPG
2020-05-04,7.41,7.43,7.24,7.24,4834580,HPG
2020-05-05,7.38,7.47,7.34,7.38,5894530,HPG
2020-05-06,7.43,7.66,7.41,7.66,7620940,HPG
2020-05-07,7.69,8.14,7.69,8.14,14733250,HPG
2020-05-08,8.21,8.33,8.07,8.07,12484610,HPG
2020-05-11,8.17,8.31,8.03,8.26,7220240,HPG
2020-05-12,8.16,8.24,8.07,8.16,10527620,HPG
2020-05-13,8.09,8.34,8.03,8.31,9608210,HPG
2020-05-14,8.21,8.31,8.17,8.26,6517150,HPG
2020-05-15,8.26,8.29,8.07,8.1,7931980,HPG
2020-05-18,8.43,8.66,8.28,8.66,13491620,HPG
2020-05-19,9.1,9.26,8.98,9.02,18842950,HPG
2020-05-20,8.97,9.17,8.84,9.12,11584470,HPG
2020-05-21,9.09,9.16,9.0,9.14,11213810,HPG
2020-05-22,9.09,9.47,9.05,9.4,16252810,HPG
2020-05-25,9.48,9.59,9.36,9.41,11168880,HPG
2020-05-26,9.43,9.79,9.41,9.79,11503490,HPG
2020-05-27,9.86,9.86,9.38,9.38,19779140,HPG
2020-05-28,9.48,9.52,9.28,9.38,14486370,HPG
2020-05-29,9.41,9.55,9.31,9.45,12580390,HPG
2020-06-01,9.59,9.59,9.47,9.53,8022890,HPG
2020-06-02,9.59,9.59,9.29,9.33,11489000,HPG
2020-06-03,9.33,9.38,9.17,9.29,12018120,HPG
2020-06-04,9.31,9.45,9.17,9.17,13488200,HPG
2020-06-05,9.14,9.41,9.03,9.33,13532060,HPG
2020-06-08,9.48,9.69,9.41,9.55,17144920,HPG
2020-06-09,9.64,9.66,9.29,9.34,18693450,HPG
2020-06-10,9.31,9.45,9.19,9.31,9871400,HPG
2020-06-11,9.26,9.36,8.79,8.79,22873160,HPG
2020-06-12,8.45,9.14,8.45,9.14,18881260,HPG
2020-06-15,9.07,9.14,8.74,8.76,11332840,HPG
2020-06-16,8.97,9.1,8.84,9.03,9024610,HPG
2020-06-17,9.03,9.12,8.93,9.05,7066110,HPG
2020-06-18,8.95,9.26,8.91,9.24,9055090,HPG
2020-06-19,9.31,9.43,9.31,9.43,10532760,HPG
2020-06-22,9.41,9.59,9.29,9.41,9729970,HPG
2020-06-23,9.41,9.55,9.22,9.31,11382760,HPG
2020-06-24,9.31,9.43,9.24,9.31,6516760,HPG
2020-06-25,9.21,9.59,9.16,9.41,24410040,HPG
2020-06-26,9.45,9.52,9.31,9.38,9363870,HPG
2020-06-29,9.31,9.31,9.05,9.19,12378070,HPG
2020-06-30,9.24,9.45,9.16,9.24,14826230,HPG
2020-07-01,9.31,9.48,9.28,9.45,10843030,HPG
2020-07-02,9.47,9.57,9.45,9.52,13000820,HPG
2020-07-03,9.55,9.57,9.45,9.48,8111500,HPG
2020-07-06,9.55,9.57,9.47,9.52,9764620,HPG
2020-07-07,9.57,9.97,9.55,9.78,28048770,HPG
2020-07-08,9.71,9.81,9.62,9.67,9155900,HPG
2020-07-09,9.69,9.76,9.64,9.71,7588480,HPG
2020-07-10,9.66,9.74,9.52,9.57,14457460,HPG
2020-07-13,9.5,9.6,9.4,9.53,14702360,HPG
2020-07-14,9.47,9.64,9.45,9.62,5757320,HPG
2020-07-15,9.72,9.79,9.67,9.67,6561150,HPG
2020-07-16,9.72,9.97,9.64,9.86,17916710,HPG
2020-07-17,9.9,9.91,9.84,9.84,6759400,HPG
2020-07-20,9.84,9.9,9.66,9.66,11602590,HPG
2020-07-21,9.69,9.74,9.59,9.69,11724470,HPG
2020-07-22,9.76,9.79,9.64,9.69,7461530,HPG
2020-07-23,9.69,9.72,9.55,9.72,10177170,HPG
2020-07-24,9.66,9.67,9.07,9.26,21288480,HPG
2020-07-27,8.98,9.36,8.9,8.95,18389440,HPG
2020-07-28,9.14,9.48,9.03,9.43,14119250,HPG
2020-07-29,9.4,9.61,8.91,9.17,18544880,HPG
2020-07-30,9.23,9.4,9.21,9.32,11357060,HPG
2020-07-31,9.04,9.29,9.04,9.15,7656240,HPG
2020-08-03,9.17,9.69,9.15,9.65,16896050,HPG
2020-08-04,9.78,9.82,9.61,9.69,11086090,HPG
2020-08-05,9.69,10.26,9.65,10.16,25912970,HPG
2020-08-06,10.16,10.28,10.03,10.14,13744810,HPG
2020-08-07,10.12,10.24,10.09,10.2,12162410,HPG
2020-08-10,10.31,10.43,10.24,10.24,14144220,HPG
2020-08-11,10.31,10.35,10.16,10.22,9675910,HPG
2020-08-12,10.24,10.33,10.16,10.24,8827420,HPG
2020-08-13,10.33,10.37,10.24,10.33,7562850,HPG
2020-08-14,10.33,10.37,10.07,10.16,15356070,HPG
2020-08-17,10.14,10.24,10.09,10.24,8428450,HPG
2020-08-18,10.28,10.28,10.16,10.18,5130610,HPG
2020-08-19,10.2,10.28,10.16,10.22,9266940,HPG
2020-08-20,10.22,10.26,10.12,10.16,9685120,HPG
2020-08-21,10.16,10.28,10.14,10.26,8930990,HPG
2020-08-24,10.35,10.52,10.28,10.45,13933710,HPG
2020-08-25,10.5,10.56,10.35,10.35,10722520,HPG
2020-08-26,10.33,10.35,10.2,10.2,16327190,HPG
2020-08-27,10.2,10.26,10.16,10.24,8801320,HPG
2020-08-28,10.33,10.33,10.22,10.24,11603550,HPG
2020-08-31,10.2,10.45,10.2,10.35,13334160,HPG
2020-09-01,10.35,10.52,10.31,10.45,16754410,HPG
2020-09-03,10.54,10.62,10.5,10.54,14553930,HPG
2020-09-04,10.39,10.58,10.39,10.52,18820560,HPG
2020-09-07,10.54,10.58,10.33,10.33,14336100,HPG
2020-09-08,10.37,10.41,10.31,10.39,12260110,HPG
2020-09-09,10.28,10.52,10.26,10.33,19632380,HPG
2020-09-10,10.41,10.47,10.33,10.35,12106250,HPG
2020-09-11,10.35,10.39,10.31,10.31,11672440,HPG
2020-09-14,10.33,10.43,10.33,10.37,12723310,HPG
2020-09-15,10.43,10.52,10.39,10.41,8859250,HPG
2020-09-16,10.43,10.45,10.37,10.41,6887240,HPG
2020-09-17,10.43,10.75,10.41,10.71,26759480,HPG
2020-09-18,10.77,10.83,10.75,10.83,12475700,HPG
2020-09-21,10.92,10.94,10.79,10.83,11631470,HPG
2020-09-22,10.75,10.83,10.71,10.77,15285880,HPG
2020-09-23,10.81,10.92,10.77,10.87,12589480,HPG
2020-09-24,10.83,10.92,10.75,10.81,12435190,HPG
2020-09-25,10.87,10.87,10.75,10.85,10094210,HPG
2020-09-28,10.87,11.13,10.83,11.13,17573130,HPG
2020-09-29,11.15,11.3,11.11,11.11,18456820,HPG
2020-09-30,11.11,11.19,11.0,11.13,12985480,HPG
2020-10-01,11.19,11.46,11.17,11.38,17161730,HPG
2020-10-02,11.4,11.49,10.96,11.25,20213120,HPG
2020-10-05,11.32,11.55,11.32,11.53,12791350,HPG
2020-10-06,11.59,11.91,11.46,11.91,23609700,HPG
2020-10-07,11.84,11.93,11.72,11.72,14752610,HPG
2020-10-08,11.78,11.84,11.68,11.84,18239670,HPG
2020-10-09,11.89,12.1,11.8,12.01,9464850,HPG
2020-10-12,12.08,12.12,11.82,11.91,12258740,HPG
2020-10-13,11.89,11.91,11.76,11.8,10665790,HPG
2020-10-14,11.78,11.95,11.72,11.95,14240330,HPG
2020-10-15,12.65,12.65,12.24,12.24,30525160,HPG
2020-10-16,12.31,12.43,12.2,12.27,17319070,HPG
2020-10-19,12.29,12.33,12.16,12.18,10939140,HPG
2020-10-20,12.1,12.37,12.1,12.37,13319200,HPG
2020-10-21,12.41,12.48,12.22,12.27,10669590,HPG
2020-10-22,12.22,12.48,12.18,12.48,13072020,HPG
2020-10-23,12.56,13.02,12.5,13.02,29534980,HPG
2020-10-26,13.07,13.49,12.94,12.98,20357350,HPG
2020-10-27,12.92,13.36,12.88,13.24,25281540,HPG
2020-10-28,13.15,13.34,12.73,12.81,25663180,HPG
2020-10-29,12.62,12.96,12.62,12.9,20778840,HPG
2020-10-30,12.98,13.02,12.6,12.88,19039190,HPG
2020-11-02,12.88,12.94,12.79,12.9,10385290,HPG
2020-11-03,13.07,13.19,12.88,12.94,17521020,HPG
2020-11-04,12.94,13.07,12.79,12.92,18293400,HPG
2020-11-05,12.92,12.96,12.75,12.75,11598310,HPG
2020-11-06,12.77,12.94,12.73,12.81,13410500,HPG
2020-11-09,12.98,13.28,12.94,13.28,18314360,HPG
2020-11-10,13.51,13.57,13.19,13.19,20645160,HPG
2020-11-11,13.21,13.32,13.13,13.19,14564290,HPG
2020-11-12,13.21,13.28,13.17,13.26,9803730,HPG
2020-11-13,13.28,13.47,13.26,13.47,12161630,HPG
2020-11-16,13.61,13.8,13.45,13.59,25538500,HPG
2020-11-17,13.7,14.06,13.66,14.06,16228900,HPG
2020-11-18,14.16,14.58,14.06,14.58,22115200,HPG
2020-11-19,14.58,14.96,14.52,14.84,26533130,HPG
2020-11-20,14.86,15.05,14.73,15.05,18141040,HPG
2020-11-23,15.05,15.95,14.96,15.81,23681540,HPG
2020-11-24,15.89,16.23,15.3,15.81,48936510,HPG
2020-11-25,15.51,15.55,14.84,15.01,55697460,HPG
2020-11-26,14.79,14.92,14.46,14.79,33163400,HPG
2020-11-27,14.75,15.34,14.75,15.28,16027210,HPG
2020-11-30,15.3,15.34,14.96,14.96,17459270,HPG
2020-12-01,14.71,15.01,14.56,15.01,21802760,HPG
2020-12-02,15.01,15.03,14.79,14.88,14643640,HPG
2020-12-03,14.96,15.53,14.88,15.53,22511210,HPG
2020-12-04,15.62,15.7,15.47,15.57,17767110,HPG
2020-12-07,15.62,16.19,15.53,16.1,24400300,HPG
2020-12-08,16.1,16.35,16.02,16.19,20333880,HPG
2020-12-09,16.23,16.27,16.06,16.23,15264400,HPG
2020-12-10,16.23,16.27,15.68,15.85,30402770,HPG
2020-12-11,16.02,16.35,15.89,16.35,16641080,HPG
2020-12-14,16.59,16.65,16.42,16.54,14483540,HPG
2020-12-15,16.48,16.5,16.23,16.27,19581910,HPG
2020-12-16,16.35,16.59,16.23,16.35,17322370,HPG
2020-12-17,16.19,16.29,15.87,15.87,30645570,HPG
2020-12-18,16.06,16.33,15.97,16.27,19956910,HPG
2020-12-21,16.44,16.46,16.16,16.25,15789770,HPG
2020-12-22,16.25,16.63,16.14,16.59,26050910,HPG
2020-12-23,16.63,17.37,16.61,16.86,28097610,HPG
2020-12-24,17.11,17.2,16.27,16.84,18507480,HPG
2020-12-25,16.86,17.22,16.65,17.18,22667520,HPG
2020-12-28,17.62,17.68,17.28,17.51,21024800,HPG
2020-12-29,17.39,17.64,17.3,17.53,13443950,HPG
2020-12-30,17.53,17.53,17.18,17.24,21907500,HPG
2020-12-31,17.24,17.6,17.16,17.47,11867640,HPG
2021-01-04,17.68,18.12,17.56,17.83,15832600,HPG
2021-01-05,17.62,18.04,17.58,17.85,18634100,HPG
2021-01-06,17.91,18.25,17.83,18.04,17948600,HPG
2021-01-07,18.19,18.21,17.81,18.04,21780700,HPG
2021-01-08,18.08,18.25,17.96,18.02,19978500,HPG
2021-01-11,18.17,18.25,17.96,18.15,16645100,HPG
2021-01-12,18.21,18.93,18.08,18.93,22738800,HPG
2021-01-13,19.09,19.16,18.71,18.84,16131800,HPG
2021-01-14,18.84,18.84,18.48,18.74,17527000,HPG
2021-01-15,18.74,18.99,18.67,18.76,14788300,HPG
2021-01-18,18.76,18.9,18.65,18.8,18112900,HPG
2021-01-19,18.76,18.8,17.49,17.53,25778200,HPG
2021-01-20,17.7,18.1,16.86,17.58,37915600,HPG
2021-01-21,18.06,18.63,17.62,18.63,20829700,HPG
2021-01-22,18.67,18.84,18.36,18.4,14798600,HPG
2021-01-25,18.23,19.16,18.17,18.42,33091200,HPG
2021-01-26,18.38,18.38,17.53,17.83,24099500,HPG
2021-01-27,17.45,17.87,16.65,16.99,28056100,HPG
2021-01-28,15.85,16.46,15.81,15.81,49934800,HPG
2021-01-29,15.6,16.84,15.6,16.5,40248000,HPG
2021-02-01,16.44,16.8,16.1,16.16,21323900,HPG
2021-02-02,16.23,17.07,16.12,17.07,28541100,HPG
2021-02-03,17.37,17.85,17.28,17.7,34839600,HPG
2021-02-04,17.7,17.79,17.51,17.62,22252900,HPG
2021-02-05,17.68,18.0,17.58,17.91,23371200,HPG
2021-02-08,17.87,17.96,16.86,17.24,32918400,HPG
2021-02-09,17.24,17.66,17.05,17.62,26164800,HPG
2021-02-17,17.89,18.31,17.83,18.31,24253200,HPG
2021-02-18,18.29,18.55,18.1,18.48,21343800,HPG
2021-02-19,18.25,18.5,18.17,18.31,17007500,HPG
2021-02-22,18.34,18.71,18.12,18.29,21362500,HPG
2021-02-23,18.21,18.44,18.1,18.25,17921700,HPG
2021-02-24,18.4,18.71,18.25,18.38,27282600,HPG
2021-02-25,18.5,18.71,18.4,18.61,21931700,HPG
2021-02-26,18.42,19.26,18.38,19.22,40928500,HPG
2021-03-01,19.52,19.52,19.3,19.47,21998200,HPG
2021-03-02,19.73,19.85,19.47,19.68,23670800,HPG
2021-03-03,19.62,19.83,19.6,19.73,22262900,HPG
2021-03-04,19.77,19.77,18.97,19.35,27962100,HPG
2021-03-05,19.24,19.43,19.01,19.39,21396800,HPG
2021-03-08,19.64,19.77,19.39,19.52,17777700,HPG
2021-03-09,19.39,19.47,18.99,19.33,16289800,HPG
2021-03-10,19.3,19.33,19.03,19.22,15772500,HPG
2021-03-11,19.35,19.66,19.3,19.56,15569400,HPG
2021-03-12,19.64,19.64,19.47,19.58,12153700,HPG
2021-03-15,19.64,19.77,19.56,19.6,11905100,HPG
2021-03-16,19.64,19.64,19.3,19.43,14097300,HPG
2021-03-17,19.45,19.58,19.41,19.52,12191800,HPG
2021-03-18,19.68,19.71,19.54,19.64,11166600,HPG
2021-03-19,19.64,20.0,19.64,19.87,18392100,HPG
2021-03-22,19.94,20.0,19.68,19.71,11047900,HPG
2021-03-23,19.66,19.85,19.56,19.64,12487200,HPG
2021-03-24,19.41,19.54,19.01,19.16,23653500,HPG
2021-03-25,19.26,19.28,18.88,18.97,19929000,HPG
2021-03-26,19.18,19.47,18.99,19.47,28109800,HPG
2021-03-29,19.6,19.64,19.45,19.52,13251900,HPG
2021-03-30,19.6,19.71,19.43,19.58,13333800,HPG
2021-03-31,19.58,19.96,19.54,19.73,16323700,HPG
2021-04-01,19.83,20.44,19.79,20.44,27681900,HPG
2021-04-02,20.55,20.78,20.48,20.67,16678500,HPG
2021-04-05,20.86,20.91,20.63,20.78,15377800,HPG
2021-04-06,20.78,20.89,20.7,20.82,14033300,HPG
2021-04-07,20.82,20.91,20.61,20.84,14407800,HPG
2021-04-08,20.86,20.91,20.65,20.8,11970000,HPG
2021-04-09,20.78,21.03,20.67,20.89,15623400,HPG
2021-04-12,21.03,21.71,20.97,21.58,27010400,HPG
2021-04-13,21.71,21.71,21.12,21.12,26956900,HPG
2021-04-14,21.12,22.47,21.03,22.34,28753300,HPG
2021-04-15,22.55,23.06,22.13,22.97,32078100,HPG
2021-04-16,22.8,23.48,22.55,23.01,28433700,HPG
2021-04-19,23.27,24.36,23.06,24.36,34808100,HPG
2021-04-20,24.45,24.7,23.6,24.11,37829300,HPG
2021-04-22,23.86,24.4,23.18,23.18,33049800,HPG
2021-04-23,23.39,23.77,23.1,23.77,28493500,HPG
2021-04-26,23.81,23.86,23.18,23.22,25156400,HPG
2021-04-27,23.22,23.77,22.93,23.73,21294400,HPG
2021-04-28,23.73,23.81,23.39,23.6,15619100,HPG
2021-04-29,23.81,24.74,23.77,24.49,27877700,HPG
2021-05-04,24.15,25.46,24.03,25.21,32996000,HPG
2021-05-05,25.29,25.42,25.0,25.0,24468200,HPG
2021-05-06,25.0,25.42,24.78,25.04,21609700,HPG
2021-05-07,25.0,25.92,24.91,25.63,29552700,HPG
2021-05-10,25.67,26.68,25.63,26.55,28160100,HPG
2021-05-11,26.68,26.68,26.13,26.13,29565200,HPG
2021-05-12,25.96,26.43,25.84,26.43,29316300,HPG
2021-05-13,26.3,26.55,25.92,25.92,24654400,HPG
2021-05-14,26.13,26.34,25.71,25.88,31815400,HPG
2021-05-17,25.88,26.3,25.54,26.09,34004200,HPG
2021-05-18,26.34,26.85,26.34,26.72,39146300,HPG
2021-05-19,26.98,28.11,26.77,27.86,28407500,HPG
2021-05-20,27.9,28.11,27.61,28.07,21552100,HPG
2021-05-21,27.86,27.99,27.57,27.65,22951900,HPG
2021-05-24,27.65,27.86,27.4,27.57,23592200,HPG
2021-05-25,27.57,28.58,27.48,28.41,22689000,HPG
2021-05-26,28.41,28.58,28.32,28.58,15485000,HPG
2021-05-27,28.54,28.58,27.9,28.16,19165200,HPG
2021-05-28,28.28,28.37,27.9,28.28,30138100,HPG
2021-05-31,30.21,30.21,29.7,30.21,60309100,HPG
2021-06-01,31.3,32.28,30.96,31.82,33413400,HPG
2021-06-02,31.53,31.82,30.39,30.96,40000100,HPG
2021-06-03,30.96,31.3,30.39,31.13,36969900,HPG
2021-06-04,31.25,31.7,31.13,31.25,31679400,HPG
2021-06-07,31.3,31.53,29.81,30.21,34653300,HPG
2021-06-08,29.98,30.33,28.67,28.67,38486300,HPG
2021-06-09,28.61,29.47,28.09,28.84,40956800,HPG
2021-06-10,29.24,30.16,28.67,29.58,29312900,HPG
2021-06-11,29.87,30.5,29.58,30.44,29030300,HPG
2021-06-14,30.67,31.13,30.27,30.73,28587500,HPG
2021-06-15,30.39,30.73,30.21,30.5,21707700,HPG
2021-06-16,30.33,30.39,29.53,29.7,28929200,HPG
2021-06-17,29.18,29.76,29.18,29.47,20215900,HPG
2021-06-18,29.76,30.56,29.47,29.87,28992700,HPG
2021-06-21,29.87,30.1,29.35,29.35,22610800,HPG
2021-06-22,29.41,30.04,29.35,29.64,18459100,HPG
2021-06-23,29.58,29.76,29.3,29.47,18559200,HPG
2021-06-24,29.47,29.64,28.95,29.01,19985600,HPG
2021-06-25,29.07,29.35,28.55,29.07,26191200,HPG
2021-06-28,29.41,30.1,29.12,30.04,39158500,HPG
2021-06-29,30.1,30.16,29.64,29.7,19830300,HPG
2021-06-30,29.7,29.93,29.47,29.53,18899100,HPG
2021-07-01,29.64,30.33,29.58,30.27,39670000,HPG
2021-07-02,30.39,30.62,29.93,29.98,30058700,HPG
2021-07-05,29.98,29.98,29.12,29.35,37065500,HPG
2021-07-06,29.3,29.93,27.52,27.52,48216300,HPG
2021-07-07,28.09,28.61,27.43,28.61,40552700,HPG
2021-07-08,28.61,28.72,27.86,28.09,30632700,HPG
2021-07-09,27.81,28.15,26.37,27.12,46892600,HPG
2021-07-12,26.77,26.89,25.23,25.77,75500300,HPG
2021-07-13,26.09,26.37,25.54,26.09,25498600,HPG
2021-07-14,26.32,26.37,25.43,25.8,27431000,HPG
2021-07-15,25.57,26.86,25.57,26.66,28546500,HPG
2021-07-16,26.77,27.2,26.66,26.8,22253900,HPG
2021-07-19,26.17,26.32,25.23,25.4,39426100,HPG
2021-07-20,25.8,27.12,25.48,27.12,40965600,HPG
2021-07-21,27.23,27.4,26.72,26.8,21335700,HPG
2021-07-22,26.77,27.35,26.54,27.06,21494600,HPG
2021-07-23,26.83,26.95,26.26,26.26,28904400,HPG
2021-07-26,26.09,26.43,25.6,26.14,23485200,HPG
2021-07-27,26.37,26.83,26.2,26.49,18206300,HPG
2021-07-28,26.54,27.0,26.49,26.77,21215200,HPG
2021-07-29,26.92,27.35,26.83,27.0,32783300,HPG
2021-07-30,27.0,27.29,27.0,27.12,23016300,HPG
2021-08-02,27.0,27.46,26.89,27.09,24207000,HPG
2021-08-03,27.12,27.32,26.8,27.09,28297300,HPG
2021-08-04,27.26,27.52,27.09,27.23,24329100,HPG
2021-08-05,27.2,28.09,27.15,27.98,29704100,HPG
2021-08-06,27.86,28.15,27.69,27.75,20101800,HPG
2021-08-09,27.58,28.49,27.49,28.49,30419600,HPG
2021-08-10,28.72,28.95,28.15,28.32,23318400,HPG
2021-08-11,28.55,28.55,28.06,28.06,21895900,HPG
2021-08-12,28.04,28.09,27.75,27.75,21547600,HPG
2021-08-13,27.75,27.92,27.35,27.89,25809500,HPG
2021-08-16,28.09,28.38,28.06,28.35,22222700,HPG
2021-08-17,28.47,29.18,28.44,28.9,45483400,HPG
2021-08-18,28.95,29.18,28.61,28.9,20163600,HPG
2021-08-19,29.01,29.41,28.9,29.18,27506300,HPG
2021-08-20,29.12,29.24,27.63,28.09,49333500,HPG
2021-08-23,28.09,28.09,27.23,27.23,32825800,HPG
2021-08-24,27.29,27.66,27.23,27.38,21929400,HPG
2021-08-25,27.49,27.81,27.18,27.75,16402800,HPG
2021-08-26,27.86,27.86,27.26,27.35,13857800,HPG
2021-08-27,27.23,27.43,26.8,27.29,24491000,HPG
2021-08-30,27.52,27.95,27.32,27.92,17004600,HPG
2021-08-31,28.09,28.49,27.98,28.26,25872600,HPG
2021-09-01,28.09,28.41,28.04,28.21,15066500,HPG
2021-09-06,28.38,29.47,28.32,29.35,48098900,HPG
2021-09-07,29.58,29.81,29.01,29.07,31246800,HPG
2021-09-08,29.07,29.76,28.9,29.41,33040000,HPG
2021-09-09,29.58,30.04,29.53,29.76,36718200,HPG
2021-09-10,29.81,29.93,29.47,29.53,17217900,HPG
2021-09-13,29.53,29.53,29.07,29.12,27227400,HPG
2021-09-14,29.12,29.24,28.78,28.84,22432900,HPG
2021-09-15,28.72,29.81,28.61,29.58,25908900,HPG
2021-09-16,29.81,29.98,29.41,29.41,17982000,HPG
2021-09-17,29.47,29.81,29.41,29.7,24548600,HPG
2021-09-20,30.04,30.04,29.18,29.41,32328300,HPG
2021-09-21,29.01,29.35,28.78,29.12,28847000,HPG
2021-09-22,29.12,29.3,29.01,29.18,13143800,HPG
2021-09-23,29.41,29.76,29.18,29.24,17773400,HPG
2021-09-24,29.24,29.64,29.07,29.12,15884400,HPG
2021-09-27,29.47,29.81,29.12,29.12,28469400,HPG
2021-09-28,29.01,30.21,29.01,30.16,35611100,HPG
2021-09-29,30.21,30.73,30.16,30.56,34898800,HPG
2021-09-30,30.79,30.79,30.27,30.33,23148500,HPG
2021-10-01,30.33,30.79,30.21,30.62,30478300,HPG
2021-10-04,30.9,32.05,30.9,31.82,45357500,HPG
2021-10-05,31.82,32.05,31.59,31.7,26571500,HPG
2021-10-06,31.99,32.28,31.76,32.16,26766100,HPG
2021-10-07,32.34,32.51,31.82,31.88,26772300,HPG
2021-10-08,31.99,32.22,31.65,31.93,21693600,HPG
2021-10-11,32.16,32.85,31.93,32.79,25548600,HPG
2021-10-12,32.85,33.02,32.56,32.68,18107600,HPG
2021-10-13,32.68,32.91,32.39,32.56,15582700,HPG
2021-10-14,32.56,32.91,32.51,32.56,19279700,HPG
2021-10-15,32.85,33.08,32.68,32.85,18520000,HPG
2021-10-18,33.02,33.48,32.97,33.2,20737100,HPG
2021-10-19,33.02,33.25,32.74,32.79,23720900,HPG
2021-10-20,32.91,32.97,31.99,32.62,34660900,HPG
2021-10-21,32.79,33.37,32.45,32.79,39192300,HPG
2021-10-22,32.91,33.14,32.51,32.51,19849100,HPG
2021-10-25,32.39,32.51,31.59,31.59,41605900,HPG
2021-10-26,31.42,32.28,31.07,32.28,27910500,HPG
2021-10-27,32.28,33.2,32.28,33.2,28938100,HPG
2021-10-28,33.2,33.37,32.85,33.25,21923800,HPG
2021-10-29,33.25,33.31,32.74,32.74,23878000,HPG
2021-11-01,32.74,32.74,31.93,31.93,45218500,HPG
2021-11-02,31.82,32.34,31.65,31.82,25669500,HPG
2021-11-03,32.22,32.28,31.7,31.88,29867100,HPG
2021-11-04,31.88,32.62,31.88,32.28,14849100,HPG
2021-11-05,32.28,32.68,31.93,32.45,19377600,HPG
2021-11-08,32.62,32.68,32.22,32.56,21255400,HPG
2021-11-09,32.56,33.02,32.34,32.39,24717300,HPG
2021-11-10,32.39,32.45,31.65,31.7,43376600,HPG
2021-11-11,31.53,31.7,30.73,30.96,54292800,HPG
2021-11-12,30.9,31.42,30.84,31.3,20846900,HPG
2021-11-15,31.25,31.3,30.56,30.73,30647000,HPG
2021-11-16,30.56,30.73,29.81,29.81,39777000,HPG
2021-11-17,29.81,30.16,29.47,29.47,30002700,HPG
2021-11-18,29.47,29.47,28.44,28.64,58606300,HPG
2021-11-19,28.44,28.49,27.46,27.52,48471400,HPG
2021-11-22,27.63,28.21,27.52,27.89,22630400,HPG
2021-11-23,28.04,28.55,27.86,28.41,15649600,HPG
2021-11-24,28.38,28.49,27.81,27.89,27126800,HPG
2021-11-25,27.92,28.29,27.92,28.24,21763400,HPG
2021-11-26,28.26,28.64,28.09,28.12,26729700,HPG
2021-11-29,27.63,28.04,27.63,27.75,21801500,HPG
2021-11-30,28.06,28.64,27.81,28.06,22176200,HPG
2021-12-01,28.38,28.38,28.04,28.09,13823900,HPG
2021-12-02,28.21,28.24,27.86,27.86,12832300,HPG
2021-12-03,27.98,28.18,27.35,27.35,21682500,HPG
2021-12-06,27.23,27.49,26.09,26.23,34633900,HPG
2021-12-07,26.63,27.29,26.37,27.29,21935200,HPG
2021-12-08,27.46,27.46,26.97,27.06,11108800,HPG
2021-12-09,26.89,27.12,26.83,27.0,10320400,HPG
2021-12-10,26.97,27.06,26.6,26.66,19427400,HPG
2021-12-13,26.69,27.03,26.54,26.69,14309600,HPG
2021-12-14,26.69,28.15,26.49,27.35,35676800,HPG
2021-12-15,27.52,27.86,27.35,27.4,9045500,HPG
2021-12-16,27.58,27.58,27.12,27.23,11030000,HPG
2021-12-17,27.15,27.26,26.72,26.77,22015600,HPG
2021-12-20,26.77,27.15,26.66,26.89,9986400,HPG
2021-12-21,26.89,26.92,26.43,26.43,17094400,HPG
2021-12-22,26.54,26.66,25.86,25.86,24665900,HPG
2021-12-23,25.86,25.86,25.28,25.77,26674000,HPG
2021-12-24,25.97,26.75,25.94,26.4,19168600,HPG
2021-12-27,26.69,26.72,26.11,26.32,10675000,HPG
2021-12-28,26.32,26.77,26.14,26.26,12356700,HPG
2021-12-29,26.26,26.54,26.09,26.26,15118200,HPG
2021-12-30,26.54,26.54,26.2,26.2,10285000,HPG
2021-12-31,26.37,26.75,26.29,26.6,13781200,HPG
2022-01-04,26.83,27.06,26.72,26.8,20100700,HPG
2022-01-05,26.89,27.15,26.83,26.83,18760700,HPG
2022-01-06,26.66,26.77,26.43,26.43,17172700,HPG
2022-01-07,26.43,26.49,26.17,26.26,16335300,HPG
2022-01-10,26.29,26.75,26.09,26.17,17477500,HPG
2022-01-11,26.4,26.4,25.86,25.86,12758500,HPG
2022-01-12,25.91,26.52,25.89,26.49,14686700,HPG
2022-01-13,26.54,27.12,26.49,26.77,24990100,HPG
2022-01-14,26.66,26.86,26.49,26.52,7902000,HPG
2022-01-17,26.52,26.66,25.63,25.63,21661200,HPG
2022-01-18,25.51,25.94,24.65,25.23,21441900,HPG
2022-01-19,25.46,25.54,24.91,24.94,17705400,HPG
2022-01-20,25.11,25.34,24.82,25.23,14665400,HPG
2022-01-21,25.23,25.48,24.71,24.82,16277300,HPG
2022-01-24,24.71,24.77,23.33,23.33,29425200,HPG
2022-01-25,23.22,24.82,23.05,24.8,17887600,HPG
2022-01-26,24.94,25.48,24.91,24.91,15205400,HPG
2022-01-27,24.77,24.94,24.08,24.17,14700800,HPG
2022-01-28,24.22,24.54,23.91,24.19,14941600,HPG
2022-02-07,24.54,25.05,23.96,24.68,16609600,HPG
2022-02-08,24.65,26.11,24.65,26.11,26528800,HPG
2022-02-09,26.26,27.69,26.2,27.12,40297200,HPG
2022-02-10,27.18,27.46,26.77,26.95,23598200,HPG
2022-02-11,26.72,27.23,26.54,27.03,17343300,HPG
2022-02-14,26.66,27.23,26.46,26.49,18246700,HPG
2022-02-15,26.49,26.69,26.03,26.37,15564400,HPG
2022-02-16,26.43,26.66,26.14,26.37,9350300,HPG
2022-02-17,26.37,26.8,26.37,26.66,11353300,HPG
2022-02-18,26.49,27.32,26.4,26.97,21375700,HPG
2022-02-21,27.0,27.23,26.69,26.75,12177300,HPG
2022-02-22,26.54,26.72,26.2,26.6,17669600,HPG
2022-02-23,26.75,27.06,26.52,26.77,12981100,HPG
2022-02-24,26.8,26.86,25.86,26.37,22445800,HPG
2022-02-25,26.43,26.57,26.32,26.32,12775700,HPG
2022-02-28,26.4,27.4,26.4,27.06,35200100,HPG
2022-03-01,27.35,27.58,26.86,26.89,23374000,HPG
2022-03-02,26.95,27.15,26.72,26.89,19896100,HPG
2022-03-03,27.29,28.72,27.12,28.72,76236800,HPG
2022-03-04,29.24,29.41,28.55,28.55,33378900,HPG
2022-03-07,28.78,30.1,28.67,29.3,38456100,HPG
2022-03-08,29.01,29.35,28.35,28.35,40509400,HPG
2022-03-09,28.67,28.84,28.01,28.58,34775200,HPG
2022-03-10,28.67,28.72,28.15,28.18,26828300,HPG
2022-03-11,28.21,28.26,26.86,27.29,44340200,HPG
2022-03-14,27.12,27.63,26.26,26.26,33845300,HPG
2022-03-15,26.34,26.77,26.06,26.46,20864200,HPG
2022-03-16,26.89,27.03,26.49,26.49,11418800,HPG
2022-03-17,26.72,26.77,26.32,26.34,14957700,HPG
2022-03-18,26.49,26.86,26.4,26.66,17727600,HPG
2022-03-21,26.77,27.06,26.6,26.86,19313200,HPG
2022-03-22,26.89,26.92,26.54,26.89,22965400,HPG
2022-03-23,27.06,27.2,26.83,26.83,17291200,HPG
2022-03-24,26.95,26.95,26.57,26.6,14927500,HPG
2022-03-25,26.69,26.92,26.49,26.6,13444600,HPG
2022-03-28,26.43,26.86,26.26,26.32,19505200,HPG
2022-03-29,26.49,26.52,26.26,26.29,12986000,HPG
2022-03-30,26.26,26.6,26.03,26.09,15726700,HPG
2022-03-31,26.17,26.34,25.68,25.86,18892300,HPG
2022-04-01,25.8,26.37,25.51,26.2,19701900,HPG
2022-04-04,26.37,26.54,26.23,26.29,12156300,HPG
2022-04-05,26.37,26.6,26.34,26.43,12124200,HPG
2022-04-06,26.37,27.49,26.37,27.09,29707400,HPG
2022-04-07,27.23,27.29,26.69,26.69,14512900,HPG
2022-04-08,26.8,26.97,26.57,26.6,13738800,HPG
2022-04-12,26.66,26.66,25.83,25.86,18233500,HPG
2022-04-13,25.97,26.06,25.63,25.91,12712600,HPG
2022-04-14,25.97,26.11,25.74,25.74,12038800,HPG
2022-04-15,25.74,25.8,25.31,25.34,18378500,HPG
2022-04-18,25.25,25.54,24.45,24.45,23186000,HPG
2022-04-19,24.65,25.17,24.6,24.82,19054800,HPG
2022-04-20,24.94,25.23,24.71,24.77,13236800,HPG
2022-04-21,24.65,25.28,24.14,24.85,17812100,HPG
2022-04-22,25.23,25.25,24.28,25.11,12698000,HPG
2022-04-25,25.11,25.11,23.36,23.36,29055100,HPG
2022-04-26,23.02,23.74,22.7,23.62,23280100,HPG
2022-04-27,23.62,24.6,23.56,24.37,18780400,HPG
2022-04-28,24.37,24.91,24.37,24.71,13611800,HPG
2022-04-29,24.6,24.88,24.57,24.82,12347800,HPG
2022-05-04,24.82,24.82,24.08,24.08,14901300,HPG
2022-05-05,24.42,24.42,23.79,24.11,13817300,HPG
2022-05-06,23.74,24.65,23.74,23.96,15010600,HPG
2022-05-09,23.79,24.02,22.9,22.9,26283600,HPG
2022-05-10,22.65,23.56,22.19,23.56,19440000,HPG
2022-05-11,23.51,23.68,23.25,23.31,9559800,HPG
2022-05-12,23.28,23.31,21.93,21.93,25252600,HPG
2022-05-13,21.87,22.1,20.5,20.58,42997700,HPG
2022-05-16,21.24,21.5,20.81,20.81,29389700,HPG
2022-05-17,20.75,21.9,20.64,21.9,23415100,HPG
2022-05-18,22.02,22.19,21.7,21.9,16073200,HPG
2022-05-19,21.38,21.84,21.13,21.73,16040000,HPG
2022-05-20,21.61,21.67,21.36,21.59,13929400,HPG
2022-05-23,21.76,21.9,20.81,21.07,10178900,HPG
2022-05-24,21.07,21.21,19.61,20.01,42201300,HPG
2022-05-25,19.78,20.04,18.95,19.75,39418000,HPG
2022-05-26,20.07,20.41,19.81,20.07,16225800,HPG
2022-05-27,20.07,20.58,19.95,20.32,17591900,HPG
2022-05-30,20.35,20.55,20.24,20.32,15054500,HPG
2022-05-31,20.27,20.27,19.78,19.89,18840200,HPG
2022-06-01,19.78,19.95,19.38,19.69,21644600,HPG
2022-06-02,19.49,19.66,18.95,19.01,25380600,HPG
2022-06-03,19.09,19.49,19.06,19.15,14709900,HPG
2022-06-06,19.58,19.64,18.98,19.09,17769400,HPG
2022-06-07,19.09,19.23,18.72,19.03,19376400,HPG
2022-06-08,19.09,19.18,18.78,18.86,24841800,HPG
2022-06-09,18.86,19.81,18.78,19.38,26979900,HPG
2022-06-10,19.38,19.64,19.26,19.26,15182300,HPG
2022-06-13,18.92,19.21,18.17,18.23,21236000,HPG
2022-06-14,18.06,18.09,17.31,17.37,28438400,HPG
2022-06-15,17.26,17.72,16.54,16.86,28702400,HPG
2022-06-16,17.29,17.97,17.14,17.77,33385900,HPG
2022-06-17,17.76,17.8,16.63,17.58,30237200,HPG
2022-06-20,17.23,17.42,16.36,16.36,37272900,HPG
2022-06-21,16.17,16.29,15.53,15.76,39935100,HPG
2022-06-22,15.79,16.67,15.79,16.29,21442500,HPG
2022-06-23,16.29,16.55,16.29,16.51,6926200,HPG
2022-06-24,16.55,17.04,16.44,16.51,12828800,HPG
2022-06-27,16.67,17.35,16.17,17.35,20739600,HPG
2022-06-28,17.31,17.31,16.86,17.04,17838300,HPG
2022-06-29,16.89,17.54,16.74,17.23,20190300,HPG
2022-06-30,17.35,17.73,16.89,16.89,19950600,HPG
2022-07-01,16.89,17.12,16.33,16.97,15200000,HPG
2022-07-04,17.16,17.16,16.67,16.67,12443200,HPG
2022-07-05,16.74,16.93,16.48,16.59,15093400,HPG
2022-07-06,16.44,16.86,16.14,16.25,18233600,HPG
2022-07-07,16.25,16.48,16.21,16.48,10828000,HPG
2022-07-08,16.67,17.08,16.67,17.01,19504900,HPG
2022-07-11,16.97,17.16,16.63,16.7,12476400,HPG
2022-07-12,16.7,17.04,16.63,16.89,12146500,HPG
2022-07-13,16.82,17.27,16.78,16.89,17855700,HPG
2022-07-14,16.82,16.97,16.74,16.82,12520300,HPG
2022-07-15,16.93,17.8,16.93,17.58,47697200,HPG
2022-07-18,17.58,17.65,17.04,17.12,19929000,HPG
2022-07-19,17.04,17.12,16.74,16.78,16276900,HPG
2022-07-20,16.93,17.23,16.89,16.93,16893100,HPG
2022-07-21,16.93,17.42,16.89,17.2,23043400,HPG
2022-07-22,17.2,17.27,16.82,16.82,16642200,HPG
2022-07-25,16.82,16.89,16.51,16.59,20722100,HPG
2022-07-26,16.51,16.67,16.36,16.4,26378200,HPG
2022-07-27,16.25,16.29,15.95,16.1,28601000,HPG
2022-07-28,16.29,16.44,16.1,16.21,23510500,HPG
2022-07-29,16.36,16.63,16.29,16.29,20587600,HPG
2022-08-01,16.44,17.31,16.36,17.27,38143900,HPG
2022-08-02,17.35,17.54,17.2,17.35,27729900,HPG
2022-08-03,17.2,18.07,17.12,17.99,58846000,HPG
2022-08-04,18.11,18.14,17.8,17.92,30031900,HPG
2022-08-05,17.73,17.92,17.54,17.65,42516600,HPG
2022-08-08,17.73,18.11,17.65,17.88,30365700,HPG
2022-08-09,18.11,18.41,17.92,18.26,48222600,HPG
2022-08-10,18.18,18.48,18.03,18.03,30124400,HPG
2022-08-11,18.22,18.29,17.65,17.73,34352700,HPG
2022-08-12,17.65,18.22,17.61,18.14,33797300,HPG
2022-08-15,18.26,18.33,18.03,18.18,31513400,HPG
2022-08-16,18.18,18.71,18.18,18.6,65490300,HPG
2022-08-17,18.64,18.67,18.29,18.41,27443900,HPG
2022-08-18,18.26,18.45,18.22,18.29,23215100,HPG
2022-08-19,18.26,18.37,17.92,17.99,31457200,HPG
2022-08-22,17.92,17.99,17.54,17.69,23798700,HPG
2022-08-23,17.5,17.92,17.5,17.92,16687400,HPG
2022-08-24,17.92,17.99,17.8,17.8,12125400,HPG
2022-08-25,17.99,18.22,17.88,18.07,18259100,HPG
2022-08-26,18.18,18.18,17.8,17.8,16469800,HPG
2022-08-29,17.46,17.61,17.16,17.42,32468000,HPG
2022-08-30,17.5,17.65,17.39,17.46,15309700,HPG
2022-08-31,17.42,17.54,17.23,17.42,14977400,HPG
2022-09-05,17.46,18.26,17.46,18.11,26282100,HPG
2022-09-06,18.18,18.33,17.84,17.84,15332900,HPG
2022-09-07,17.84,18.03,17.42,17.42,25025500,HPG
2022-09-08,17.58,17.76,17.35,17.5,20365500,HPG
2022-09-09,17.69,18.03,17.5,18.03,26048100,HPG
2022-09-12,18.11,18.41,18.03,18.03,26248107,HPG
2022-09-13,17.99,18.18,17.8,17.95,14724638,HPG
2022-09-14,17.61,18.03,17.61,17.95,27075092,HPG
2022-09-15,18.11,18.11,17.76,17.88,13756661,HPG
2022-09-16,17.73,17.88,17.42,17.42,27529890,HPG
2022-09-19,17.5,17.61,17.01,17.16,27500020,HPG
2022-09-20,17.27,17.42,17.12,17.42,11527796,HPG
2022-09-21,17.35,17.39,17.2,17.35,9926454,HPG
2022-09-22,17.2,17.5,17.16,17.42,11608395,HPG
2022-09-23,17.46,17.58,17.2,17.2,14606561,HPG
2022-09-26,17.01,17.12,16.55,16.97,25891001,HPG
2022-09-27,17.01,17.04,16.74,16.97,9019898,HPG
2022-09-28,16.82,17.01,16.36,16.51,14080348,HPG
2022-09-29,16.78,16.89,16.4,16.4,10339728,HPG
2022-09-30,16.29,16.4,15.68,16.06,23383484,HPG
2022-10-03,16.06,16.06,14.96,14.96,33589693,HPG
2022-10-04,15.23,15.34,14.13,14.28,30526975,HPG
2022-10-05,14.55,14.66,14.28,14.55,25327759,HPG
2022-10-06,14.62,14.62,13.64,13.64,37483856,HPG
2022-10-07,13.37,13.48,12.92,13.33,36491332,HPG
2022-10-10,13.11,14.09,13.03,13.9,25072982,HPG
2022-10-11,13.94,13.94,13.14,13.26,26460836,HPG
2022-10-12,13.48,14.17,13.26,14.17,29014564,HPG
2022-10-13,14.24,14.85,14.05,14.77,24208372,HPG
2022-10-14,14.96,15.08,14.62,14.73,22599552,HPG
2022-10-17,14.58,14.66,14.32,14.58,17068516,HPG
2022-10-18,14.77,14.92,14.17,14.28,24397390,HPG
2022-10-19,14.28,14.28,13.9,13.94,20245221,HPG
2022-10-20,13.9,14.09,13.67,13.71,26040071,HPG
2022-10-21,13.86,13.86,12.8,12.8,45174370,HPG
2022-10-24,12.88,12.92,12.27,12.42,27988297,HPG
2022-10-25,12.42,13.26,12.16,12.95,31124038,HPG
2022-10-26,12.88,13.18,12.76,12.8,11251019,HPG
2022-10-27,12.84,13.33,12.8,13.18,21375048,HPG
2022-10-28,13.18,13.37,12.73,12.73,31215964,HPG
2022-10-31,11.86,12.12,11.86,11.86,66338365,HPG
2022-11-01,11.93,12.12,11.21,11.36,81584646,HPG
2022-11-02,11.36,11.89,11.36,11.63,40136638,HPG
2022-11-03,11.55,11.7,11.44,11.51,20641482,HPG
2022-11-04,11.36,11.48,10.98,11.1,43904752,HPG
2022-11-07,11.02,11.21,10.38,10.38,38281291,HPG
2022-11-08,9.92,10.38,9.85,9.96,46290133,HPG
2022-11-09,10.0,10.3,9.81,9.85,32797759,HPG
2022-11-10,9.62,9.7,9.17,9.17,79765322,HPG
2022-11-11,9.32,9.58,9.09,9.32,60729517,HPG
2022-11-14,9.2,9.43,8.98,9.24,60282566,HPG
2022-11-15,9.09,9.51,9.09,9.47,40430769,HPG
2022-11-16,9.32,10.11,8.94,10.11,34920301,HPG
2022-11-17,10.53,10.8,10.45,10.8,21525349,HPG
2022-11-18,11.06,11.51,10.8,11.44,99679984,HPG
2022-11-21,11.51,11.55,11.17,11.33,31615926,HPG
2022-11-22,11.1,11.7,10.95,11.21,43262031,HPG
2022-11-23,11.14,11.25,10.45,10.45,30314308,HPG
2022-11-24,10.38,10.91,10.3,10.87,31123292,HPG
2022-11-25,11.06,11.59,10.87,11.59,26543478,HPG
2022-11-28,11.82,12.39,11.82,12.39,58865341,HPG
2022-11-29,12.58,13.22,12.39,13.18,64328337,HPG
2022-11-30,13.3,13.94,13.03,13.94,57742021,HPG
2022-12-01,14.2,14.89,13.64,13.79,66616642,HPG
2022-12-02,13.64,14.73,13.48,14.73,45705713,HPG
2022-12-05,15.0,15.45,14.77,15.15,46538699,HPG
2022-12-06,15.08,15.11,14.09,14.09,62798971,HPG
2022-12-07,13.64,14.51,13.41,13.83,34635127,HPG
2022-12-08,14.32,14.66,14.01,14.32,29957563,HPG
2022-12-09,14.32,14.73,14.01,14.55,34560392,HPG
2022-12-12,14.55,14.81,14.09,14.09,35845597,HPG
2022-12-13,14.09,14.39,13.83,14.39,24353126,HPG
2022-12-14,14.66,14.85,14.39,14.55,34297808,HPG
2022-12-15,14.47,14.89,14.47,14.66,20990952,HPG
2022-12-16,14.55,15.49,14.36,15.45,55405137,HPG
2022-12-19,15.61,16.1,15.15,15.15,48060180,HPG
2022-12-20,15.0,15.23,14.2,14.39,45566363,HPG
2022-12-21,14.7,14.73,13.71,14.32,27712966,HPG
2022-12-22,14.47,14.85,14.17,14.32,18972258,HPG
2022-12-23,14.28,14.32,13.71,13.9,24819632,HPG
2022-12-26,13.86,13.86,12.95,12.95,31382368,HPG
2022-12-27,12.95,13.83,12.95,13.83,23661449,HPG
2022-12-28,13.94,14.01,13.6,13.79,14317232,HPG
2022-12-29,13.86,14.01,13.52,13.64,17428880,HPG
2022-12-30,13.71,13.98,13.56,13.64,14457954,HPG
2023-01-03,13.86,14.58,13.79,14.58,28002477,HPG
2023-01-04,14.73,15.0,14.62,14.7,20238379,HPG
2023-01-05,14.7,15.15,14.51,15.0,21514174,HPG
2023-01-06,14.92,15.23,14.55,14.7,19639432,HPG
2023-01-09,15.0,15.23,14.77,14.85,16192400,HPG
2023-01-10,14.85,15.23,14.55,15.0,26862967,HPG
2023-01-11,15.15,15.57,15.08,15.3,25723037,HPG
2023-01-12,15.23,15.34,15.08,15.19,20179348,HPG
2023-01-13,15.34,15.42,15.08,15.11,19181562,HPG
2023-01-16,15.15,15.64,15.11,15.34,22332412,HPG
2023-01-17,15.49,16.4,15.49,16.4,41612075,HPG
2023-01-18,16.67,16.7,16.33,16.44,25861024,HPG
2023-01-19,16.36,16.55,15.79,16.02,43951678,HPG
2023-01-27,15.91,16.33,15.79,16.29,26536613,HPG
2023-01-30,16.44,16.82,16.17,16.48,42356101,HPG
2023-01-31,16.59,16.74,16.44,16.74,28117407,HPG
2023-02-01,16.82,17.16,15.91,15.98,51921554,HPG
2023-02-02,16.06,16.44,15.98,16.14,25396828,HPG
2023-02-03,16.25,16.33,15.91,15.98,20963608,HPG
2023-02-06,15.98,16.02,15.57,16.02,22290665,HPG
2023-02-07,16.02,16.06,14.92,14.96,43400365,HPG
2023-02-08,14.96,15.98,14.96,15.79,33822546,HPG
2023-02-09,15.91,16.1,15.61,15.61,16349782,HPG
2023-02-10,15.68,15.76,15.26,15.53,15835857,HPG
2023-02-13,15.45,15.45,14.96,15.3,18750139,HPG
2023-02-14,15.38,15.83,15.34,15.61,17300348,HPG
2023-02-15,15.61,15.95,15.34,15.76,20082870,HPG
2023-02-16,15.87,16.21,15.61,16.14,23923522,HPG
2023-02-17,16.14,16.17,15.91,15.91,12294342,HPG
2023-02-20,15.91,16.59,15.91,16.59,24755857,HPG
2023-02-21,16.7,16.89,16.36,16.36,20653398,HPG
2023-02-22,16.21,16.74,16.06,16.06,32644751,HPG
2023-02-23,16.02,16.29,15.45,16.29,33600491,HPG
2023-02-24,16.29,16.29,15.64,15.76,14604476,HPG
2023-02-27,15.45,15.57,15.11,15.23,31325056,HPG
2023-02-28,15.49,15.53,15.08,15.15,15225174,HPG
2023-03-01,15.15,15.83,15.0,15.83,18627062,HPG
2023-03-02,15.91,15.98,15.61,15.61,8872489,HPG
2023-03-03,15.76,15.98,15.42,15.42,13614423,HPG
2023-03-06,15.64,15.79,15.45,15.45,11372148,HPG
2023-03-07,15.61,16.17,15.57,15.98,29332840,HPG
2023-03-08,15.83,16.06,15.76,16.06,16164479,HPG
2023-03-09,16.06,16.33,16.06,16.06,23283259,HPG
2023-03-10,16.02,16.25,15.91,16.14,22466284,HPG
2023-03-13,15.95,16.21,15.83,15.98,20936991,HPG
2023-03-14,15.95,15.98,15.3,15.38,30875738,HPG
2023-03-15,15.76,16.14,15.61,16.14,26788560,HPG
2023-03-16,15.91,15.98,15.53,15.79,30255725,HPG
2023-03-17,15.95,15.95,15.45,15.45,33964905,HPG
2023-03-20,15.45,15.61,15.15,15.15,22998039,HPG
2023-03-21,15.3,15.57,15.04,15.49,19069859,HPG
2023-03-22,15.57,15.61,15.26,15.38,12862864,HPG
2023-03-23,15.3,15.45,15.19,15.45,10748158,HPG
2023-03-24,15.49,15.53,15.38,15.45,13694808,HPG
2023-03-27,15.45,15.83,15.42,15.76,20275804,HPG
2023-03-28,15.83,15.91,15.68,15.68,12334554,HPG
2023-03-29,15.68,15.98,15.68,15.76,17949339,HPG
2023-03-30,15.91,16.02,15.72,15.76,20964474,HPG
2023-03-31,15.76,15.83,15.42,15.76,23777566,HPG
2023-04-03,15.95,15.98,15.79,15.91,21377967,HPG
2023-04-04,16.02,16.06,15.87,15.98,19873334,HPG
2023-04-05,15.98,16.29,15.87,16.29,25532123,HPG
2023-04-06,16.33,16.59,16.21,16.29,27853049,HPG
2023-04-07,16.29,16.36,15.98,16.06,18568535,HPG
2023-04-10,16.1,16.17,15.61,15.68,26557356,HPG
2023-04-11,15.68,15.79,15.61,15.76,14422264,HPG
2023-04-12,15.83,15.83,15.64,15.72,10644466,HPG
2023-04-13,15.76,15.76,15.42,15.49,14719996,HPG
2023-04-14,15.57,15.79,15.53,15.64,13612910,HPG
2023-04-17,15.61,15.83,15.61,15.79,9280313,HPG
2023-04-18,15.83,15.91,15.76,15.87,11576052,HPG
2023-04-19,15.95,15.95,15.76,15.76,10483969,HPG
2023-04-20,15.76,15.83,15.72,15.76,6553528,HPG
2023-04-21,15.76,15.79,15.68,15.68,11148137,HPG
2023-04-24,15.68,15.76,15.57,15.64,10579651,HPG
2023-04-25,15.76,16.1,15.68,15.95,18470293,HPG
2023-04-26,15.95,16.67,15.83,16.67,26830205,HPG
2023-04-27,16.67,16.67,16.36,16.44,17145094,HPG
2023-04-28,16.44,16.51,16.21,16.4,15758312,HPG
2023-05-04,16.25,16.36,16.06,16.14,16549829,HPG
2023-05-05,16.14,16.44,16.06,16.25,10793513,HPG
2023-05-08,16.33,16.48,16.25,16.36,10458125,HPG
2023-05-09,16.36,16.78,16.36,16.51,22423012,HPG
2023-05-10,16.51,16.59,16.4,16.44,8746008,HPG
2023-05-11,16.51,16.63,16.36,16.48,13648978,HPG
2023-05-12,16.48,17.04,16.36,16.93,45123846,HPG
2023-05-15,17.01,17.12,16.74,16.74,17703594,HPG
2023-05-16,16.74,16.89,16.59,16.67,17812801,HPG
2023-05-17,16.67,16.74,16.48,16.51,26005532,HPG
2023-05-18,16.59,16.82,16.51,16.63,18617797,HPG
2023-05-19,16.67,16.74,16.4,16.51,11520435,HPG
2023-05-22,16.51,16.74,16.48,16.59,14875470,HPG
2023-05-23,16.63,16.7,16.36,16.44,13626699,HPG
2023-05-24,16.59,16.59,16.14,16.14,20282151,HPG
2023-05-25,16.14,16.25,16.06,16.06,13265005,HPG
2023-05-26,16.14,16.21,15.79,15.98,16099796,HPG
2023-05-29,16.14,16.25,16.06,16.25,11099584,HPG
2023-05-30,16.29,16.36,16.1,16.17,13466138,HPG
2023-05-31,16.21,16.25,16.02,16.06,13094089,HPG
2023-06-01,16.02,16.21,15.95,16.21,10843625,HPG
2023-06-02,16.29,16.51,16.25,16.36,18876879,HPG
2023-06-05,16.51,16.7,16.36,16.4,20053288,HPG
2023-06-06,16.44,16.55,16.33,16.48,11807137,HPG
2023-06-07,16.67,17.27,16.67,17.12,55534195,HPG
2023-06-08,17.2,17.54,17.2,17.27,42538792,HPG
2023-06-09,17.27,17.35,17.04,17.35,23882045,HPG
2023-06-12,17.5,17.54,17.04,17.39,22228815,HPG
2023-06-13,17.42,17.76,17.35,17.73,36962266,HPG
2023-06-14,17.76,17.76,17.5,17.5,23485754,HPG
2023-06-15,17.42,17.61,17.42,17.54,17479766,HPG
2023-06-16,17.61,18.03,17.54,17.76,33028134,HPG
2023-06-19,17.76,17.8,17.65,17.69,13187994,HPG
2023-06-20,17.69,17.92,17.65,17.92,14615348,HPG
2023-06-21,17.95,18.67,17.8,18.64,35625023,HPG
2023-06-22,18.71,18.9,18.45,18.83,23051612,HPG
2023-06-23,18.83,19.36,18.75,19.24,29173843,HPG
2023-06-26,19.24,19.32,18.71,19.09,20413189,HPG
2023-06-27,19.2,19.54,19.01,19.54,19957295,HPG
2023-06-28,19.7,20.23,19.62,20.15,30336920,HPG
2023-06-29,20.19,20.23,19.54,19.54,36818245,HPG
2023-06-30,19.47,19.85,19.43,19.81,23081616,HPG
2023-07-03,19.85,20.04,19.62,19.85,17066212,HPG
2023-07-04,19.81,19.89,19.62,19.89,19737741,HPG
2023-07-05,20.0,20.61,19.89,20.42,31821993,HPG
2023-07-06,20.38,20.57,20.08,20.45,27624517,HPG
2023-07-07,20.38,20.79,20.08,20.79,22629342,HPG
2023-07-10,20.79,21.17,20.72,20.98,24286165,HPG
2023-07-11,21.06,21.25,20.64,20.68,24030294,HPG
2023-07-12,20.68,20.79,20.19,20.45,27776627,HPG
2023-07-13,20.83,20.83,20.38,20.49,14016102,HPG
2023-07-14,20.57,20.83,20.49,20.83,17089358,HPG
2023-07-17,20.98,21.02,20.61,20.68,12546558,HPG
2023-07-18,20.68,20.72,20.49,20.61,12410918,HPG
2023-07-19,20.53,20.98,20.49,20.76,15390616,HPG
2023-07-20,20.68,21.36,20.68,21.36,30882141,HPG
2023-07-21,21.48,21.51,21.29,21.51,18469427,HPG
2023-07-24,21.55,21.67,21.21,21.4,17177312,HPG
2023-07-25,21.4,21.48,21.21,21.4,20236835,HPG
2023-07-26,21.4,21.55,21.33,21.51,22877714,HPG
2023-07-27,21.51,21.74,21.29,21.51,21329428,HPG
2023-07-28,21.51,21.67,21.33,21.44,22714371,HPG
2023-07-31,21.36,21.4,20.72,21.36,45551883,HPG
2023-08-01,21.29,21.29,20.83,20.83,28023076,HPG
2023-08-02,20.76,21.1,20.64,20.83,18537961,HPG
2023-08-03,20.72,20.83,20.08,20.34,58051701,HPG
2023-08-04,20.3,20.83,20.3,20.72,22184255,HPG
2023-08-07,20.87,21.02,20.68,20.87,23106096,HPG
2023-08-08,20.91,21.14,20.57,20.61,25583863,HPG
2023-08-09,20.61,21.1,20.49,21.06,42678531,HPG
2023-08-10,21.14,21.14,20.68,20.72,17074796,HPG
2023-08-11,20.76,21.02,20.57,20.98,23393495,HPG
2023-08-14,21.06,21.48,20.95,21.33,44967169,HPG
2023-08-15,21.33,21.4,21.1,21.17,17950361,HPG
2023-08-16,21.17,21.21,20.95,21.17,15004683,HPG
2023-08-17,21.21,21.74,21.21,21.29,46626489,HPG
2023-08-18,21.14,21.21,19.85,20.08,46375518,HPG
2023-08-21,20.04,20.11,19.62,19.85,31459459,HPG
2023-08-22,19.85,19.96,19.01,19.81,35193240,HPG
2023-08-23,19.96,20.04,19.43,19.43,21785413,HPG
2023-08-24,19.43,19.92,19.39,19.92,16604349,HPG
2023-08-25,19.85,20.0,19.66,19.66,21857175,HPG
2023-08-28,19.7,20.34,19.7,20.34,22830709,HPG
2023-08-29,20.38,20.57,20.23,20.45,17980997,HPG
2023-08-30,20.45,20.64,20.26,20.61,20154472,HPG
2023-08-31,20.76,21.14,20.68,20.91,25946856,HPG
2023-09-05,21.06,21.17,20.64,21.06,24514770,HPG
2023-09-06,21.02,21.97,20.76,21.97,52603239,HPG
2023-09-07,21.97,22.2,21.59,21.7,33692821,HPG
2023-09-08,21.59,22.08,21.51,21.78,33810390,HPG
2023-09-11,21.97,22.01,21.02,21.21,47716515,HPG
2023-09-12,21.21,21.78,20.98,21.78,22627180,HPG
2023-09-13,21.82,22.27,21.4,21.51,49212652,HPG
2023-09-14,21.51,21.63,21.02,21.06,34694116,HPG
2023-09-15,21.14,21.29,20.91,20.91,24759459,HPG
2023-09-18,20.91,21.29,20.61,20.91,20904221,HPG
2023-09-19,21.21,21.33,20.83,21.33,21041176,HPG
2023-09-20,21.33,21.63,21.25,21.51,26611234,HPG
2023-09-21,21.51,22.04,21.33,21.51,42936550,HPG
2023-09-22,21.02,21.17,20.26,20.68,50601830,HPG
2023-09-25,20.45,20.83,19.47,19.7,36891233,HPG
2023-09-26,19.58,20.3,19.58,19.85,30849974,HPG
2023-09-27,19.81,20.23,19.81,20.08,20332879,HPG
2023-09-28,20.15,20.34,19.85,20.15,16571772,HPG
2023-09-29,20.3,20.34,19.89,19.92,15025050,HPG
2023-10-02,19.92,20.04,19.7,19.85,11421182,HPG
2023-10-03,19.77,19.77,18.71,18.79,40656275,HPG
2023-10-04,18.56,19.32,18.18,19.13,21101921,HPG
2023-10-05,19.24,19.32,18.83,18.86,10432613,HPG
2023-10-06,18.83,19.17,18.67,18.9,15257421,HPG
2023-10-09,18.9,19.39,18.9,19.32,11439444,HPG
2023-10-10,19.47,19.89,19.39,19.7,20013352,HPG
2023-10-11,19.81,19.89,19.54,19.85,13510293,HPG
2023-10-12,19.92,19.92,19.39,19.54,22066027,HPG
2023-10-13,19.39,19.51,18.98,19.51,19579926,HPG
2023-10-16,19.51,19.54,18.94,18.94,16214426,HPG
2023-10-17,19.09,19.28,18.79,18.79,14711646,HPG
2023-10-18,18.79,18.9,17.58,18.18,30941169,HPG
2023-10-19,18.26,18.33,17.76,17.95,20817862,HPG
2023-10-20,17.95,18.45,17.69,18.45,16376045,HPG
2023-10-23,18.45,18.45,17.95,18.18,11956440,HPG
2023-10-24,18.22,18.48,17.92,18.18,9719646,HPG
2023-10-25,18.22,18.64,18.22,18.22,12068922,HPG
2023-10-26,18.03,18.07,17.12,17.27,31049018,HPG
2023-10-27,17.61,17.8,17.31,17.69,15022932,HPG
2023-10-30,17.69,17.99,17.42,17.42,16180859,HPG
2023-10-31,17.8,17.8,17.35,17.42,20798250,HPG
2023-11-01,17.42,18.14,17.39,18.14,19151053,HPG
2023-11-02,18.33,19.39,18.26,19.13,26653194,HPG
2023-11-03,19.24,19.32,18.75,19.01,20508387,HPG
2023-11-06,19.2,19.62,19.09,19.51,20389981,HPG
2023-11-07,19.54,19.85,19.28,19.54,19872495,HPG
2023-11-08,19.54,20.42,19.39,20.42,34863736,HPG
2023-11-09,20.42,20.76,20.15,20.23,31376600,HPG
2023-11-10,20.0,20.53,19.96,20.08,28039532,HPG
2023-11-13,20.08,20.91,20.08,20.61,44016605,HPG
2023-11-14,20.76,20.83,20.23,20.45,23269182,HPG
2023-11-15,20.87,21.06,20.45,20.45,34627351,HPG
2023-11-16,20.34,20.61,20.3,20.61,16268486,HPG
2023-11-17,20.61,20.76,19.92,20.08,38545535,HPG
2023-11-20,19.77,20.38,19.77,20.19,18258656,HPG
2023-11-21,20.45,20.83,20.42,20.49,26712452,HPG
2023-11-22,20.45,20.61,20.38,20.61,17022639,HPG
2023-11-23,20.68,20.72,19.58,19.58,21692399,HPG
2023-11-24,19.7,20.0,19.36,20.0,26238500,HPG
2023-11-27,20.08,20.26,19.85,19.92,16731713,HPG
2023-11-28,20.0,20.23,19.73,20.23,18870086,HPG
2023-11-29,20.23,20.53,20.19,20.45,22512100,HPG
2023-11-30,20.53,20.61,20.11,20.11,21215143,HPG
2023-12-01,20.3,20.53,20.04,20.38,15407548,HPG
2023-12-04,20.61,21.02,20.49,20.83,42364507,HPG
2023-12-05,20.83,20.87,20.57,20.64,22519458,HPG
2023-12-06,20.64,20.91,20.61,20.91,18657441,HPG
2023-12-07,20.95,21.14,20.42,20.91,49444696,HPG
2023-12-08,21.06,21.4,20.83,20.98,52799031,HPG
2023-12-11,20.98,21.06,20.68,20.83,17852876,HPG
2023-12-12,20.83,21.36,20.83,21.17,31693150,HPG
2023-12-13,21.29,21.36,20.68,20.72,33356819,HPG
2023-12-14,20.87,20.87,20.49,20.49,31784558,HPG
2023-12-15,20.53,20.61,20.26,20.3,34693422,HPG
2023-12-18,20.38,20.45,20.15,20.15,14883440,HPG
2023-12-19,20.15,20.61,20.11,20.61,20502049,HPG
2023-12-20,20.61,20.72,20.53,20.61,17666787,HPG
2023-12-21,20.53,20.68,20.42,20.61,14312119,HPG
2023-12-22,20.61,20.72,20.49,20.49,17434981,HPG
2023-12-25,20.57,20.91,20.57,20.79,20414974,HPG
2023-12-26,20.76,21.14,20.76,21.06,33753533,HPG
2023-12-27,21.1,21.21,21.02,21.02,19860170,HPG
2023-12-28,21.02,21.36,20.95,21.17,31321948,HPG
2023-12-29,21.17,21.29,21.06,21.17,20475453,HPG
2024-01-02,21.29,21.33,20.79,20.79,22196509,HPG
2024-01-03,20.76,21.06,20.76,21.06,18581664,HPG
2024-01-04,21.06,21.29,20.98,21.02,38548706,HPG
2024-01-05,21.02,21.14,20.87,21.06,17340693,HPG
2024-01-08,21.17,21.4,21.1,21.1,31258576,HPG
2024-01-09,21.14,21.17,20.83,20.98,28631164,HPG
2024-01-10,20.98,21.02,20.64,20.72,32654545,HPG
2024-01-11,20.79,20.95,20.76,20.83,15271976,HPG
2024-01-12,20.72,20.79,20.49,20.57,28640291,HPG
2024-01-15,20.61,20.79,20.53,20.53,12506342,HPG
2024-01-16,20.53,21.06,20.49,21.06,19773999,HPG
2024-01-17,21.1,21.17,20.95,20.95,23419285,HPG
2024-01-18,20.98,21.1,20.91,20.95,12645044,HPG
2024-01-19,21.02,21.14,20.91,21.06,14866159,HPG
2024-01-22,21.21,21.7,21.1,21.44,66094584,HPG
2024-01-23,21.55,21.59,21.4,21.48,21686564,HPG
2024-01-24,21.44,21.59,21.4,21.4,16144379,HPG
2024-01-25,21.4,21.51,21.21,21.4,15234746,HPG
2024-01-26,21.51,21.59,21.4,21.48,14380956,HPG
2024-01-29,21.48,21.51,21.21,21.21,21583456,HPG
2024-01-30,21.21,21.29,21.1,21.21,17536929,HPG
2024-01-31,21.17,21.29,21.02,21.02,24464533,HPG
2024-02-01,21.02,21.29,20.98,21.1,10642909,HPG
2024-02-02,20.98,21.29,20.98,21.14,14168885,HPG
2024-02-05,21.14,21.44,21.14,21.21,16238284,HPG
2024-02-06,21.33,21.4,21.21,21.25,14667973,HPG
2024-02-07,21.25,21.44,21.25,21.33,13815720,HPG
2024-02-15,21.44,21.89,21.4,21.74,37002180,HPG
2024-02-16,21.78,21.82,21.67,21.67,16729914,HPG
2024-02-19,21.7,22.27,21.55,22.12,42298335,HPG
2024-02-20,22.12,22.23,22.01,22.12,21405084,HPG
2024-02-21,22.04,22.08,21.74,21.82,31597047,HPG
2024-02-22,21.74,21.82,21.63,21.63,22423703,HPG
2024-02-23,21.63,21.86,21.51,21.51,27315024,HPG
2024-02-26,21.51,21.82,21.44,21.82,19232263,HPG
2024-02-27,21.89,23.07,21.82,22.99,86882418,HPG
2024-02-28,23.03,23.45,22.84,23.18,35225601,HPG
2024-02-29,23.29,23.6,23.11,23.48,33602603,HPG
2024-03-01,23.64,23.64,23.22,23.37,26977136,HPG
2024-03-04,23.48,23.79,23.26,23.33,28600714,HPG
2024-03-05,23.33,23.71,23.26,23.6,29934805,HPG
2024-03-06,23.56,23.6,23.11,23.33,28078693,HPG
2024-03-07,23.26,23.75,23.18,23.48,32275896,HPG
2024-03-08,23.48,23.52,22.92,22.95,47338238,HPG
2024-03-11,22.95,23.18,22.58,22.65,30439370,HPG
2024-03-12,22.61,23.03,22.58,22.88,30148985,HPG
2024-03-13,22.88,23.37,22.8,23.33,29380668,HPG
2024-03-14,23.41,23.41,22.92,22.99,30792542,HPG
2024-03-15,22.99,23.26,22.73,22.8,35837317,HPG
2024-03-18,22.84,22.88,21.97,22.42,50128928,HPG
2024-03-19,22.35,23.18,22.27,22.58,26986377,HPG
2024-03-20,22.61,22.8,22.54,22.73,12979362,HPG
2024-03-21,22.99,23.14,22.8,22.92,19984496,HPG
2024-03-22,22.99,23.26,22.88,23.14,37402271,HPG
2024-03-25,23.14,23.45,22.76,22.88,21366246,HPG
2024-03-26,22.88,23.14,22.8,23.14,11986416,HPG
2024-03-27,23.41,23.56,23.18,23.18,24342964,HPG
2024-03-28,23.37,23.37,23.07,23.14,19124881,HPG
2024-03-29,23.18,23.18,22.92,22.92,14830426,HPG
2024-04-01,22.88,22.99,22.69,22.8,20772986,HPG
2024-04-02,22.65,23.03,22.58,23.03,26310579,HPG
2024-04-03,22.99,23.07,22.69,22.69,21500994,HPG
2024-04-04,22.69,22.76,22.39,22.42,26385240,HPG
2024-04-05,22.31,22.54,22.16,22.31,24030078,HPG
2024-04-08,22.31,22.58,22.2,22.42,16717695,HPG
2024-04-09,22.42,22.65,22.39,22.65,9846188,HPG
2024-04-10,22.69,22.8,22.46,22.46,11145329,HPG
2024-04-11,22.31,22.84,22.31,22.65,19255412,HPG
2024-04-12,22.73,22.8,22.61,22.69,13925121,HPG
2024-04-15,22.61,22.69,21.29,21.59,31131437,HPG
2024-04-16,21.59,21.63,21.1,21.48,33449847,HPG
2024-04-17,21.59,21.63,21.14,21.21,15597365,HPG
2024-04-19,21.06,21.48,20.83,21.06,26158064,HPG
2024-04-22,21.36,21.36,21.1,21.21,12398648,HPG
2024-04-23,21.21,21.25,20.79,20.91,18376759,HPG
2024-04-24,21.14,21.93,21.02,21.82,23062837,HPG
2024-04-25,21.74,21.74,21.44,21.63,11245215,HPG
2024-04-26,21.44,21.63,21.25,21.51,18314893,HPG
2024-05-02,21.51,21.51,21.25,21.48,7330111,HPG
2024-05-03,21.48,22.04,21.48,21.7,16725291,HPG
2024-05-06,21.86,22.23,21.82,22.2,27119741,HPG
2024-05-07,22.27,22.88,22.16,22.84,30152936,HPG
2024-05-08,22.84,23.48,22.54,23.26,34306978,HPG
2024-05-09,23.41,23.41,22.76,23.07,19434034,HPG
2024-05-10,23.18,23.22,22.69,23.07,18994649,HPG
2024-05-13,23.14,23.22,22.8,22.88,13182013,HPG
2024-05-14,23.03,23.26,22.8,22.88,15673953,HPG
2024-05-15,22.92,23.75,22.92,23.64,45136493,HPG
2024-05-16,23.94,24.13,23.83,23.94,27420436,HPG
2024-05-17,23.94,23.94,23.6,23.94,28657113,HPG
2024-05-20,23.98,24.36,23.94,24.24,46513904,HPG
2024-05-21,24.24,24.24,23.83,24.13,20879194,HPG
2024-05-22,24.13,24.2,23.6,23.71,39799786,HPG
2024-05-23,24.04,24.58,23.83,24.58,37896846,HPG
2024-05-24,24.42,24.58,23.75,24.08,30197105,HPG
2024-05-27,24.08,24.42,23.87,24.08,15778527,HPG
2024-05-28,24.17,24.33,24.0,24.29,17576389,HPG
2024-05-29,24.25,24.37,23.83,23.83,21619795,HPG
2024-05-30,23.75,23.79,23.33,23.54,27283359,HPG
2024-05-31,23.67,24.0,23.37,23.83,17748524,HPG
2024-06-03,24.0,24.25,24.0,24.17,20647812,HPG
2024-06-04,24.17,24.83,24.17,24.42,39674519,HPG
2024-06-05,24.42,24.58,24.25,24.37,19207537,HPG
2024-06-06,24.37,24.71,24.08,24.42,20837091,HPG
2024-06-07,24.46,24.5,24.25,24.42,14893390,HPG
2024-06-10,24.5,24.54,24.29,24.42,20270733,HPG
2024-06-11,24.5,24.71,24.21,24.25,27003982,HPG
2024-06-12,24.17,24.67,24.17,24.67,19295443,HPG
2024-06-13,24.71,24.75,24.42,24.58,20563088,HPG
2024-06-14,24.58,24.96,24.25,24.25,34310393,HPG
2024-06-17,24.25,24.96,24.17,24.54,34389484,HPG
2024-06-18,24.58,24.75,24.5,24.5,16545599,HPG
2024-06-19,24.58,24.62,24.37,24.46,19187496,HPG
2024-06-20,24.37,24.5,24.12,24.46,27788213,HPG
2024-06-21,24.46,24.46,24.17,24.21,14297102,HPG
2024-06-24,24.17,24.25,23.54,23.92,37872553,HPG
2024-06-25,23.83,24.21,23.75,23.92,16665373,HPG
2024-06-26,23.96,24.33,23.83,24.08,19757460,HPG
2024-06-27,24.17,24.21,23.92,24.04,10087714,HPG
2024-06-28,23.96,24.08,23.58,23.58,22218009,HPG
2024-07-01,23.58,23.75,23.37,23.62,13583269,HPG
2024-07-02,23.62,24.04,23.54,23.92,21287052,HPG
2024-07-03,24.17,24.25,23.92,23.96,17279452,HPG
2024-07-04,24.04,24.21,23.83,23.92,9370324,HPG
2024-07-05,23.92,24.12,23.83,23.87,12379504,HPG
2024-07-08,23.92,24.21,23.87,24.0,18453505,HPG
2024-07-09,24.0,24.33,23.96,24.17,22579018,HPG
2024-07-10,24.25,24.58,24.12,24.12,31001479,HPG
2024-07-11,24.29,24.37,24.04,24.04,14527557,HPG
2024-07-12,24.08,24.12,23.71,23.75,18069224,HPG
2024-07-15,23.79,23.96,23.5,23.71,16310035,HPG
2024-07-16,23.75,23.87,23.67,23.71,12341155,HPG
2024-07-17,23.79,23.83,23.0,23.5,25573686,HPG
2024-07-18,23.5,23.71,23.37,23.67,20492770,HPG
2024-07-19,23.67,23.67,23.5,23.5,11877885,HPG
2024-07-22,23.42,23.5,23.12,23.37,18424118,HPG
2024-07-23,23.37,23.5,23.17,23.17,15071448,HPG
2024-07-24,23.12,23.29,22.58,23.08,19254395,HPG
2024-07-25,23.0,23.04,22.75,22.79,13334622,HPG
2024-07-26,22.79,23.04,22.79,22.87,8818384,HPG
2024-07-29,23.04,23.42,23.0,23.25,15458145,HPG
2024-07-30,23.33,23.5,23.25,23.25,15553762,HPG
2024-07-31,23.25,23.25,22.58,22.67,24314481,HPG
2024-08-01,22.92,23.04,22.17,22.25,30510117,HPG
2024-08-02,22.21,22.75,22.08,22.71,17560447,HPG
2024-08-05,22.33,22.37,21.5,21.62,45645266,HPG
2024-08-06,21.71,22.04,21.54,21.92,19776551,HPG
2024-08-07,22.04,22.04,21.62,21.71,15426972,HPG
2024-08-08,21.62,21.75,21.29,21.33,21940263,HPG
2024-08-09,21.58,21.75,21.42,21.71,12134942,HPG
2024-08-12,21.71,21.75,21.42,21.54,12589646,HPG
2024-08-13,21.58,21.62,21.0,21.17,26271625,HPG
2024-08-14,21.25,21.42,21.08,21.21,13709893,HPG
2024-08-15,21.21,21.21,21.0,21.0,16250512,HPG
2024-08-16,21.0,21.42,20.83,21.33,36348653,HPG
2024-08-19,21.5,21.96,21.42,21.54,24443930,HPG
2024-08-20,21.67,21.83,21.5,21.5,20465987,HPG
2024-08-21,21.54,21.87,21.5,21.79,24826883,HPG
2024-08-22,21.83,21.87,21.42,21.46,24051112,HPG
2024-08-23,21.46,21.71,21.17,21.71,22423963,HPG
2024-08-26,21.79,22.0,21.62,21.67,21660542,HPG
2024-08-27,21.67,21.71,21.42,21.46,12463767,HPG
2024-08-28,21.54,21.62,21.37,21.42,18668043,HPG
2024-08-29,21.5,21.62,21.33,21.33,16174288,HPG
2024-08-30,21.42,21.46,21.25,21.25,17977045,HPG
2024-09-04,21.08,21.21,20.92,21.04,19080426,HPG
2024-09-05,21.12,21.12,20.83,20.87,22584753,HPG
2024-09-06,20.87,21.17,20.62,21.17,22872838,HPG
2024-09-09,21.17,21.83,21.08,21.33,32665005,HPG
2024-09-10,21.46,21.54,20.96,20.96,15034285,HPG
2024-09-11,20.96,21.29,20.87,21.12,14222396,HPG
2024-09-12,21.17,21.29,20.92,20.92,9046522,HPG
2024-09-13,20.96,21.08,20.83,20.83,12436961,HPG
2024-09-16,20.83,21.04,20.71,20.71,14586621,HPG
2024-09-17,20.75,21.04,20.67,21.04,13183955,HPG
2024-09-18,21.04,21.12,20.92,20.92,13246366,HPG
2024-09-19,21.08,21.25,21.0,21.04,13688336,HPG
2024-09-20,21.25,21.71,21.21,21.37,44610751,HPG
2024-09-23,21.5,21.75,21.42,21.42,15527107,HPG
2024-09-24,21.42,21.54,21.37,21.54,10658205,HPG
2024-09-25,21.75,22.0,21.71,21.83,41032922,HPG
2024-09-26,21.92,22.04,21.71,21.71,21761557,HPG
2024-09-27,21.79,21.92,21.58,21.71,30557451,HPG
2024-09-30,21.83,22.17,21.79,21.96,37445314,HPG
2024-10-01,22.33,22.5,22.21,22.29,37876498,HPG
2024-10-02,22.25,22.25,21.92,21.92,21303476,HPG
2024-10-03,22.04,22.21,21.75,21.83,26814467,HPG
2024-10-04,21.83,22.08,21.75,21.83,17564765,HPG
2024-10-07,22.0,22.08,21.83,22.0,12476892,HPG
2024-10-08,22.0,22.58,21.96,22.46,38191818,HPG
2024-10-09,22.62,22.92,22.54,22.92,41639882,HPG
2024-10-10,23.0,23.08,22.71,22.71,23844140,HPG
2024-10-11,22.79,22.87,22.5,22.75,15775481,HPG
2024-10-14,22.79,22.87,22.54,22.54,17989883,HPG
2024-10-15,22.83,22.87,22.62,22.62,20172673,HPG
2024-10-16,22.62,22.75,22.58,22.58,11638271,HPG
2024-10-17,22.62,22.71,22.29,22.71,20575549,HPG
2024-10-18,22.71,22.75,22.46,22.46,16254444,HPG
2024-10-21,22.46,22.54,22.25,22.29,13909844,HPG
2024-10-22,22.21,22.37,22.08,22.21,18330635,HPG
2024-10-23,22.21,22.25,21.96,22.04,13617216,HPG
2024-10-24,22.08,22.25,21.96,22.04,15908431,HPG
2024-10-25,22.17,22.21,22.04,22.04,9453996,HPG
2024-10-28,22.08,22.46,22.08,22.29,11941974,HPG
2024-10-29,22.33,22.62,22.25,22.54,15745226,HPG
2024-10-30,22.54,22.58,22.33,22.5,11074326,HPG
2024-10-31,22.54,22.54,22.33,22.42,13332393,HPG
2024-11-01,22.33,22.37,22.04,22.12,13212705,HPG
2024-11-04,22.12,22.12,21.79,21.92,18321430,HPG
2024-11-05,21.92,22.12,21.83,22.08,8102496,HPG
2024-11-06,22.21,22.62,22.12,22.46,21004956,HPG
2024-11-07,22.58,22.75,22.46,22.46,15996565,HPG
2024-11-08,22.67,22.92,22.5,22.5,24778767,HPG
2024-11-11,22.54,23.08,22.46,23.08,40900657,HPG
2024-11-12,23.12,23.25,22.75,22.92,23977950,HPG
2024-11-13,22.67,22.83,22.37,22.54,22299796,HPG
2024-11-14,22.54,22.58,21.92,21.92,26584281,HPG
2024-11-15,21.92,21.96,21.58,21.58,27622921,HPG
2024-11-18,21.67,21.71,21.25,21.5,20617517,HPG
2024-11-19,21.54,21.67,21.21,21.21,15855294,HPG
2024-11-20,21.17,21.67,21.04,21.33,22767490,HPG
2024-11-21,21.37,21.62,21.29,21.54,12784099,HPG
2024-11-22,21.58,21.87,21.54,21.75,17276669,HPG
2024-11-25,21.75,21.92,21.71,21.92,12839515,HPG
2024-11-26,21.92,22.08,21.83,21.96,13190635,HPG
2024-11-27,21.96,22.04,21.75,21.92,7974789,HPG
2024-11-28,22.04,22.29,21.92,22.0,14139732,HPG
2024-11-29,22.04,22.29,21.92,22.29,13886852,HPG
2024-12-02,22.46,22.62,22.29,22.42,18590525,HPG
2024-12-03,22.37,22.5,22.17,22.5,15823157,HPG
2024-12-04,22.37,22.37,22.21,22.25,12517041,HPG
2024-12-05,22.25,23.21,22.0,23.21,44772623,HPG
2024-12-06,23.21,23.25,22.92,23.0,23768664,HPG
2024-12-09,23.04,23.25,22.92,23.04,15967778,HPG
2024-12-10,23.08,23.5,23.0,23.25,32715496,HPG
2024-12-11,23.25,23.46,23.0,23.12,17045103,HPG
2024-12-12,23.12,23.25,22.79,22.92,20976380,HPG
2024-12-13,22.75,22.83,22.58,22.67,17278081,HPG
2024-12-16,22.67,22.79,22.37,22.5,16666364,HPG
2024-12-17,22.5,22.58,22.37,22.5,10816933,HPG
2024-12-18,22.5,22.79,22.46,22.79,12801871,HPG
2024-12-19,22.5,22.62,22.33,22.37,30343905,HPG
2024-12-20,22.37,22.46,22.25,22.25,13753770,HPG
2024-12-23,22.29,22.54,22.29,22.5,12907390,HPG
2024-12-24,22.42,22.42,22.17,22.25,13471873,HPG
2024-12-25,22.29,22.62,22.29,22.62,17153771,HPG
2024-12-26,22.62,22.67,22.37,22.5,9982189,HPG
2024-12-27,22.5,22.5,22.33,22.37,11397592,HPG
2024-12-30,22.33,22.37,22.21,22.29,12176491,HPG
2024-12-31,22.29,22.29,22.17,22.21,10258083,HPG
2025-01-02,22.25,22.54,22.25,22.5,14970526,HPG
2025-01-03,22.42,22.5,22.17,22.17,13208512,HPG
2025-01-06,22.17,22.25,21.71,21.71,15267581,HPG
2025-01-07,21.79,22.0,21.71,21.71,14414801,HPG
2025-01-08,21.71,21.87,21.62,21.87,12963197,HPG
2025-01-09,21.92,21.92,21.58,21.67,9252679,HPG
2025-01-10,21.67,21.75,21.29,21.29,14290074,HPG
2025-01-13,21.29,21.71,21.21,21.58,13586454,HPG
2025-01-14,21.62,21.67,21.5,21.54,7670367,HPG
2025-01-15,21.67,21.87,21.58,21.83,11228889,HPG
2025-01-16,21.92,22.04,21.71,21.92,11215124,HPG
2025-01-17,21.92,22.08,21.75,22.08,13956621,HPG
2025-01-20,22.08,22.29,22.04,22.04,9665010,HPG
2025-01-21,22.17,22.17,21.83,21.92,10429273,HPG
2025-01-22,22.0,22.0,21.79,21.79,10285189,HPG
2025-01-23,21.83,22.29,21.79,22.21,15800444,HPG
2025-01-24,22.21,22.21,22.04,22.12,10409008,HPG
2025-02-03,22.08,22.17,21.87,22.0,16987354,HPG
2025-02-04,22.08,22.5,22.04,22.37,17370750,HPG
2025-02-05,22.37,22.5,22.29,22.33,14477772,HPG
2025-02-06,22.33,22.46,22.29,22.33,13545529,HPG
2025-02-07,22.33,22.33,22.17,22.21,12556995,HPG
2025-02-10,22.08,22.08,21.17,21.17,61143342,HPG
2025-02-11,21.21,21.75,21.21,21.75,28914141,HPG
2025-02-12,21.83,21.83,21.54,21.54,13674965,HPG
2025-02-13,21.62,21.67,21.54,21.58,9507535,HPG
2025-02-14,21.75,21.92,21.67,21.75,18592795,HPG
2025-02-17,21.79,21.87,21.71,21.79,14380031,HPG
2025-02-18,21.96,22.17,21.92,22.12,24951942,HPG
2025-02-19,22.17,22.17,22.0,22.08,13664314,HPG
2025-02-20,22.12,22.17,22.08,22.12,11920169,HPG
2025-02-21,22.12,22.17,22.0,22.04,11076712,HPG
2025-02-24,23.58,23.58,22.96,23.08,73928603,HPG
2025-02-25,23.0,23.08,22.67,22.92,31597535,HPG
2025-02-26,23.0,23.29,22.96,23.12,31840327,HPG
2025-02-27,23.17,23.71,23.0,23.71,51151649,HPG
2025-02-28,23.67,23.67,23.29,23.33,24230428,HPG
2025-03-03,23.37,23.54,23.33,23.37,20678579,HPG
2025-03-04,23.37,23.37,23.04,23.21,27441800,HPG
2025-03-05,23.21,23.25,22.96,22.96,30401582,HPG
2025-03-06,23.0,23.29,23.0,23.29,36989136,HPG
2025-03-07,23.33,23.42,23.12,23.37,33148420,HPG
2025-03-10,23.42,23.5,23.29,23.29,23601359,HPG
2025-03-11,23.0,23.46,23.0,23.46,26105585,HPG
2025-03-12,23.5,23.5,23.17,23.17,20664501,HPG
2025-03-13,23.21,23.37,23.08,23.08,24826490,HPG
2025-03-14,23.08,23.21,22.96,22.96,18298151,HPG
2025-03-17,23.25,23.46,23.12,23.21,19738337,HPG
2025-03-18,23.25,23.37,23.0,23.0,18761045,HPG
2025-03-19,23.0,23.0,22.58,22.71,37953539,HPG
2025-03-20,22.75,22.87,22.54,22.62,25038597,HPG
2025-03-21,22.58,22.71,22.54,22.62,18921643,HPG
2025-03-24,22.62,22.71,22.42,22.62,16247689,HPG
2025-03-25,22.71,22.83,22.58,22.67,20115102,HPG
2025-03-26,22.67,23.29,22.62,22.96,43997569,HPG
2025-03-27,23.08,23.08,22.87,22.92,12023359,HPG
2025-03-28,22.87,22.92,22.58,22.62,17090800,HPG
2025-03-31,22.54,22.58,22.29,22.29,26565641,HPG
2025-04-01,22.33,22.54,22.29,22.5,14037535,HPG
2025-04-02,22.62,22.83,22.58,22.71,16797845,HPG
2025-04-03,21.5,22.04,21.12,21.12,80792245,HPG
2025-04-04,19.67,20.71,19.67,20.5,73222029,HPG
2025-04-08,19.58,20.0,19.08,19.08,35517471,HPG
2025-04-09,17.75,18.58,17.75,17.75,77212228,HPG
2025-04-10,18.96,18.96,18.96,18.96,3066909,HPG
2025-04-11,20.17,20.25,19.58,20.25,76305239,HPG
2025-04-14,20.67,21.46,20.62,21.12,51254525,HPG
2025-04-15,20.96,21.79,20.87,21.54,50611194,HPG
2025-04-16,21.58,21.67,20.87,21.25,25738379,HPG
2025-04-17,21.0,21.33,20.67,21.25,24465980,HPG
2025-04-18,21.37,21.46,21.21,21.21,20785143,HPG
2025-04-21,21.21,21.21,20.79,20.79,17327776,HPG
2025-04-22,20.67,20.92,19.5,20.87,47493704,HPG
2025-04-23,21.25,21.42,21.12,21.29,22246788,HPG
2025-04-24,21.42,21.42,21.0,21.33,17227712,HPG
2025-04-25,21.21,21.42,21.04,21.42,24864961,HPG
2025-04-28,21.42,21.42,21.12,21.37,9768183,HPG
2025-04-29,21.37,21.42,21.17,21.25,14478374,HPG
2025-05-05,21.37,21.46,21.12,21.42,12563050,HPG
2025-05-06,21.46,21.71,21.21,21.21,20963206,HPG
2025-05-07,21.12,21.25,21.12,21.17,11518736,HPG
2025-05-08,21.17,21.54,21.08,21.42,19907154,HPG
2025-05-09,21.42,21.46,21.25,21.37,11024723,HPG
2025-05-12,21.29,21.46,20.62,21.17,64778664,HPG
2025-05-13,21.33,21.67,21.33,21.5,20324199,HPG
2025-05-14,21.58,22.12,21.54,21.79,34103088,HPG
2025-05-15,21.83,21.83,21.54,21.79,22639684,HPG
2025-05-16,21.79,21.83,21.5,21.5,16827367,HPG
2025-05-19,21.46,21.62,21.29,21.37,15012607,HPG
2025-05-20,21.33,21.5,21.33,21.37,17464910,HPG
2025-05-21,21.46,21.75,21.37,21.46,20165788,HPG
2025-05-22,21.46,21.62,21.29,21.37,24383807,HPG
2025-05-23,21.46,21.54,21.29,21.33,11111572,HPG
2025-05-26,21.37,21.37,20.87,21.29,27453941,HPG
2025-05-27,21.29,21.79,21.29,21.29,26913678,HPG
2025-05-28,21.46,21.58,21.29,21.33,15622229,HPG
2025-05-29,21.42,21.5,21.25,21.29,16448281,HPG
2025-05-30,21.37,22.21,21.37,21.46,65014524,HPG
2025-06-02,21.33,21.37,21.12,21.29,21950524,HPG
2025-06-03,21.5,21.83,21.46,21.67,31062339,HPG
2025-06-04,21.75,22.0,21.62,21.62,25708828,HPG
2025-06-05,21.67,21.71,21.42,21.46,18808450,HPG
2025-06-06,21.71,22.08,21.58,21.71,42269983,HPG
2025-06-09,21.75,22.0,21.62,21.92,25004908,HPG
2025-06-10,22.08,22.37,21.83,21.83,29436635,HPG
2025-06-11,21.92,21.96,21.67,21.75,16564351,HPG
2025-06-12,21.79,22.58,21.79,22.33,52244579,HPG
2025-06-13,22.17,22.29,21.92,22.0,38795445,HPG
2025-06-16,21.96,22.5,21.96,22.29,29753708,HPG
2025-06-17,22.42,22.58,22.29,22.37,26645247,HPG
2025-06-18,22.42,22.67,22.33,22.62,31488496,HPG
2025-06-19,22.62,22.67,22.33,22.42,23431044,HPG
2025-06-20,22.5,22.58,22.37,22.5,23434378,HPG
2025-06-23,22.37,22.5,22.17,22.37,22214192,HPG
2025-06-24,22.54,22.67,22.46,22.5,27891516,HPG
2025-06-25,22.58,22.87,22.46,22.67,38667411,HPG
2025-06-26,23.05,23.15,22.75,22.8,38436669,HPG
2025-06-27,22.95,22.95,22.75,22.85,16501158,HPG
2025-06-30,22.9,22.95,22.7,22.7,19930857,HPG
2025-07-01,22.75,22.9,22.6,22.65,19796627,HPG
2025-07-02,22.65,22.9,22.55,22.9,18923070,HPG
2025-07-03,23.0,23.65,23.0,23.1,42563897,HPG
2025-07-04,23.15,23.25,23.1,23.25,19418237,HPG
2025-07-07,23.7,23.7,23.4,23.6,36030224,HPG
2025-07-08,23.65,24.8,23.55,24.7,77535019,HPG
2025-07-09,24.8,25.1,24.6,24.75,43462900,HPG
2025-07-10,24.85,25.2,24.55,25.15,85282300,HPG
2025-07-11,25.25,26.25,25.05,26.0,65285300,HPG
2025-07-14,26.2,26.45,25.55,25.75,49438500,HPG
2025-07-15,25.8,26.0,25.5,25.5,46507000,HPG
2025-07-16,25.45,26.2,25.4,26.1,45893600,HPG
2025-07-17,26.2,26.35,25.9,26.0,56229600,HPG
2025-07-18,26.0,26.1,25.75,25.9,40723400,HPG
2025-07-21,26.4,27.0,26.1,26.2,55773600,HPG
2025-07-22,26.15,26.45,26.0,26.45,31504400,HPG
2025-07-23,26.55,26.95,26.4,26.4,43124000,HPG
2025-07-24,26.4,26.45,25.9,26.0,51907400,HPG
2025-07-25,26.0,26.3,25.9,26.05,51078400,HPG
2025-07-28,26.1,26.85,26.0,26.35,99592800,HPG
2025-07-29,26.45,26.6,25.35,25.35,82604800,HPG
2025-07-30,25.6,25.75,25.1,25.4,50186000,HPG
2025-07-31,25.45,25.6,24.75,24.95,85332500,HPG
2025-08-01,24.85,25.3,24.8,25.15,50798600,HPG
2025-08-04,25.1,25.45,24.95,25.3,37058100,HPG
2025-08-05,25.45,27.05,25.45,26.4,215999100,HPG
2025-08-06,26.75,27.7,26.65,27.1,96174200,HPG
2025-08-07,27.35,28.55,27.0,28.5,139119300,HPG
2025-08-08,28.6,28.65,27.6,28.0,121062500,HPG
2025-08-11,28.15,28.45,27.8,28.15,67223000,HPG
2025-08-12,28.35,29.1,28.15,28.5,84195900,HPG
2025-08-13,28.55,28.6,27.85,28.1,79765000,HPG
2025-08-14,28.2,28.45,28.0,28.2,76049900,HPG
2025-08-15,28.45,28.8,27.85,28.0,107927600,HPG
2025-08-18,28.3,28.8,28.2,28.4,69044400,HPG
2025-08-19,28.6,28.7,28.1,28.15,63021900,HPG
2025-08-20,28.2,28.25,27.05,27.4,101007400,HPG
2025-08-21,27.45,27.8,27.3,27.4,69981700,HPG
2025-08-22,26.95,27.1,26.0,26.0,132314200,HPG
2025-08-25,26.5,26.75,25.85,25.95,68320100,HPG
2025-08-26,26.1,27.2,26.1,27.2,51986200,HPG
2025-08-27,27.25,27.25,26.75,26.75,85992500,HPG
2025-08-28,26.95,27.5,26.85,27.1,63166300,HPG
2025-08-29,27.2,27.85,27.05,27.5,81735200,HPG
2025-09-03,27.4,29.0,27.25,28.15,119138500,HPG
2025-09-04,28.45,29.9,28.35,29.85,141435100,HPG
2025-09-05,30.0,30.1,28.8,28.8,95256400,HPG
2025-09-08,28.7,29.75,28.65,28.9,141768400,HPG
2025-09-09,29.2,29.25,28.2,28.85,73861200,HPG
2025-09-10,28.85,29.2,28.4,28.85,52455800,HPG
2025-09-11,28.7,29.2,28.0,29.15,71781900,HPG
2025-09-12,29.2,30.1,29.15,30.0,104621000,HPG
2025-09-15,30.25,30.85,30.1,30.35,88920500,HPG
2025-09-16,30.55,30.55,29.75,29.95,66855600,HPG
2025-09-17,29.9,30.25,29.2,29.2,124424600,HPG
2025-09-18,29.35,29.4,28.6,29.15,75687000,HPG
2025-09-19,29.3,29.4,28.8,29.25,45024800,HPG
